# Blender 5.2.2 LTS
# www.blender.org
mtllib mountain_arena_shell.mtl
o Ground
v -53.919998 -0.465000 43.919998
v -53.919998 -0.385000 44.000000
v -54.000000 -0.385000 43.919998
v -53.919998 -0.441569 43.976566
v -53.966187 -0.431188 43.966187
v -53.976566 -0.385000 43.976566
v -53.976566 -0.441569 43.919998
v -53.919998 -0.095000 44.000000
v -53.919998 -0.015000 43.919998
v -54.000000 -0.095000 43.919998
v -53.919998 -0.038431 43.976566
v -53.966187 -0.048812 43.966187
v -53.976566 -0.038431 43.919998
v -53.976566 -0.095000 43.976566
v -53.919998 -0.465000 -43.919998
v -54.000000 -0.385000 -43.919998
v -53.919998 -0.385000 -44.000000
v -53.976566 -0.441569 -43.919998
v -53.966187 -0.431188 -43.966187
v -53.976566 -0.385000 -43.976566
v -53.919998 -0.441569 -43.976566
v -53.919998 -0.015000 -43.919998
v -53.919998 -0.095000 -44.000000
v -54.000000 -0.095000 -43.919998
v -53.919998 -0.038431 -43.976566
v -53.966187 -0.048812 -43.966187
v -53.976566 -0.095000 -43.976566
v -53.976566 -0.038431 -43.919998
v 53.919998 -0.465000 43.919998
v 54.000000 -0.385000 43.919998
v 53.919998 -0.385000 44.000000
v 53.976566 -0.441569 43.919998
v 53.966187 -0.431188 43.966187
v 53.976566 -0.385000 43.976566
v 53.919998 -0.441569 43.976566
v 53.919998 -0.015000 43.919998
v 53.919998 -0.095000 44.000000
v 54.000000 -0.095000 43.919998
v 53.919998 -0.038431 43.976566
v 53.966187 -0.048812 43.966187
v 53.976566 -0.095000 43.976566
v 53.976566 -0.038431 43.919998
v 53.919998 -0.465000 -43.919998
v 53.919998 -0.385000 -44.000000
v 54.000000 -0.385000 -43.919998
v 53.919998 -0.441569 -43.976566
v 53.966187 -0.431188 -43.966187
v 53.976566 -0.385000 -43.976566
v 53.976566 -0.441569 -43.919998
v 53.919998 -0.015000 -43.919998
v 54.000000 -0.095000 -43.919998
v 53.919998 -0.095000 -44.000000
v 53.976566 -0.038431 -43.919998
v 53.966187 -0.048812 -43.966187
v 53.976566 -0.095000 -43.976566
v 53.919998 -0.038431 -43.976566
vn -0.3672 -0.8865 0.2817
vn -0.2817 -0.3674 0.8864
vn -0.8864 -0.2817 0.3674
vn -0.3672 0.2817 0.8864
vn -0.2818 0.8865 0.3671
vn -0.8864 0.3672 0.2818
vn -0.2818 -0.8865 -0.3671
vn -0.8864 -0.3672 -0.2818
vn -0.3672 -0.2817 -0.8864
vn -0.3672 0.8865 -0.2817
vn -0.2817 0.3674 -0.8864
vn -0.8864 0.2817 -0.3674
vn 0.2818 -0.8865 0.3671
vn 0.8864 -0.3672 0.2818
vn 0.3672 -0.2817 0.8864
vn 0.3672 0.8865 0.2817
vn 0.2817 0.3674 0.8864
vn 0.8864 0.2817 0.3674
vn 0.3672 -0.8865 -0.2817
vn 0.2817 -0.3674 -0.8864
vn 0.8864 -0.2817 -0.3674
vn 0.2818 0.8865 -0.3671
vn 0.8864 0.3672 -0.2818
vn 0.3672 0.2817 -0.8864
vn -0.3827 -0.9239 -0.0000
vn -0.9239 -0.3827 -0.0000
vn -0.3827 -0.0000 0.9239
vn -0.9239 -0.0000 0.3825
vn -0.3827 0.9239 -0.0000
vn -0.9239 0.3827 -0.0000
vn -0.3827 -0.0000 -0.9239
vn -0.9239 -0.0000 -0.3825
vn -0.0000 -0.9239 -0.3827
vn -0.0000 -0.3827 -0.9239
vn -0.0000 0.9239 -0.3827
vn -0.0000 0.3827 -0.9239
vn 0.9238 -0.0000 -0.3828
vn 0.3827 -0.0000 -0.9239
vn 0.3827 -0.9239 -0.0000
vn 0.9239 -0.3827 -0.0000
vn 0.3827 0.9239 -0.0000
vn 0.9239 0.3827 -0.0000
vn 0.3827 -0.0000 0.9239
vn 0.9239 -0.0000 0.3825
vn -0.0000 -0.9239 0.3827
vn -0.0000 -0.3827 0.9239
vn -0.0000 0.9239 0.3827
vn -0.0000 0.3827 0.9239
vn -0.0000 -1.0000 -0.0000
vn -1.0000 -0.0000 -0.0000
vn -0.0000 -0.0000 1.0000
vn -0.0000 1.0000 -0.0000
vn -0.0000 -0.0000 -1.0000
vn 1.0000 -0.0000 -0.0000
vn -0.2818 -0.8865 0.3671
vn -0.3672 -0.2817 0.8864
vn -0.8865 -0.3672 0.2817
vn -0.2817 0.3674 0.8864
vn -0.3672 0.8865 0.2817
vn -0.8864 0.2817 0.3672
vn -0.3672 -0.8865 -0.2817
vn -0.8864 -0.2817 -0.3672
vn -0.2817 -0.3674 -0.8864
vn -0.2818 0.8865 -0.3671
vn -0.3672 0.2817 -0.8864
vn -0.8865 0.3672 -0.2817
vn 0.3672 -0.8865 0.2817
vn 0.8864 -0.2817 0.3672
vn 0.2817 -0.3674 0.8864
vn 0.2818 0.8865 0.3671
vn 0.3672 0.2817 0.8864
vn 0.8865 0.3672 0.2817
vn 0.2818 -0.8865 -0.3671
vn 0.3672 -0.2817 -0.8864
vn 0.8865 -0.3672 -0.2817
vn 0.3672 0.8865 -0.2817
vn 0.8864 0.2817 -0.3672
vn 0.2817 0.3674 -0.8864
vn -0.9238 -0.0000 0.3828
vn -0.9238 -0.0000 -0.3828
vn 0.9239 -0.0000 -0.3825
vn 0.9238 -0.0000 0.3828
s 0
usemtl Stone_Warm
f 1//1 5//1 7//1
f 2//2 5//2 4//2
f 3//3 5//3 6//3
f 8//4 12//4 14//4
f 9//5 12//5 11//5
f 10//6 12//6 13//6
f 15//7 19//7 21//7
f 16//8 19//8 18//8
f 17//9 19//9 20//9
f 22//10 26//10 28//10
f 23//11 26//11 25//11
f 24//12 26//12 27//12
f 29//13 33//13 35//13
f 30//14 33//14 32//14
f 31//15 33//15 34//15
f 36//16 40//16 42//16
f 37//17 40//17 39//17
f 38//18 40//18 41//18
f 43//19 47//19 49//19
f 44//20 47//20 46//20
f 45//21 47//21 48//21
f 50//22 54//22 56//22
f 51//23 54//23 53//23
f 52//24 54//24 55//24
f 1//25 18//25 15//25
f 7//26 16//26 18//26
f 8//27 6//27 2//27
f 14//28 3//28 6//28
f 22//29 13//29 9//29
f 28//30 10//30 13//30
f 17//31 27//31 23//31
f 20//32 24//32 27//32
f 15//33 46//33 43//33
f 21//34 44//34 46//34
f 50//35 25//35 22//35
f 56//36 23//36 25//36
f 45//37 55//37 51//37
f 48//38 52//38 55//38
f 43//39 32//39 29//39
f 49//40 30//40 32//40
f 36//41 53//41 50//41
f 42//42 51//42 53//42
f 31//43 41//43 37//43
f 34//44 38//44 41//44
f 29//45 4//45 1//45
f 35//46 2//46 4//46
f 9//47 39//47 36//47
f 11//48 37//48 39//48
f 43//49 1//49 15//49
f 10//50 16//50 3//50
f 37//51 2//51 31//51
f 22//52 36//52 50//52
f 23//53 44//53 17//53
f 51//54 30//54 45//54
f 1//55 4//55 5//55
f 2//56 6//56 5//56
f 3//57 7//57 5//57
f 8//58 11//58 12//58
f 9//59 13//59 12//59
f 10//60 14//60 12//60
f 15//61 18//61 19//61
f 16//62 20//62 19//62
f 17//63 21//63 19//63
f 22//64 25//64 26//64
f 23//65 27//65 26//65
f 24//66 28//66 26//66
f 29//67 32//67 33//67
f 30//68 34//68 33//68
f 31//69 35//69 33//69
f 36//70 39//70 40//70
f 37//71 41//71 40//71
f 38//72 42//72 40//72
f 43//73 46//73 47//73
f 44//74 48//74 47//74
f 45//75 49//75 47//75
f 50//76 53//76 54//76
f 51//77 55//77 54//77
f 52//78 56//78 54//78
f 1//25 7//25 18//25
f 7//26 3//26 16//26
f 8//27 14//27 6//27
f 14//79 10//79 3//79
f 22//29 28//29 13//29
f 28//30 24//30 10//30
f 17//31 20//31 27//31
f 20//80 16//80 24//80
f 15//33 21//33 46//33
f 21//34 17//34 44//34
f 50//35 56//35 25//35
f 56//36 52//36 23//36
f 45//81 48//81 55//81
f 48//38 44//38 52//38
f 43//39 49//39 32//39
f 49//40 45//40 30//40
f 36//41 42//41 53//41
f 42//42 38//42 51//42
f 31//43 34//43 41//43
f 34//82 30//82 38//82
f 29//45 35//45 4//45
f 35//46 31//46 2//46
f 9//47 11//47 39//47
f 11//48 8//48 37//48
f 43//49 29//49 1//49
f 10//50 24//50 16//50
f 37//51 8//51 2//51
f 22//52 9//52 36//52
f 23//53 52//53 44//53
f 51//54 38//54 30//54
o InnerCourt
v -36.974998 -0.010000 27.975000
v -36.974998 0.015000 28.000000
v -37.000000 0.015000 27.975000
v -36.974998 -0.002678 27.992676
v -36.989433 0.000566 27.989431
v -36.992676 0.015000 27.992676
v -36.992676 -0.002678 27.974998
v -36.974998 0.015000 28.000000
v -36.974998 0.040000 27.975000
v -37.000000 0.015000 27.975000
v -36.974998 0.032678 27.992676
v -36.989433 0.029434 27.989431
v -36.992676 0.032678 27.974998
v -36.992676 0.015000 27.992676
v -36.974998 -0.010000 -27.975000
v -37.000000 0.015000 -27.975000
v -36.974998 0.015000 -28.000000
v -36.992676 -0.002678 -27.974998
v -36.989433 0.000566 -27.989431
v -36.992676 0.015000 -27.992676
v -36.974998 -0.002678 -27.992676
v -36.974998 0.040000 -27.975000
v -36.974998 0.015000 -28.000000
v -37.000000 0.015000 -27.975000
v -36.974998 0.032678 -27.992676
v -36.989433 0.029434 -27.989431
v -36.992676 0.015000 -27.992676
v -36.992676 0.032678 -27.974998
v 36.974998 -0.010000 27.975000
v 37.000000 0.015000 27.975000
v 36.974998 0.015000 28.000000
v 36.992676 -0.002678 27.974998
v 36.989433 0.000566 27.989431
v 36.992676 0.015000 27.992676
v 36.974998 -0.002678 27.992676
v 36.974998 0.040000 27.975000
v 36.974998 0.015000 28.000000
v 37.000000 0.015000 27.975000
v 36.974998 0.032678 27.992676
v 36.989433 0.029434 27.989431
v 36.992676 0.015000 27.992676
v 36.992676 0.032678 27.974998
v 36.974998 -0.010000 -27.975000
v 36.974998 0.015000 -28.000000
v 37.000000 0.015000 -27.975000
v 36.974998 -0.002678 -27.992676
v 36.989433 0.000566 -27.989431
v 36.992676 0.015000 -27.992676
v 36.992676 -0.002678 -27.974998
v 36.974998 0.040000 -27.975000
v 37.000000 0.015000 -27.975000
v 36.974998 0.015000 -28.000000
v 36.992676 0.032678 -27.974998
v 36.989433 0.029434 -27.989431
v 36.992676 0.015000 -27.992676
v 36.974998 0.032678 -27.992676
vn -0.3672 -0.8865 0.2817
vn -0.2817 -0.3673 0.8864
vn -0.8865 -0.2818 0.3670
vn -0.3672 0.2816 0.8865
vn -0.2817 0.8864 0.3672
vn -0.8864 0.3673 0.2817
vn -0.2817 -0.8864 -0.3672
vn -0.8864 -0.3673 -0.2817
vn -0.3672 -0.2816 -0.8865
vn -0.3672 0.8865 -0.2817
vn -0.2817 0.3673 -0.8864
vn -0.8865 0.2818 -0.3670
vn 0.2817 -0.8864 0.3672
vn 0.8864 -0.3673 0.2817
vn 0.3672 -0.2816 0.8865
vn 0.3672 0.8865 0.2817
vn 0.2817 0.3673 0.8864
vn 0.8865 0.2818 0.3670
vn 0.3672 -0.8865 -0.2817
vn 0.2817 -0.3673 -0.8864
vn 0.8865 -0.2818 -0.3670
vn 0.2817 0.8864 -0.3672
vn 0.8864 0.3673 -0.2817
vn 0.3672 0.2816 -0.8865
vn -0.3827 -0.9239 -0.0000
vn -0.9238 -0.3828 -0.0000
vn -0.3828 -0.0000 0.9238
vn -0.9238 -0.0000 0.3828
vn -0.3827 0.9239 -0.0000
vn -0.9238 0.3828 -0.0000
vn -0.3828 -0.0000 -0.9238
vn -0.9238 -0.0000 -0.3828
vn -0.0000 -0.9239 -0.3827
vn -0.0000 -0.3827 -0.9239
vn -0.0000 0.9239 -0.3827
vn -0.0000 0.3827 -0.9239
vn 0.9238 -0.0000 -0.3828
vn 0.3828 -0.0000 -0.9238
vn 0.3827 -0.9239 -0.0000
vn 0.9238 -0.3828 -0.0000
vn 0.3827 0.9239 -0.0000
vn 0.9238 0.3828 -0.0000
vn 0.3828 -0.0000 0.9238
vn 0.9238 -0.0000 0.3828
vn -0.0000 -0.9239 0.3827
vn -0.0000 -0.3827 0.9239
vn -0.0000 0.9239 0.3827
vn -0.0000 0.3827 0.9239
vn -0.0000 -1.0000 -0.0000
vn -1.0000 -0.0000 -0.0000
vn -0.0000 -0.0000 1.0000
vn -0.0000 1.0000 -0.0000
vn -0.0000 -0.0000 -1.0000
vn 1.0000 -0.0000 -0.0000
vn -0.2817 -0.8864 0.3672
vn -0.3672 -0.2816 0.8865
vn -0.8864 -0.3673 0.2817
vn -0.2817 0.3673 0.8864
vn -0.3672 0.8865 0.2817
vn -0.8865 0.2818 0.3670
vn -0.3672 -0.8865 -0.2817
vn -0.8865 -0.2818 -0.3670
vn -0.2817 -0.3673 -0.8864
vn -0.2817 0.8864 -0.3672
vn -0.3672 0.2816 -0.8865
vn -0.8864 0.3673 -0.2817
vn 0.3672 -0.8865 0.2817
vn 0.8865 -0.2818 0.3670
vn 0.2817 -0.3673 0.8864
vn 0.2817 0.8864 0.3672
vn 0.3672 0.2816 0.8865
vn 0.8864 0.3673 0.2817
vn 0.2817 -0.8864 -0.3672
vn 0.3672 -0.2816 -0.8865
vn 0.8864 -0.3673 -0.2817
vn 0.3672 0.8865 -0.2817
vn 0.8865 0.2818 -0.3670
vn 0.2817 0.3673 -0.8864
s 0
usemtl Stone_Light
f 57//83 61//83 63//83
f 58//84 61//84 60//84
f 59//85 61//85 62//85
f 64//86 68//86 70//86
f 65//87 68//87 67//87
f 66//88 68//88 69//88
f 71//89 75//89 77//89
f 72//90 75//90 74//90
f 73//91 75//91 76//91
f 78//92 82//92 84//92
f 79//93 82//93 81//93
f 80//94 82//94 83//94
f 85//95 89//95 91//95
f 86//96 89//96 88//96
f 87//97 89//97 90//97
f 92//98 96//98 98//98
f 93//99 96//99 95//99
f 94//100 96//100 97//100
f 99//101 103//101 105//101
f 100//102 103//102 102//102
f 101//103 103//103 104//103
f 106//104 110//104 112//104
f 107//105 110//105 109//105
f 108//106 110//106 111//106
f 57//107 74//107 71//107
f 63//108 72//108 74//108
f 64//109 62//109 58//109
f 70//110 59//110 62//110
f 78//111 69//111 65//111
f 84//112 66//112 69//112
f 73//113 83//113 79//113
f 76//114 80//114 83//114
f 71//115 102//115 99//115
f 77//116 100//116 102//116
f 106//117 81//117 78//117
f 112//118 79//118 81//118
f 101//119 111//119 107//119
f 104//120 108//120 111//120
f 99//121 88//121 85//121
f 105//122 86//122 88//122
f 92//123 109//123 106//123
f 98//124 107//124 109//124
f 87//125 97//125 93//125
f 90//126 94//126 97//126
f 85//127 60//127 57//127
f 91//128 58//128 60//128
f 65//129 95//129 92//129
f 67//130 93//130 95//130
f 99//131 57//131 71//131
f 66//132 72//132 59//132
f 93//133 58//133 87//133
f 78//134 92//134 106//134
f 79//135 100//135 73//135
f 107//136 86//136 101//136
f 57//137 60//137 61//137
f 58//138 62//138 61//138
f 59//139 63//139 61//139
f 64//140 67//140 68//140
f 65//141 69//141 68//141
f 66//142 70//142 68//142
f 71//143 74//143 75//143
f 72//144 76//144 75//144
f 73//145 77//145 75//145
f 78//146 81//146 82//146
f 79//147 83//147 82//147
f 80//148 84//148 82//148
f 85//149 88//149 89//149
f 86//150 90//150 89//150
f 87//151 91//151 89//151
f 92//152 95//152 96//152
f 93//153 97//153 96//153
f 94//154 98//154 96//154
f 99//155 102//155 103//155
f 100//156 104//156 103//156
f 101//157 105//157 103//157
f 106//158 109//158 110//158
f 107//159 111//159 110//159
f 108//160 112//160 110//160
f 57//107 63//107 74//107
f 63//108 59//108 72//108
f 64//109 70//109 62//109
f 70//110 66//110 59//110
f 78//111 84//111 69//111
f 84//112 80//112 66//112
f 73//113 76//113 83//113
f 76//114 72//114 80//114
f 71//115 77//115 102//115
f 77//116 73//116 100//116
f 106//117 112//117 81//117
f 112//118 108//118 79//118
f 101//119 104//119 111//119
f 104//120 100//120 108//120
f 99//121 105//121 88//121
f 105//122 101//122 86//122
f 92//123 98//123 109//123
f 98//124 94//124 107//124
f 87//125 90//125 97//125
f 90//126 86//126 94//126
f 85//127 91//127 60//127
f 91//128 87//128 58//128
f 65//129 67//129 95//129
f 67//130 64//130 93//130
f 99//131 85//131 57//131
f 66//132 80//132 72//132
f 93//133 64//133 58//133
f 78//134 65//134 92//134
f 79//135 108//135 100//135
f 107//136 94//136 86//136
o CombatMedallion
v 0.000000 0.042500 -14.474987
v 0.000000 0.067500 -14.500000
v 0.000000 0.049822 -14.492674
v 0.000000 0.097500 -14.474987
v 0.000000 0.072500 -14.500000
v 0.000000 0.090178 -14.492674
v 0.946707 0.042500 -14.443995
v 0.948345 0.067500 -14.468955
v 0.947865 0.049822 -14.461644
v 0.946707 0.097500 -14.443995
v 0.948345 0.072500 -14.468955
v 0.947865 0.090178 -14.461644
v 1.889366 0.042500 -14.351151
v 1.892630 0.067500 -14.375951
v 1.891674 0.049822 -14.368688
v 1.889366 0.097500 -14.351151
v 1.892630 0.072500 -14.375951
v 1.891674 0.090178 -14.368688
v 2.823920 0.042500 -14.196855
v 2.828810 0.067500 -14.221386
v 2.827378 0.049822 -14.214200
v 2.823920 0.097500 -14.196855
v 2.828810 0.072500 -14.221386
v 2.827378 0.090178 -14.214200
v 3.746402 0.042500 -13.981763
v 3.752876 0.067500 -14.005924
v 3.750980 0.049822 -13.998847
v 3.746402 0.097500 -13.981763
v 3.752876 0.072500 -14.005924
v 3.750980 0.090178 -13.998847
v 4.652839 0.042500 -13.706799
v 4.660872 0.067500 -13.730487
v 4.658520 0.049822 -13.723549
v 4.652839 0.097500 -13.706799
v 4.660872 0.072500 -13.730487
v 4.658520 0.090178 -13.723549
v 5.539331 0.042500 -13.373146
v 5.548910 0.067500 -13.396253
v 5.546104 0.049822 -13.389484
v 5.539331 0.097500 -13.373146
v 5.548910 0.072500 -13.396253
v 5.546104 0.090178 -13.389484
v 6.402126 0.042500 -12.982220
v 6.413186 0.067500 -13.004655
v 6.409946 0.049822 -12.998083
v 6.402126 0.097500 -12.982220
v 6.413186 0.072500 -13.004655
v 6.409946 0.090178 -12.998083
v 7.237497 0.042500 -12.535704
v 7.250000 0.067500 -12.557368
v 7.246338 0.049822 -12.551023
v 7.237497 0.097500 -12.535704
v 7.250000 0.072500 -12.557368
v 7.246338 0.090178 -12.551023
v 8.041874 0.042500 -12.035510
v 8.055769 0.067500 -12.056309
v 8.051700 0.049822 -12.050218
v 8.041874 0.097500 -12.035510
v 8.055769 0.072500 -12.056309
v 8.051700 0.090178 -12.050218
v 8.811810 0.042500 -11.483781
v 8.827041 0.067500 -11.503623
v 8.822580 0.049822 -11.497811
v 8.811810 0.097500 -11.483781
v 8.827041 0.072500 -11.503623
v 8.822580 0.090178 -11.497811
v 9.544021 0.042500 -10.882873
v 9.560515 0.067500 -10.901676
v 9.555684 0.049822 -10.896169
v 9.544021 0.097500 -10.882873
v 9.560515 0.072500 -10.901676
v 9.555684 0.090178 -10.896169
v 10.235361 0.042500 -10.235361
v 10.253048 0.067500 -10.253048
v 10.247868 0.049822 -10.247868
v 10.235361 0.097500 -10.235361
v 10.253048 0.072500 -10.253048
v 10.247868 0.090178 -10.247868
v 10.882873 0.042500 -9.544021
v 10.901676 0.067500 -9.560515
v 10.896169 0.049822 -9.555684
v 10.882873 0.097500 -9.544021
v 10.901676 0.072500 -9.560515
v 10.896169 0.090178 -9.555684
v 11.483781 0.042500 -8.811810
v 11.503623 0.067500 -8.827041
v 11.497811 0.049822 -8.822580
v 11.483781 0.097500 -8.811810
v 11.503623 0.072500 -8.827041
v 11.497811 0.090178 -8.822580
v 12.035510 0.042500 -8.041874
v 12.056309 0.067500 -8.055769
v 12.050218 0.049822 -8.051700
v 12.035510 0.097500 -8.041874
v 12.056309 0.072500 -8.055769
v 12.050218 0.090178 -8.051700
v 12.535704 0.042500 -7.237497
v 12.557368 0.067500 -7.250000
v 12.551023 0.049822 -7.246338
v 12.535704 0.097500 -7.237497
v 12.557368 0.072500 -7.250000
v 12.551023 0.090178 -7.246338
v 12.982220 0.042500 -6.402126
v 13.004655 0.067500 -6.413186
v 12.998083 0.049822 -6.409946
v 12.982220 0.097500 -6.402126
v 13.004655 0.072500 -6.413186
v 12.998083 0.090178 -6.409946
v 13.373146 0.042500 -5.539331
v 13.396253 0.067500 -5.548910
v 13.389484 0.049822 -5.546104
v 13.373146 0.097500 -5.539331
v 13.396253 0.072500 -5.548910
v 13.389484 0.090178 -5.546104
v 13.706799 0.042500 -4.652839
v 13.730487 0.067500 -4.660872
v 13.723549 0.049822 -4.658520
v 13.706799 0.097500 -4.652839
v 13.730487 0.072500 -4.660872
v 13.723549 0.090178 -4.658520
v 13.981763 0.042500 -3.746402
v 14.005924 0.067500 -3.752876
v 13.998847 0.049822 -3.750980
v 13.981763 0.097500 -3.746402
v 14.005924 0.072500 -3.752876
v 13.998847 0.090178 -3.750980
v 14.196855 0.042500 -2.823920
v 14.221386 0.067500 -2.828810
v 14.214200 0.049822 -2.827378
v 14.196855 0.097500 -2.823920
v 14.221386 0.072500 -2.828810
v 14.214200 0.090178 -2.827378
v 14.351151 0.042500 -1.889366
v 14.375951 0.067500 -1.892630
v 14.368688 0.049822 -1.891674
v 14.351151 0.097500 -1.889366
v 14.375951 0.072500 -1.892630
v 14.368688 0.090178 -1.891674
v 14.443995 0.042500 -0.946707
v 14.468955 0.067500 -0.948345
v 14.461644 0.049822 -0.947865
v 14.443995 0.097500 -0.946707
v 14.468955 0.072500 -0.948345
v 14.461644 0.090178 -0.947865
v 14.474987 0.042500 0.000000
v 14.500000 0.067500 0.000000
v 14.492674 0.049822 0.000000
v 14.474987 0.097500 0.000000
v 14.500000 0.072500 0.000000
v 14.492674 0.090178 0.000000
v 14.443995 0.042500 0.946707
v 14.468955 0.067500 0.948345
v 14.461644 0.049822 0.947865
v 14.443995 0.097500 0.946707
v 14.468955 0.072500 0.948345
v 14.461644 0.090178 0.947865
v 14.351151 0.042500 1.889366
v 14.375951 0.067500 1.892630
v 14.368688 0.049822 1.891674
v 14.351151 0.097500 1.889366
v 14.375951 0.072500 1.892630
v 14.368688 0.090178 1.891674
v 14.196855 0.042500 2.823920
v 14.221386 0.067500 2.828810
v 14.214200 0.049822 2.827378
v 14.196855 0.097500 2.823920
v 14.221386 0.072500 2.828810
v 14.214200 0.090178 2.827378
v 13.981763 0.042500 3.746402
v 14.005924 0.067500 3.752876
v 13.998847 0.049822 3.750980
v 13.981763 0.097500 3.746402
v 14.005924 0.072500 3.752876
v 13.998847 0.090178 3.750980
v 13.706799 0.042500 4.652839
v 13.730487 0.067500 4.660872
v 13.723549 0.049822 4.658520
v 13.706799 0.097500 4.652839
v 13.730487 0.072500 4.660872
v 13.723549 0.090178 4.658520
v 13.373146 0.042500 5.539331
v 13.396253 0.067500 5.548910
v 13.389484 0.049822 5.546104
v 13.373146 0.097500 5.539331
v 13.396253 0.072500 5.548910
v 13.389484 0.090178 5.546104
v 12.982220 0.042500 6.402126
v 13.004655 0.067500 6.413186
v 12.998083 0.049822 6.409946
v 12.982220 0.097500 6.402126
v 13.004655 0.072500 6.413186
v 12.998083 0.090178 6.409946
v 12.535704 0.042500 7.237497
v 12.557368 0.067500 7.250000
v 12.551023 0.049822 7.246338
v 12.535704 0.097500 7.237497
v 12.557368 0.072500 7.250000
v 12.551023 0.090178 7.246338
v 12.035510 0.042500 8.041874
v 12.056309 0.067500 8.055769
v 12.050218 0.049822 8.051700
v 12.035510 0.097500 8.041874
v 12.056309 0.072500 8.055769
v 12.050218 0.090178 8.051700
v 11.483781 0.042500 8.811810
v 11.503623 0.067500 8.827041
v 11.497811 0.049822 8.822580
v 11.483781 0.097500 8.811810
v 11.503623 0.072500 8.827041
v 11.497811 0.090178 8.822580
v 10.882873 0.042500 9.544021
v 10.901676 0.067500 9.560515
v 10.896169 0.049822 9.555684
v 10.882873 0.097500 9.544021
v 10.901676 0.072500 9.560515
v 10.896169 0.090178 9.555684
v 10.235361 0.042500 10.235361
v 10.253048 0.067500 10.253048
v 10.247868 0.049822 10.247868
v 10.235361 0.097500 10.235361
v 10.253048 0.072500 10.253048
v 10.247868 0.090178 10.247868
v 9.544021 0.042500 10.882873
v 9.560515 0.067500 10.901676
v 9.555684 0.049822 10.896169
v 9.544021 0.097500 10.882873
v 9.560515 0.072500 10.901676
v 9.555684 0.090178 10.896169
v 8.811810 0.042500 11.483781
v 8.827041 0.067500 11.503623
v 8.822580 0.049822 11.497811
v 8.811810 0.097500 11.483781
v 8.827041 0.072500 11.503623
v 8.822580 0.090178 11.497811
v 8.041874 0.042500 12.035510
v 8.055769 0.067500 12.056309
v 8.051700 0.049822 12.050218
v 8.041874 0.097500 12.035510
v 8.055769 0.072500 12.056309
v 8.051700 0.090178 12.050218
v 7.237497 0.042500 12.535704
v 7.250000 0.067500 12.557368
v 7.246338 0.049822 12.551023
v 7.237497 0.097500 12.535704
v 7.250000 0.072500 12.557368
v 7.246338 0.090178 12.551023
v 6.402126 0.042500 12.982220
v 6.413186 0.067500 13.004655
v 6.409946 0.049822 12.998083
v 6.402126 0.097500 12.982220
v 6.413186 0.072500 13.004655
v 6.409946 0.090178 12.998083
v 5.539331 0.042500 13.373146
v 5.548910 0.067500 13.396253
v 5.546104 0.049822 13.389484
v 5.539331 0.097500 13.373146
v 5.548910 0.072500 13.396253
v 5.546104 0.090178 13.389484
v 4.652839 0.042500 13.706799
v 4.660872 0.067500 13.730487
v 4.658520 0.049822 13.723549
v 4.652839 0.097500 13.706799
v 4.660872 0.072500 13.730487
v 4.658520 0.090178 13.723549
v 3.746402 0.042500 13.981763
v 3.752876 0.067500 14.005924
v 3.750980 0.049822 13.998847
v 3.746402 0.097500 13.981763
v 3.752876 0.072500 14.005924
v 3.750980 0.090178 13.998847
v 2.823920 0.042500 14.196855
v 2.828810 0.067500 14.221386
v 2.827378 0.049822 14.214200
v 2.823920 0.097500 14.196855
v 2.828810 0.072500 14.221386
v 2.827378 0.090178 14.214200
v 1.889366 0.042500 14.351151
v 1.892630 0.067500 14.375951
v 1.891674 0.049822 14.368688
v 1.889366 0.097500 14.351151
v 1.892630 0.072500 14.375951
v 1.891674 0.090178 14.368688
v 0.946707 0.042500 14.443995
v 0.948345 0.067500 14.468955
v 0.947865 0.049822 14.461644
v 0.946707 0.097500 14.443995
v 0.948345 0.072500 14.468955
v 0.947865 0.090178 14.461644
v 0.000000 0.042500 14.474987
v 0.000000 0.067500 14.500000
v 0.000000 0.049822 14.492674
v 0.000000 0.097500 14.474987
v 0.000000 0.072500 14.500000
v 0.000000 0.090178 14.492674
v -0.946707 0.042500 14.443995
v -0.948345 0.067500 14.468955
v -0.947865 0.049822 14.461644
v -0.946707 0.097500 14.443995
v -0.948345 0.072500 14.468955
v -0.947865 0.090178 14.461644
v -1.889366 0.042500 14.351151
v -1.892630 0.067500 14.375951
v -1.891674 0.049822 14.368688
v -1.889366 0.097500 14.351151
v -1.892630 0.072500 14.375951
v -1.891674 0.090178 14.368688
v -2.823920 0.042500 14.196855
v -2.828810 0.067500 14.221386
v -2.827378 0.049822 14.214200
v -2.823920 0.097500 14.196855
v -2.828810 0.072500 14.221386
v -2.827378 0.090178 14.214200
v -3.746402 0.042500 13.981763
v -3.752876 0.067500 14.005924
v -3.750980 0.049822 13.998847
v -3.746402 0.097500 13.981763
v -3.752876 0.072500 14.005924
v -3.750980 0.090178 13.998847
v -4.652839 0.042500 13.706799
v -4.660872 0.067500 13.730487
v -4.658520 0.049822 13.723549
v -4.652839 0.097500 13.706799
v -4.660872 0.072500 13.730487
v -4.658520 0.090178 13.723549
v -5.539331 0.042500 13.373146
v -5.548910 0.067500 13.396253
v -5.546104 0.049822 13.389484
v -5.539331 0.097500 13.373146
v -5.548910 0.072500 13.396253
v -5.546104 0.090178 13.389484
v -6.402126 0.042500 12.982220
v -6.413186 0.067500 13.004655
v -6.409946 0.049822 12.998083
v -6.402126 0.097500 12.982220
v -6.413186 0.072500 13.004655
v -6.409946 0.090178 12.998083
v -7.237497 0.042500 12.535704
v -7.250000 0.067500 12.557368
v -7.246338 0.049822 12.551023
v -7.237497 0.097500 12.535704
v -7.250000 0.072500 12.557368
v -7.246338 0.090178 12.551023
v -8.041874 0.042500 12.035510
v -8.055769 0.067500 12.056309
v -8.051700 0.049822 12.050218
v -8.041874 0.097500 12.035510
v -8.055769 0.072500 12.056309
v -8.051700 0.090178 12.050218
v -8.811810 0.042500 11.483781
v -8.827041 0.067500 11.503623
v -8.822580 0.049822 11.497811
v -8.811810 0.097500 11.483781
v -8.827041 0.072500 11.503623
v -8.822580 0.090178 11.497811
v -9.544021 0.042500 10.882873
v -9.560515 0.067500 10.901676
v -9.555684 0.049822 10.896169
v -9.544021 0.097500 10.882873
v -9.560515 0.072500 10.901676
v -9.555684 0.090178 10.896169
v -10.235361 0.042500 10.235361
v -10.253048 0.067500 10.253048
v -10.247868 0.049822 10.247868
v -10.235361 0.097500 10.235361
v -10.253048 0.072500 10.253048
v -10.247868 0.090178 10.247868
v -10.882873 0.042500 9.544021
v -10.901676 0.067500 9.560515
v -10.896169 0.049822 9.555684
v -10.882873 0.097500 9.544021
v -10.901676 0.072500 9.560515
v -10.896169 0.090178 9.555684
v -11.483781 0.042500 8.811810
v -11.503623 0.067500 8.827041
v -11.497811 0.049822 8.822580
v -11.483781 0.097500 8.811810
v -11.503623 0.072500 8.827041
v -11.497811 0.090178 8.822580
v -12.035510 0.042500 8.041874
v -12.056309 0.067500 8.055769
v -12.050218 0.049822 8.051700
v -12.035510 0.097500 8.041874
v -12.056309 0.072500 8.055769
v -12.050218 0.090178 8.051700
v -12.535704 0.042500 7.237497
v -12.557368 0.067500 7.250000
v -12.551023 0.049822 7.246338
v -12.535704 0.097500 7.237497
v -12.557368 0.072500 7.250000
v -12.551023 0.090178 7.246338
v -12.982220 0.042500 6.402126
v -13.004655 0.067500 6.413186
v -12.998083 0.049822 6.409946
v -12.982220 0.097500 6.402126
v -13.004655 0.072500 6.413186
v -12.998083 0.090178 6.409946
v -13.373146 0.042500 5.539331
v -13.396253 0.067500 5.548910
v -13.389484 0.049822 5.546104
v -13.373146 0.097500 5.539331
v -13.396253 0.072500 5.548910
v -13.389484 0.090178 5.546104
v -13.706799 0.042500 4.652839
v -13.730487 0.067500 4.660872
v -13.723549 0.049822 4.658520
v -13.706799 0.097500 4.652839
v -13.730487 0.072500 4.660872
v -13.723549 0.090178 4.658520
v -13.981763 0.042500 3.746402
v -14.005924 0.067500 3.752876
v -13.998847 0.049822 3.750980
v -13.981763 0.097500 3.746402
v -14.005924 0.072500 3.752876
v -13.998847 0.090178 3.750980
v -14.196855 0.042500 2.823920
v -14.221386 0.067500 2.828810
v -14.214200 0.049822 2.827378
v -14.196855 0.097500 2.823920
v -14.221386 0.072500 2.828810
v -14.214200 0.090178 2.827378
v -14.351151 0.042500 1.889366
v -14.375951 0.067500 1.892630
v -14.368688 0.049822 1.891674
v -14.351151 0.097500 1.889366
v -14.375951 0.072500 1.892630
v -14.368688 0.090178 1.891674
v -14.443995 0.042500 0.946707
v -14.468955 0.067500 0.948345
v -14.461644 0.049822 0.947865
v -14.443995 0.097500 0.946707
v -14.468955 0.072500 0.948345
v -14.461644 0.090178 0.947865
v -14.474987 0.042500 0.000000
v -14.500000 0.067500 0.000000
v -14.492674 0.049822 0.000000
v -14.474987 0.097500 0.000000
v -14.500000 0.072500 0.000000
v -14.492674 0.090178 0.000000
v -14.443995 0.042500 -0.946707
v -14.468955 0.067500 -0.948345
v -14.461644 0.049822 -0.947865
v -14.443995 0.097500 -0.946707
v -14.468955 0.072500 -0.948345
v -14.461644 0.090178 -0.947865
v -14.351151 0.042500 -1.889366
v -14.375951 0.067500 -1.892630
v -14.368688 0.049822 -1.891674
v -14.351151 0.097500 -1.889366
v -14.375951 0.072500 -1.892630
v -14.368688 0.090178 -1.891674
v -14.196855 0.042500 -2.823920
v -14.221386 0.067500 -2.828810
v -14.214200 0.049822 -2.827378
v -14.196855 0.097500 -2.823920
v -14.221386 0.072500 -2.828810
v -14.214200 0.090178 -2.827378
v -13.981763 0.042500 -3.746402
v -14.005924 0.067500 -3.752876
v -13.998847 0.049822 -3.750980
v -13.981763 0.097500 -3.746402
v -14.005924 0.072500 -3.752876
v -13.998847 0.090178 -3.750980
v -13.706799 0.042500 -4.652839
v -13.730487 0.067500 -4.660872
v -13.723549 0.049822 -4.658520
v -13.706799 0.097500 -4.652839
v -13.730487 0.072500 -4.660872
v -13.723549 0.090178 -4.658520
v -13.373146 0.042500 -5.539331
v -13.396253 0.067500 -5.548910
v -13.389484 0.049822 -5.546104
v -13.373146 0.097500 -5.539331
v -13.396253 0.072500 -5.548910
v -13.389484 0.090178 -5.546104
v -12.982220 0.042500 -6.402126
v -13.004655 0.067500 -6.413186
v -12.998083 0.049822 -6.409946
v -12.982220 0.097500 -6.402126
v -13.004655 0.072500 -6.413186
v -12.998083 0.090178 -6.409946
v -12.535704 0.042500 -7.237497
v -12.557368 0.067500 -7.250000
v -12.551023 0.049822 -7.246338
v -12.535704 0.097500 -7.237497
v -12.557368 0.072500 -7.250000
v -12.551023 0.090178 -7.246338
v -12.035510 0.042500 -8.041874
v -12.056309 0.067500 -8.055769
v -12.050218 0.049822 -8.051700
v -12.035510 0.097500 -8.041874
v -12.056309 0.072500 -8.055769
v -12.050218 0.090178 -8.051700
v -11.483781 0.042500 -8.811810
v -11.503623 0.067500 -8.827041
v -11.497811 0.049822 -8.822580
v -11.483781 0.097500 -8.811810
v -11.503623 0.072500 -8.827041
v -11.497811 0.090178 -8.822580
v -10.882873 0.042500 -9.544021
v -10.901676 0.067500 -9.560515
v -10.896169 0.049822 -9.555684
v -10.882873 0.097500 -9.544021
v -10.901676 0.072500 -9.560515
v -10.896169 0.090178 -9.555684
v -10.235361 0.042500 -10.235361
v -10.253048 0.067500 -10.253048
v -10.247868 0.049822 -10.247868
v -10.235361 0.097500 -10.235361
v -10.253048 0.072500 -10.253048
v -10.247868 0.090178 -10.247868
v -9.544021 0.042500 -10.882873
v -9.560515 0.067500 -10.901676
v -9.555684 0.049822 -10.896169
v -9.544021 0.097500 -10.882873
v -9.560515 0.072500 -10.901676
v -9.555684 0.090178 -10.896169
v -8.811810 0.042500 -11.483781
v -8.827041 0.067500 -11.503623
v -8.822580 0.049822 -11.497811
v -8.811810 0.097500 -11.483781
v -8.827041 0.072500 -11.503623
v -8.822580 0.090178 -11.497811
v -8.041874 0.042500 -12.035510
v -8.055769 0.067500 -12.056309
v -8.051700 0.049822 -12.050218
v -8.041874 0.097500 -12.035510
v -8.055769 0.072500 -12.056309
v -8.051700 0.090178 -12.050218
v -7.237497 0.042500 -12.535704
v -7.250000 0.067500 -12.557368
v -7.246338 0.049822 -12.551023
v -7.237497 0.097500 -12.535704
v -7.250000 0.072500 -12.557368
v -7.246338 0.090178 -12.551023
v -6.402126 0.042500 -12.982220
v -6.413186 0.067500 -13.004655
v -6.409946 0.049822 -12.998083
v -6.402126 0.097500 -12.982220
v -6.413186 0.072500 -13.004655
v -6.409946 0.090178 -12.998083
v -5.539331 0.042500 -13.373146
v -5.548910 0.067500 -13.396253
v -5.546104 0.049822 -13.389484
v -5.539331 0.097500 -13.373146
v -5.548910 0.072500 -13.396253
v -5.546104 0.090178 -13.389484
v -4.652839 0.042500 -13.706799
v -4.660872 0.067500 -13.730487
v -4.658520 0.049822 -13.723549
v -4.652839 0.097500 -13.706799
v -4.660872 0.072500 -13.730487
v -4.658520 0.090178 -13.723549
v -3.746402 0.042500 -13.981763
v -3.752876 0.067500 -14.005924
v -3.750980 0.049822 -13.998847
v -3.746402 0.097500 -13.981763
v -3.752876 0.072500 -14.005924
v -3.750980 0.090178 -13.998847
v -2.823920 0.042500 -14.196855
v -2.828810 0.067500 -14.221386
v -2.827378 0.049822 -14.214200
v -2.823920 0.097500 -14.196855
v -2.828810 0.072500 -14.221386
v -2.827378 0.090178 -14.214200
v -1.889366 0.042500 -14.351151
v -1.892630 0.067500 -14.375951
v -1.891674 0.049822 -14.368688
v -1.889366 0.097500 -14.351151
v -1.892630 0.072500 -14.375951
v -1.891674 0.090178 -14.368688
v -0.946707 0.042500 -14.443995
v -0.948345 0.067500 -14.468955
v -0.947865 0.049822 -14.461644
v -0.946707 0.097500 -14.443995
v -0.948345 0.072500 -14.468955
v -0.947865 0.090178 -14.461644
vn 0.0302 -0.3826 -0.9234
vn 0.0125 -0.9239 -0.3825
vn 0.0302 0.3828 -0.9234
vn 0.0125 0.9239 -0.3825
vn 0.0906 -0.3827 -0.9194
vn 0.0375 -0.9239 -0.3808
vn 0.0906 0.3827 -0.9194
vn 0.0375 0.9239 -0.3808
vn 0.1505 -0.3827 -0.9115
vn 0.0623 -0.9239 -0.3776
vn 0.1505 0.3828 -0.9115
vn 0.0623 0.9239 -0.3776
vn 0.2098 -0.3828 -0.8997
vn 0.0869 -0.9239 -0.3727
vn 0.2098 0.3826 -0.8998
vn 0.0869 0.9239 -0.3727
vn 0.2682 -0.3828 -0.8841
vn 0.1111 -0.9239 -0.3662
vn 0.2682 0.3826 -0.8841
vn 0.1111 0.9239 -0.3662
vn 0.3254 -0.3828 -0.8646
vn 0.1348 -0.9239 -0.3582
vn 0.3254 0.3826 -0.8647
vn 0.1348 0.9239 -0.3582
vn 0.3813 -0.3828 -0.8415
vn 0.1579 -0.9239 -0.3486
vn 0.3813 0.3827 -0.8415
vn 0.1580 0.9239 -0.3486
vn 0.4355 -0.3828 -0.8148
vn 0.1804 -0.9239 -0.3375
vn 0.4355 0.3826 -0.8148
vn 0.1804 0.9239 -0.3375
vn 0.4879 -0.3827 -0.7845
vn 0.2021 -0.9239 -0.3250
vn 0.4879 0.3826 -0.7846
vn 0.2021 0.9239 -0.3249
vn 0.5381 -0.3827 -0.7510
vn 0.2229 -0.9239 -0.3111
vn 0.5381 0.3827 -0.7510
vn 0.2229 0.9239 -0.3110
vn 0.5861 -0.3827 -0.7142
vn 0.2427 -0.9239 -0.2958
vn 0.5861 0.3827 -0.7142
vn 0.2428 0.9239 -0.2958
vn 0.6316 -0.3827 -0.6743
vn 0.2616 -0.9239 -0.2793
vn 0.6316 0.3827 -0.6743
vn 0.2616 0.9239 -0.2793
vn 0.6743 -0.3827 -0.6316
vn 0.2793 -0.9239 -0.2616
vn 0.6743 0.3827 -0.6315
vn 0.2793 0.9239 -0.2616
vn 0.7142 -0.3827 -0.5861
vn 0.2958 -0.9239 -0.2428
vn 0.7142 0.3826 -0.5861
vn 0.2958 0.9239 -0.2428
vn 0.7510 -0.3827 -0.5381
vn 0.3111 -0.9239 -0.2229
vn 0.7510 0.3827 -0.5381
vn 0.3110 0.9239 -0.2229
vn 0.7846 -0.3827 -0.4879
vn 0.3250 -0.9239 -0.2021
vn 0.7846 0.3827 -0.4879
vn 0.3250 0.9239 -0.2021
vn 0.8148 -0.3827 -0.4355
vn 0.3375 -0.9239 -0.1804
vn 0.8148 0.3827 -0.4355
vn 0.3375 0.9239 -0.1804
vn 0.8415 -0.3827 -0.3813
vn 0.3486 -0.9239 -0.1579
vn 0.8415 0.3827 -0.3813
vn 0.3486 0.9239 -0.1579
vn 0.8647 -0.3827 -0.3254
vn 0.3582 -0.9239 -0.1348
vn 0.8647 0.3827 -0.3254
vn 0.3582 0.9239 -0.1348
vn 0.8841 -0.3827 -0.2682
vn 0.3662 -0.9239 -0.1111
vn 0.8841 0.3827 -0.2682
vn 0.3662 0.9239 -0.1111
vn 0.8997 -0.3827 -0.2098
vn 0.3727 -0.9239 -0.0869
vn 0.8997 0.3827 -0.2098
vn 0.3727 0.9239 -0.0869
vn 0.9115 -0.3827 -0.1505
vn 0.3776 -0.9239 -0.0623
vn 0.9115 0.3827 -0.1505
vn 0.3776 0.9239 -0.0623
vn 0.9194 -0.3827 -0.0906
vn 0.3808 -0.9239 -0.0375
vn 0.9194 0.3827 -0.0906
vn 0.3808 0.9239 -0.0375
vn 0.9234 -0.3827 -0.0302
vn 0.3825 -0.9239 -0.0125
vn 0.9234 0.3827 -0.0302
vn 0.3825 0.9239 -0.0125
vn 0.9234 -0.3827 0.0302
vn 0.3825 -0.9239 0.0125
vn 0.9234 0.3827 0.0302
vn 0.3825 0.9239 0.0125
vn 0.9194 -0.3827 0.0906
vn 0.3808 -0.9239 0.0375
vn 0.9194 0.3827 0.0906
vn 0.3808 0.9239 0.0375
vn 0.9115 -0.3827 0.1505
vn 0.3776 -0.9239 0.0623
vn 0.9115 0.3827 0.1505
vn 0.3776 0.9239 0.0623
vn 0.8997 -0.3827 0.2098
vn 0.3727 -0.9239 0.0869
vn 0.8997 0.3827 0.2098
vn 0.3727 0.9239 0.0869
vn 0.8841 -0.3827 0.2682
vn 0.3662 -0.9239 0.1111
vn 0.8841 0.3827 0.2682
vn 0.3662 0.9239 0.1111
vn 0.8647 -0.3827 0.3254
vn 0.3582 -0.9239 0.1348
vn 0.8647 0.3827 0.3254
vn 0.3582 0.9239 0.1348
vn 0.8415 -0.3827 0.3813
vn 0.3486 -0.9239 0.1579
vn 0.8415 0.3827 0.3813
vn 0.3486 0.9239 0.1579
vn 0.8148 -0.3827 0.4355
vn 0.3375 -0.9239 0.1804
vn 0.8148 0.3827 0.4355
vn 0.3375 0.9239 0.1804
vn 0.7846 -0.3827 0.4879
vn 0.3250 -0.9239 0.2021
vn 0.7846 0.3827 0.4879
vn 0.3250 0.9239 0.2021
vn 0.7510 -0.3827 0.5381
vn 0.3110 -0.9239 0.2229
vn 0.7510 0.3827 0.5381
vn 0.3111 0.9239 0.2229
vn 0.7142 -0.3826 0.5861
vn 0.2958 -0.9239 0.2428
vn 0.7142 0.3827 0.5861
vn 0.2958 0.9239 0.2428
vn 0.6743 -0.3827 0.6315
vn 0.2793 -0.9239 0.2616
vn 0.6743 0.3827 0.6316
vn 0.2793 0.9239 0.2616
vn 0.6316 -0.3827 0.6743
vn 0.2616 -0.9239 0.2793
vn 0.6316 0.3827 0.6743
vn 0.2616 0.9239 0.2793
vn 0.5861 -0.3827 0.7142
vn 0.2428 -0.9239 0.2958
vn 0.5861 0.3827 0.7142
vn 0.2427 0.9239 0.2958
vn 0.5381 -0.3827 0.7510
vn 0.2229 -0.9239 0.3110
vn 0.5381 0.3827 0.7510
vn 0.2229 0.9239 0.3111
vn 0.4879 -0.3826 0.7846
vn 0.2021 -0.9239 0.3249
vn 0.4879 0.3827 0.7845
vn 0.2021 0.9239 0.3250
vn 0.4355 -0.3826 0.8148
vn 0.1804 -0.9239 0.3375
vn 0.4355 0.3828 0.8148
vn 0.1804 0.9239 0.3375
vn 0.3813 -0.3827 0.8415
vn 0.1580 -0.9239 0.3486
vn 0.3813 0.3828 0.8415
vn 0.1579 0.9239 0.3486
vn 0.3254 -0.3826 0.8647
vn 0.1348 -0.9239 0.3582
vn 0.3254 0.3828 0.8646
vn 0.1348 0.9239 0.3582
vn 0.2682 -0.3826 0.8841
vn 0.1111 -0.9239 0.3662
vn 0.2682 0.3828 0.8841
vn 0.1111 0.9239 0.3662
vn 0.2098 -0.3826 0.8998
vn 0.0869 -0.9239 0.3727
vn 0.2098 0.3828 0.8997
vn 0.0869 0.9239 0.3727
vn 0.1505 -0.3828 0.9115
vn 0.0623 -0.9239 0.3776
vn 0.1505 0.3827 0.9115
vn 0.0623 0.9239 0.3776
vn 0.0906 -0.3827 0.9194
vn 0.0375 -0.9239 0.3808
vn 0.0906 0.3827 0.9194
vn 0.0375 0.9239 0.3808
vn 0.0302 -0.3828 0.9234
vn 0.0125 -0.9239 0.3825
vn 0.0302 0.3826 0.9234
vn 0.0125 0.9239 0.3825
vn -0.0302 -0.3826 0.9234
vn -0.0125 -0.9239 0.3825
vn -0.0302 0.3828 0.9234
vn -0.0125 0.9239 0.3825
vn -0.0906 -0.3827 0.9194
vn -0.0375 -0.9239 0.3808
vn -0.0906 0.3827 0.9194
vn -0.0375 0.9239 0.3808
vn -0.1505 -0.3827 0.9115
vn -0.0623 -0.9239 0.3776
vn -0.1505 0.3828 0.9115
vn -0.0623 0.9239 0.3776
vn -0.2098 -0.3828 0.8997
vn -0.0869 -0.9239 0.3727
vn -0.2098 0.3826 0.8998
vn -0.0869 0.9239 0.3727
vn -0.2682 -0.3828 0.8841
vn -0.1111 -0.9239 0.3662
vn -0.2682 0.3826 0.8841
vn -0.1111 0.9239 0.3662
vn -0.3254 -0.3828 0.8646
vn -0.1348 -0.9239 0.3582
vn -0.3254 0.3826 0.8647
vn -0.1348 0.9239 0.3582
vn -0.3813 -0.3828 0.8415
vn -0.1579 -0.9239 0.3486
vn -0.3813 0.3827 0.8415
vn -0.1580 0.9239 0.3486
vn -0.4355 -0.3828 0.8148
vn -0.1804 -0.9239 0.3375
vn -0.4355 0.3826 0.8148
vn -0.1804 0.9239 0.3375
vn -0.4879 -0.3827 0.7845
vn -0.2021 -0.9239 0.3250
vn -0.4879 0.3826 0.7846
vn -0.2021 0.9239 0.3249
vn -0.5381 -0.3827 0.7510
vn -0.2229 -0.9239 0.3111
vn -0.5381 0.3827 0.7510
vn -0.2229 0.9239 0.3110
vn -0.5861 -0.3827 0.7142
vn -0.2427 -0.9239 0.2958
vn -0.5861 0.3827 0.7142
vn -0.2428 0.9239 0.2958
vn -0.6316 -0.3827 0.6743
vn -0.2616 -0.9239 0.2793
vn -0.6316 0.3827 0.6743
vn -0.2616 0.9239 0.2793
vn -0.6743 -0.3827 0.6316
vn -0.2793 -0.9239 0.2616
vn -0.6743 0.3827 0.6315
vn -0.2793 0.9239 0.2616
vn -0.7142 -0.3827 0.5861
vn -0.2958 -0.9239 0.2428
vn -0.7142 0.3826 0.5861
vn -0.2958 0.9239 0.2428
vn -0.7510 -0.3827 0.5381
vn -0.3111 -0.9239 0.2229
vn -0.7510 0.3827 0.5381
vn -0.3110 0.9239 0.2229
vn -0.7846 -0.3827 0.4879
vn -0.3250 -0.9239 0.2021
vn -0.7846 0.3827 0.4879
vn -0.3250 0.9239 0.2021
vn -0.8148 -0.3827 0.4355
vn -0.3375 -0.9239 0.1804
vn -0.8148 0.3827 0.4355
vn -0.3375 0.9239 0.1804
vn -0.8415 -0.3827 0.3813
vn -0.3486 -0.9239 0.1579
vn -0.8415 0.3827 0.3813
vn -0.3486 0.9239 0.1579
vn -0.8647 -0.3827 0.3254
vn -0.3582 -0.9239 0.1348
vn -0.8647 0.3827 0.3254
vn -0.3582 0.9239 0.1348
vn -0.8841 -0.3827 0.2682
vn -0.3662 -0.9239 0.1111
vn -0.8841 0.3827 0.2682
vn -0.3662 0.9239 0.1111
vn -0.8997 -0.3827 0.2098
vn -0.3727 -0.9239 0.0869
vn -0.8997 0.3827 0.2098
vn -0.3727 0.9239 0.0869
vn -0.9115 -0.3827 0.1505
vn -0.3776 -0.9239 0.0623
vn -0.9115 0.3827 0.1505
vn -0.3776 0.9239 0.0623
vn -0.9194 -0.3827 0.0906
vn -0.3808 -0.9239 0.0375
vn -0.9194 0.3827 0.0906
vn -0.3808 0.9239 0.0375
vn -0.9234 -0.3827 0.0302
vn -0.3825 -0.9239 0.0125
vn -0.9234 0.3827 0.0302
vn -0.3825 0.9239 0.0125
vn -0.9234 -0.3827 -0.0302
vn -0.3825 -0.9239 -0.0125
vn -0.9234 0.3827 -0.0302
vn -0.3825 0.9239 -0.0125
vn -0.9194 -0.3827 -0.0906
vn -0.3808 -0.9239 -0.0375
vn -0.9194 0.3827 -0.0906
vn -0.3808 0.9239 -0.0375
vn -0.9115 -0.3827 -0.1505
vn -0.3776 -0.9239 -0.0623
vn -0.9115 0.3827 -0.1505
vn -0.3776 0.9239 -0.0623
vn -0.8997 -0.3827 -0.2098
vn -0.3727 -0.9239 -0.0869
vn -0.8997 0.3827 -0.2098
vn -0.3727 0.9239 -0.0869
vn -0.8841 -0.3827 -0.2682
vn -0.3662 -0.9239 -0.1111
vn -0.8841 0.3827 -0.2682
vn -0.3662 0.9239 -0.1111
vn -0.8647 -0.3827 -0.3254
vn -0.3582 -0.9239 -0.1348
vn -0.8647 0.3827 -0.3254
vn -0.3582 0.9239 -0.1348
vn -0.8415 -0.3827 -0.3813
vn -0.3486 -0.9239 -0.1579
vn -0.8415 0.3827 -0.3813
vn -0.3486 0.9239 -0.1579
vn -0.8148 -0.3827 -0.4355
vn -0.3375 -0.9239 -0.1804
vn -0.8148 0.3827 -0.4355
vn -0.3375 0.9239 -0.1804
vn -0.7846 -0.3827 -0.4879
vn -0.3250 -0.9239 -0.2021
vn -0.7846 0.3827 -0.4879
vn -0.3250 0.9239 -0.2021
vn -0.7510 -0.3827 -0.5381
vn -0.3110 -0.9239 -0.2229
vn -0.7510 0.3827 -0.5381
vn -0.3111 0.9239 -0.2229
vn -0.7142 -0.3826 -0.5861
vn -0.2958 -0.9239 -0.2428
vn -0.7142 0.3827 -0.5861
vn -0.2958 0.9239 -0.2428
vn -0.6743 -0.3827 -0.6315
vn -0.2793 -0.9239 -0.2616
vn -0.6743 0.3827 -0.6316
vn -0.2793 0.9239 -0.2616
vn -0.6316 -0.3827 -0.6743
vn -0.2616 -0.9239 -0.2793
vn -0.6316 0.3827 -0.6743
vn -0.2616 0.9239 -0.2793
vn -0.5861 -0.3827 -0.7142
vn -0.2428 -0.9239 -0.2958
vn -0.5861 0.3827 -0.7142
vn -0.2427 0.9239 -0.2958
vn -0.5381 -0.3827 -0.7510
vn -0.2229 -0.9239 -0.3110
vn -0.5381 0.3827 -0.7510
vn -0.2229 0.9239 -0.3111
vn -0.4879 -0.3826 -0.7846
vn -0.2021 -0.9239 -0.3249
vn -0.4879 0.3827 -0.7845
vn -0.2021 0.9239 -0.3250
vn -0.4355 -0.3826 -0.8148
vn -0.1804 -0.9239 -0.3375
vn -0.4355 0.3828 -0.8148
vn -0.1804 0.9239 -0.3375
vn -0.3813 -0.3827 -0.8415
vn -0.1580 -0.9239 -0.3486
vn -0.3813 0.3828 -0.8415
vn -0.1579 0.9239 -0.3486
vn -0.3254 -0.3826 -0.8647
vn -0.1348 -0.9239 -0.3582
vn -0.3254 0.3828 -0.8646
vn -0.1348 0.9239 -0.3582
vn -0.2682 -0.3826 -0.8841
vn -0.1111 -0.9239 -0.3662
vn -0.2682 0.3828 -0.8841
vn -0.1111 0.9239 -0.3662
vn -0.2098 -0.3826 -0.8998
vn -0.0869 -0.9239 -0.3727
vn -0.2098 0.3828 -0.8997
vn -0.0869 0.9239 -0.3727
vn -0.1505 -0.3828 -0.9115
vn -0.0623 -0.9239 -0.3776
vn -0.1505 0.3827 -0.9115
vn -0.0623 0.9239 -0.3776
vn -0.0906 -0.3827 -0.9194
vn -0.0375 -0.9239 -0.3808
vn -0.0906 0.3827 -0.9194
vn -0.0375 0.9239 -0.3808
vn -0.0302 -0.3828 -0.9234
vn -0.0125 -0.9239 -0.3825
vn -0.0302 0.3826 -0.9234
vn -0.0125 0.9239 -0.3825
vn -0.0000 -1.0000 -0.0000
vn 0.0327 -0.0000 -0.9995
vn -0.0327 -0.0000 -0.9995
vn -0.0000 1.0000 -0.0000
vn 0.0980 -0.0000 -0.9952
vn 0.1629 -0.0000 -0.9866
vn 0.2271 -0.0000 -0.9739
vn 0.2903 -0.0000 -0.9569
vn 0.3523 -0.0000 -0.9359
vn 0.4127 -0.0000 -0.9109
vn 0.4714 -0.0000 -0.8819
vn 0.5281 -0.0000 -0.8492
vn 0.5825 -0.0000 -0.8128
vn 0.6344 -0.0000 -0.7730
vn 0.6836 -0.0000 -0.7299
vn 0.7299 -0.0000 -0.6836
vn 0.7730 -0.0000 -0.6344
vn 0.8128 -0.0000 -0.5825
vn 0.8492 -0.0000 -0.5281
vn 0.8819 -0.0000 -0.4714
vn 0.9109 -0.0000 -0.4127
vn 0.9359 -0.0000 -0.3522
vn 0.9569 -0.0000 -0.2903
vn 0.9739 -0.0000 -0.2271
vn 0.9866 -0.0000 -0.1629
vn 0.9952 -0.0000 -0.0980
vn 0.9995 -0.0000 -0.0327
vn 0.9995 -0.0000 0.0327
vn 0.9952 -0.0000 0.0980
vn 0.9866 -0.0000 0.1629
vn 0.9739 -0.0000 0.2271
vn 0.9569 -0.0000 0.2903
vn 0.9359 -0.0000 0.3523
vn 0.9109 -0.0000 0.4127
vn 0.8819 -0.0000 0.4714
vn 0.8492 -0.0000 0.5281
vn 0.8128 -0.0000 0.5825
vn 0.7730 -0.0000 0.6344
vn 0.7299 -0.0000 0.6836
vn 0.6836 -0.0000 0.7299
vn 0.6344 -0.0000 0.7730
vn 0.5825 -0.0000 0.8128
vn 0.5281 -0.0000 0.8492
vn 0.4714 -0.0000 0.8819
vn 0.4127 -0.0000 0.9109
vn 0.3523 -0.0000 0.9359
vn 0.2903 -0.0000 0.9569
vn 0.2271 -0.0000 0.9739
vn 0.1629 -0.0000 0.9866
vn 0.0980 -0.0000 0.9952
vn 0.0327 -0.0000 0.9995
vn -0.0327 -0.0000 0.9995
vn -0.0980 -0.0000 0.9952
vn -0.1629 -0.0000 0.9866
vn -0.2271 -0.0000 0.9739
vn -0.2903 -0.0000 0.9569
vn -0.3523 -0.0000 0.9359
vn -0.4127 -0.0000 0.9109
vn -0.4714 -0.0000 0.8819
vn -0.5281 -0.0000 0.8492
vn -0.5825 -0.0000 0.8128
vn -0.6344 -0.0000 0.7730
vn -0.6836 -0.0000 0.7299
vn -0.7299 -0.0000 0.6836
vn -0.7730 -0.0000 0.6344
vn -0.8128 -0.0000 0.5825
vn -0.8492 -0.0000 0.5281
vn -0.8819 -0.0000 0.4714
vn -0.9109 -0.0000 0.4127
vn -0.9359 -0.0000 0.3522
vn -0.9569 -0.0000 0.2903
vn -0.9739 -0.0000 0.2271
vn -0.9866 -0.0000 0.1629
vn -0.9952 -0.0000 0.0980
vn -0.9995 -0.0000 0.0327
vn -0.9995 -0.0000 -0.0327
vn -0.9952 -0.0000 -0.0980
vn -0.9866 -0.0000 -0.1629
vn -0.9739 -0.0000 -0.2271
vn -0.9569 -0.0000 -0.2903
vn -0.9359 -0.0000 -0.3523
vn -0.9109 -0.0000 -0.4127
vn -0.8819 -0.0000 -0.4714
vn -0.8492 -0.0000 -0.5281
vn -0.8128 -0.0000 -0.5825
vn -0.7730 -0.0000 -0.6344
vn -0.7299 -0.0000 -0.6836
vn -0.6836 -0.0000 -0.7299
vn -0.6344 -0.0000 -0.7730
vn -0.5825 -0.0000 -0.8128
vn -0.5281 -0.0000 -0.8492
vn -0.4714 -0.0000 -0.8819
vn -0.4127 -0.0000 -0.9109
vn -0.3523 -0.0000 -0.9359
vn -0.2903 -0.0000 -0.9569
vn -0.2271 -0.0000 -0.9739
vn -0.1629 -0.0000 -0.9866
vn -0.0980 -0.0000 -0.9952
vn 0.0302 -0.3828 -0.9234
vn 0.0302 0.3826 -0.9234
vn 0.1505 -0.3828 -0.9115
vn 0.1505 0.3827 -0.9115
vn 0.2098 -0.3826 -0.8998
vn 0.2098 0.3828 -0.8997
vn 0.2682 -0.3826 -0.8841
vn 0.2682 0.3828 -0.8841
vn 0.3254 -0.3826 -0.8647
vn 0.3254 0.3828 -0.8646
vn 0.3813 -0.3827 -0.8415
vn 0.1580 -0.9239 -0.3486
vn 0.3813 0.3828 -0.8415
vn 0.1579 0.9239 -0.3486
vn 0.4355 -0.3826 -0.8148
vn 0.4355 0.3828 -0.8148
vn 0.4879 -0.3826 -0.7846
vn 0.2021 -0.9239 -0.3249
vn 0.4879 0.3827 -0.7845
vn 0.2021 0.9239 -0.3250
vn 0.5382 -0.3826 -0.7510
vn 0.2229 -0.9239 -0.3110
vn 0.5382 0.3826 -0.7510
vn 0.2229 0.9239 -0.3111
vn 0.2428 -0.9239 -0.2958
vn 0.2427 0.9239 -0.2958
vn 0.6743 -0.3827 -0.6315
vn 0.6743 0.3827 -0.6316
vn 0.7142 -0.3826 -0.5861
vn 0.7142 0.3827 -0.5861
vn 0.3110 -0.9239 -0.2229
vn 0.3111 0.9239 -0.2229
vn 0.3111 -0.9239 0.2229
vn 0.3110 0.9239 0.2229
vn 0.7142 -0.3827 0.5861
vn 0.7142 0.3826 0.5861
vn 0.6743 -0.3827 0.6316
vn 0.6743 0.3827 0.6315
vn 0.2427 -0.9239 0.2958
vn 0.2428 0.9239 0.2958
vn 0.5382 -0.3826 0.7510
vn 0.2229 -0.9239 0.3111
vn 0.5382 0.3826 0.7510
vn 0.2229 0.9239 0.3110
vn 0.4879 -0.3827 0.7845
vn 0.2021 -0.9239 0.3250
vn 0.4879 0.3826 0.7846
vn 0.2021 0.9239 0.3249
vn 0.4355 -0.3828 0.8148
vn 0.4355 0.3826 0.8148
vn 0.3813 -0.3828 0.8415
vn 0.1579 -0.9239 0.3486
vn 0.3813 0.3827 0.8415
vn 0.1580 0.9239 0.3486
vn 0.3254 -0.3828 0.8646
vn 0.3254 0.3826 0.8647
vn 0.2682 -0.3828 0.8841
vn 0.2682 0.3826 0.8841
vn 0.2098 -0.3828 0.8997
vn 0.2098 0.3826 0.8998
vn 0.1505 -0.3827 0.9115
vn 0.1505 0.3828 0.9115
vn 0.0302 -0.3826 0.9234
vn 0.0302 0.3828 0.9234
vn -0.0302 -0.3828 0.9234
vn -0.0302 0.3826 0.9234
vn -0.1505 -0.3828 0.9115
vn -0.1505 0.3827 0.9115
vn -0.2098 -0.3826 0.8998
vn -0.2098 0.3828 0.8997
vn -0.2682 -0.3826 0.8841
vn -0.2682 0.3828 0.8841
vn -0.3254 -0.3826 0.8647
vn -0.3254 0.3828 0.8646
vn -0.3813 -0.3827 0.8415
vn -0.1580 -0.9239 0.3486
vn -0.3813 0.3828 0.8415
vn -0.1579 0.9239 0.3486
vn -0.4355 -0.3826 0.8148
vn -0.4355 0.3828 0.8148
vn -0.4879 -0.3826 0.7846
vn -0.2021 -0.9239 0.3249
vn -0.4879 0.3827 0.7845
vn -0.2021 0.9239 0.3250
vn -0.5382 -0.3826 0.7510
vn -0.2229 -0.9239 0.3110
vn -0.5382 0.3826 0.7510
vn -0.2229 0.9239 0.3111
vn -0.2428 -0.9239 0.2958
vn -0.2427 0.9239 0.2958
vn -0.6743 -0.3827 0.6315
vn -0.6743 0.3827 0.6316
vn -0.7142 -0.3826 0.5861
vn -0.7142 0.3827 0.5861
vn -0.3110 -0.9239 0.2229
vn -0.3111 0.9239 0.2229
vn -0.3111 -0.9239 -0.2229
vn -0.3110 0.9239 -0.2229
vn -0.7142 -0.3827 -0.5861
vn -0.7142 0.3826 -0.5861
vn -0.6743 -0.3827 -0.6316
vn -0.6743 0.3827 -0.6315
vn -0.2427 -0.9239 -0.2958
vn -0.2428 0.9239 -0.2958
vn -0.5382 -0.3826 -0.7510
vn -0.2229 -0.9239 -0.3111
vn -0.5382 0.3826 -0.7510
vn -0.2229 0.9239 -0.3110
vn -0.4879 -0.3827 -0.7845
vn -0.2021 -0.9239 -0.3250
vn -0.4879 0.3826 -0.7846
vn -0.2021 0.9239 -0.3249
vn -0.4355 -0.3828 -0.8148
vn -0.4355 0.3826 -0.8148
vn -0.3813 -0.3828 -0.8415
vn -0.1579 -0.9239 -0.3486
vn -0.3813 0.3827 -0.8415
vn -0.1580 0.9239 -0.3486
vn -0.3254 -0.3828 -0.8646
vn -0.3254 0.3826 -0.8647
vn -0.2682 -0.3828 -0.8841
vn -0.2682 0.3826 -0.8841
vn -0.2098 -0.3828 -0.8997
vn -0.2098 0.3826 -0.8998
vn -0.1505 -0.3827 -0.9115
vn -0.1505 0.3828 -0.9115
vn -0.0302 -0.3826 -0.9234
vn -0.0302 0.3828 -0.9234
vn 0.9359 -0.0000 -0.3523
vn 0.9359 -0.0000 0.3522
vn -0.9359 -0.0000 0.3523
vn -0.9359 -0.0000 -0.3522
s 0
usemtl Stone_Warm
o CourtRing_10.0
v 10.075000 0.110000 0.000000
v 10.053033 0.163033 0.000000
v 10.000000 0.185000 0.000000
v 9.946967 0.163033 0.000000
v 9.925000 0.110000 0.000000
v 9.946967 0.056967 0.000000
v 10.000000 0.035000 0.000000
v 10.053033 0.056967 0.000000
v 10.036661 0.110000 -0.878094
v 10.014778 0.163033 -0.876179
v 9.961947 0.185000 -0.871557
v 9.909116 0.163033 -0.866935
v 9.887233 0.110000 -0.865021
v 9.909116 0.056967 -0.866935
v 9.961947 0.035000 -0.871557
v 10.014778 0.056967 -0.876179
v 9.921938 0.110000 -1.749505
v 9.900305 0.163033 -1.745691
v 9.848078 0.185000 -1.736481
v 9.795850 0.163033 -1.727272
v 9.774217 0.110000 -1.723458
v 9.795850 0.056967 -1.727272
v 9.848078 0.035000 -1.736481
v 9.900305 0.056967 -1.745691
v 9.731703 0.110000 -2.607601
v 9.710484 0.163033 -2.601916
v 9.659258 0.185000 -2.588190
v 9.608032 0.163033 -2.574464
v 9.586814 0.110000 -2.568779
v 9.608032 0.056967 -2.574464
v 9.659258 0.035000 -2.588190
v 9.710484 0.056967 -2.601916
v 9.467402 0.110000 -3.445852
v 9.446761 0.163033 -3.438339
v 9.396926 0.185000 -3.420201
v 9.347092 0.163033 -3.402062
v 9.326449 0.110000 -3.394549
v 9.347092 0.056967 -3.402062
v 9.396926 0.035000 -3.420201
v 9.446761 0.056967 -3.438339
v 9.131051 0.110000 -4.257878
v 9.111142 0.163033 -4.248594
v 9.063078 0.185000 -4.226182
v 9.015014 0.163033 -4.203769
v 8.995105 0.110000 -4.194486
v 9.015014 0.056967 -4.203769
v 9.063078 0.035000 -4.226182
v 9.111142 0.056967 -4.248594
v 8.725205 0.110000 -5.037501
v 8.706182 0.163033 -5.026518
v 8.660254 0.185000 -5.000001
v 8.614326 0.163033 -4.973485
v 8.595302 0.110000 -4.962501
v 8.614326 0.056967 -4.973485
v 8.660254 0.035000 -5.000001
v 8.706182 0.056967 -5.026518
v 8.252956 0.110000 -5.778783
v 8.234962 0.163033 -5.766183
v 8.191520 0.185000 -5.735765
v 8.148078 0.163033 -5.705347
v 8.130084 0.110000 -5.692747
v 8.148078 0.056967 -5.705347
v 8.191520 0.035000 -5.735765
v 8.234962 0.056967 -5.766183
v 7.717897 0.110000 -6.476086
v 7.701069 0.163033 -6.461966
v 7.660444 0.185000 -6.427877
v 7.619818 0.163033 -6.393788
v 7.602991 0.110000 -6.379668
v 7.619818 0.056967 -6.393788
v 7.660444 0.035000 -6.427877
v 7.701069 0.056967 -6.461966
v 7.124100 0.110000 -7.124101
v 7.108567 0.163033 -7.108568
v 7.071067 0.185000 -7.071068
v 7.033567 0.163033 -7.033568
v 7.018034 0.110000 -7.018035
v 7.033567 0.056967 -7.033568
v 7.071067 0.035000 -7.071068
v 7.108567 0.056967 -7.108568
v 6.476085 0.110000 -7.717898
v 6.461965 0.163033 -7.701070
v 6.427876 0.185000 -7.660445
v 6.393787 0.163033 -7.619820
v 6.379667 0.110000 -7.602992
v 6.393787 0.056967 -7.619820
v 6.427876 0.035000 -7.660445
v 6.461965 0.056967 -7.701070
v 5.778782 0.110000 -8.252956
v 5.766182 0.163033 -8.234962
v 5.735764 0.185000 -8.191521
v 5.705346 0.163033 -8.148079
v 5.692746 0.110000 -8.130084
v 5.705346 0.056967 -8.148079
v 5.735764 0.035000 -8.191521
v 5.766182 0.056967 -8.234962
v 5.037499 0.110000 -8.725206
v 5.026516 0.163033 -8.706182
v 5.000000 0.185000 -8.660254
v 4.973483 0.163033 -8.614326
v 4.962500 0.110000 -8.595303
v 4.973483 0.056967 -8.614326
v 5.000000 0.035000 -8.660254
v 5.026516 0.056967 -8.706182
v 4.257879 0.110000 -9.131051
v 4.248595 0.163033 -9.111142
v 4.226182 0.185000 -9.063078
v 4.203770 0.163033 -9.015014
v 4.194486 0.110000 -8.995105
v 4.203770 0.056967 -9.015014
v 4.226182 0.035000 -9.063078
v 4.248595 0.056967 -9.111142
v 3.445853 0.110000 -9.467402
v 3.438340 0.163033 -9.446761
v 3.420202 0.185000 -9.396926
v 3.402063 0.163033 -9.347092
v 3.394550 0.110000 -9.326449
v 3.402063 0.056967 -9.347092
v 3.420202 0.035000 -9.396926
v 3.438340 0.056967 -9.446761
v 2.607602 0.110000 -9.731703
v 2.601917 0.163033 -9.710484
v 2.588191 0.185000 -9.659258
v 2.574465 0.163033 -9.608032
v 2.568779 0.110000 -9.586814
v 2.574465 0.056967 -9.608032
v 2.588191 0.035000 -9.659258
v 2.601917 0.056967 -9.710484
v 1.749506 0.110000 -9.921938
v 1.745691 0.163033 -9.900305
v 1.736482 0.185000 -9.848078
v 1.727273 0.163033 -9.795850
v 1.723459 0.110000 -9.774217
v 1.727273 0.056967 -9.795850
v 1.736482 0.035000 -9.848078
v 1.745691 0.056967 -9.900305
v 0.878095 0.110000 -10.036661
v 0.876180 0.163033 -10.014778
v 0.871558 0.185000 -9.961947
v 0.866936 0.163033 -9.909116
v 0.865021 0.110000 -9.887233
v 0.866936 0.056967 -9.909116
v 0.871558 0.035000 -9.961947
v 0.876180 0.056967 -10.014778
v 0.000001 0.110000 -10.075000
v 0.000001 0.163033 -10.053033
v 0.000001 0.185000 -10.000000
v 0.000001 0.163033 -9.946967
v 0.000001 0.110000 -9.925000
v 0.000001 0.056967 -9.946967
v 0.000001 0.035000 -10.000000
v 0.000001 0.056967 -10.053033
v -0.878093 0.110000 -10.036661
v -0.876179 0.163033 -10.014778
v -0.871556 0.185000 -9.961947
v -0.866934 0.163033 -9.909116
v -0.865020 0.110000 -9.887233
v -0.866934 0.056967 -9.909116
v -0.871556 0.035000 -9.961947
v -0.876179 0.056967 -10.014778
v -1.749504 0.110000 -9.921938
v -1.745690 0.163033 -9.900305
v -1.736481 0.185000 -9.848078
v -1.727272 0.163033 -9.795851
v -1.723457 0.110000 -9.774218
v -1.727272 0.056967 -9.795851
v -1.736481 0.035000 -9.848078
v -1.745690 0.056967 -9.900305
v -2.607601 0.110000 -9.731703
v -2.601915 0.163033 -9.710485
v -2.588189 0.185000 -9.659259
v -2.574463 0.163033 -9.608033
v -2.568778 0.110000 -9.586815
v -2.574463 0.056967 -9.608033
v -2.588189 0.035000 -9.659259
v -2.601915 0.056967 -9.710485
v -3.445852 0.110000 -9.467403
v -3.438338 0.163033 -9.446761
v -3.420200 0.185000 -9.396927
v -3.402062 0.163033 -9.347093
v -3.394549 0.110000 -9.326450
v -3.402062 0.056967 -9.347093
v -3.420200 0.035000 -9.396927
v -3.438338 0.056967 -9.446761
v -4.257882 0.110000 -9.131049
v -4.248598 0.163033 -9.111140
v -4.226185 0.185000 -9.063076
v -4.203773 0.163033 -9.015013
v -4.194489 0.110000 -8.995104
v -4.203773 0.056967 -9.015013
v -4.226185 0.035000 -9.063076
v -4.248598 0.056967 -9.111140
v -5.037498 0.110000 -8.725206
v -5.026515 0.163033 -8.706182
v -4.999999 0.185000 -8.660255
v -4.973482 0.163033 -8.614327
v -4.962499 0.110000 -8.595304
v -4.973482 0.056967 -8.614327
v -4.999999 0.035000 -8.660255
v -5.026515 0.056967 -8.706182
v -5.778785 0.110000 -8.252955
v -5.766185 0.163033 -8.234961
v -5.735767 0.185000 -8.191519
v -5.705348 0.163033 -8.148077
v -5.692749 0.110000 -8.130082
v -5.705348 0.056967 -8.148077
v -5.735767 0.035000 -8.191519
v -5.766185 0.056967 -8.234961
v -6.476083 0.110000 -7.717899
v -6.461964 0.163033 -7.701071
v -6.427875 0.185000 -7.660446
v -6.393785 0.163033 -7.619820
v -6.379666 0.110000 -7.602993
v -6.393785 0.056967 -7.619820
v -6.427875 0.035000 -7.660446
v -6.461964 0.056967 -7.701071
v -7.124103 0.110000 -7.124099
v -7.108570 0.163033 -7.108566
v -7.071070 0.185000 -7.071066
v -7.033569 0.163033 -7.033566
v -7.018036 0.110000 -7.018033
v -7.033569 0.056967 -7.033566
v -7.071070 0.035000 -7.071066
v -7.108570 0.056967 -7.108566
v -7.717896 0.110000 -6.476087
v -7.701068 0.163033 -6.461967
v -7.660442 0.185000 -6.427878
v -7.619817 0.163033 -6.393789
v -7.602989 0.110000 -6.379669
v -7.619817 0.056967 -6.393789
v -7.660442 0.035000 -6.427878
v -7.701068 0.056967 -6.461967
v -8.252958 0.110000 -5.778781
v -8.234963 0.163033 -5.766181
v -8.191522 0.185000 -5.735763
v -8.148080 0.163033 -5.705344
v -8.130086 0.110000 -5.692745
v -8.148080 0.056967 -5.705344
v -8.191522 0.035000 -5.735763
v -8.234963 0.056967 -5.766181
v -8.725204 0.110000 -5.037502
v -8.706181 0.163033 -5.026519
v -8.660253 0.185000 -5.000002
v -8.614325 0.163033 -4.973486
v -8.595301 0.110000 -4.962502
v -8.614325 0.056967 -4.973486
v -8.660253 0.035000 -5.000002
v -8.706181 0.056967 -5.026519
v -9.131052 0.110000 -4.257877
v -9.111143 0.163033 -4.248593
v -9.063079 0.185000 -4.226181
v -9.015015 0.163033 -4.203768
v -8.995106 0.110000 -4.194485
v -9.015015 0.056967 -4.203768
v -9.063079 0.035000 -4.226181
v -9.111143 0.056967 -4.248593
v -9.467402 0.110000 -3.445856
v -9.446759 0.163033 -3.438343
v -9.396925 0.185000 -3.420205
v -9.347091 0.163033 -3.402066
v -9.326448 0.110000 -3.394553
v -9.347091 0.056967 -3.402066
v -9.396925 0.035000 -3.420205
v -9.446759 0.056967 -3.438343
v -9.731703 0.110000 -2.607601
v -9.710485 0.163033 -2.601915
v -9.659259 0.185000 -2.588189
v -9.608033 0.163033 -2.574463
v -9.586815 0.110000 -2.568778
v -9.608033 0.056967 -2.574463
v -9.659259 0.035000 -2.588189
v -9.710485 0.056967 -2.601915
v -9.921937 0.110000 -1.749509
v -9.900304 0.163033 -1.745694
v -9.848077 0.185000 -1.736485
v -9.795850 0.163033 -1.727276
v -9.774217 0.110000 -1.723462
v -9.795850 0.056967 -1.727276
v -9.848077 0.035000 -1.736485
v -9.900304 0.056967 -1.745694
v -10.036661 0.110000 -0.878093
v -10.014778 0.163033 -0.876179
v -9.961947 0.185000 -0.871556
v -9.909116 0.163033 -0.866934
v -9.887233 0.110000 -0.865020
v -9.909116 0.056967 -0.866934
v -9.961947 0.035000 -0.871556
v -10.014778 0.056967 -0.876179
v -10.075000 0.110000 -0.000001
v -10.053033 0.163033 -0.000001
v -10.000000 0.185000 -0.000001
v -9.946967 0.163033 -0.000001
v -9.925000 0.110000 -0.000001
v -9.946967 0.056967 -0.000001
v -10.000000 0.035000 -0.000001
v -10.053033 0.056967 -0.000001
v -10.036661 0.110000 0.878093
v -10.014778 0.163033 0.876179
v -9.961947 0.185000 0.871556
v -9.909116 0.163033 0.866934
v -9.887233 0.110000 0.865020
v -9.909116 0.056967 0.866934
v -9.961947 0.035000 0.871556
v -10.014778 0.056967 0.876179
v -9.921938 0.110000 1.749504
v -9.900305 0.163033 1.745690
v -9.848078 0.185000 1.736481
v -9.795851 0.163033 1.727272
v -9.774218 0.110000 1.723457
v -9.795851 0.056967 1.727272
v -9.848078 0.035000 1.736481
v -9.900305 0.056967 1.745690
v -9.731703 0.110000 2.607601
v -9.710485 0.163033 2.601915
v -9.659259 0.185000 2.588189
v -9.608033 0.163033 2.574463
v -9.586815 0.110000 2.568778
v -9.608033 0.056967 2.574463
v -9.659259 0.035000 2.588189
v -9.710485 0.056967 2.601915
v -9.467403 0.110000 3.445852
v -9.446761 0.163033 3.438338
v -9.396927 0.185000 3.420200
v -9.347093 0.163033 3.402062
v -9.326450 0.110000 3.394549
v -9.347093 0.056967 3.402062
v -9.396927 0.035000 3.420200
v -9.446761 0.056967 3.438338
v -9.131052 0.110000 4.257877
v -9.111143 0.163033 4.248593
v -9.063079 0.185000 4.226181
v -9.015015 0.163033 4.203768
v -8.995106 0.110000 4.194485
v -9.015015 0.056967 4.203768
v -9.063079 0.035000 4.226181
v -9.111143 0.056967 4.248593
v -8.725206 0.110000 5.037498
v -8.706182 0.163033 5.026515
v -8.660255 0.185000 4.999998
v -8.614327 0.163033 4.973482
v -8.595304 0.110000 4.962498
v -8.614327 0.056967 4.973482
v -8.660255 0.035000 4.999998
v -8.706182 0.056967 5.026515
v -8.252958 0.110000 5.778781
v -8.234963 0.163033 5.766181
v -8.191522 0.185000 5.735763
v -8.148080 0.163033 5.705344
v -8.130086 0.110000 5.692745
v -8.148080 0.056967 5.705344
v -8.191522 0.035000 5.735763
v -8.234963 0.056967 5.766181
v -7.717899 0.110000 6.476083
v -7.701072 0.163033 6.461964
v -7.660446 0.185000 6.427875
v -7.619821 0.163033 6.393785
v -7.602993 0.110000 6.379666
v -7.619821 0.056967 6.393785
v -7.660446 0.035000 6.427875
v -7.701072 0.056967 6.461964
v -7.124103 0.110000 7.124099
v -7.108570 0.163033 7.108566
v -7.071070 0.185000 7.071066
v -7.033569 0.163033 7.033566
v -7.018036 0.110000 7.018033
v -7.033569 0.056967 7.033566
v -7.071070 0.035000 7.071066
v -7.108570 0.056967 7.108566
v -6.476083 0.110000 7.717899
v -6.461964 0.163033 7.701071
v -6.427875 0.185000 7.660446
v -6.393785 0.163033 7.619820
v -6.379666 0.110000 7.602993
v -6.393785 0.056967 7.619820
v -6.427875 0.035000 7.660446
v -6.461964 0.056967 7.701071
v -5.778785 0.110000 8.252955
v -5.766185 0.163033 8.234961
v -5.735767 0.185000 8.191519
v -5.705348 0.163033 8.148077
v -5.692749 0.110000 8.130082
v -5.705348 0.056967 8.148077
v -5.735767 0.035000 8.191519
v -5.766185 0.056967 8.234961
v -5.037498 0.110000 8.725206
v -5.026515 0.163033 8.706182
v -4.999999 0.185000 8.660255
v -4.973482 0.163033 8.614327
v -4.962499 0.110000 8.595304
v -4.973482 0.056967 8.614327
v -4.999999 0.035000 8.660255
v -5.026515 0.056967 8.706182
v -4.257882 0.110000 9.131049
v -4.248598 0.163033 9.111140
v -4.226185 0.185000 9.063076
v -4.203773 0.163033 9.015013
v -4.194489 0.110000 8.995104
v -4.203773 0.056967 9.015013
v -4.226185 0.035000 9.063076
v -4.248598 0.056967 9.111140
v -3.445852 0.110000 9.467403
v -3.438338 0.163033 9.446761
v -3.420200 0.185000 9.396927
v -3.402062 0.163033 9.347093
v -3.394549 0.110000 9.326450
v -3.402062 0.056967 9.347093
v -3.420200 0.035000 9.396927
v -3.438338 0.056967 9.446761
v -2.607605 0.110000 9.731702
v -2.601920 0.163033 9.710484
v -2.588194 0.185000 9.659258
v -2.574468 0.163033 9.608031
v -2.568782 0.110000 9.586813
v -2.574468 0.056967 9.608031
v -2.588194 0.035000 9.659258
v -2.601920 0.056967 9.710484
v -1.749504 0.110000 9.921938
v -1.745690 0.163033 9.900305
v -1.736481 0.185000 9.848078
v -1.727272 0.163033 9.795851
v -1.723457 0.110000 9.774218
v -1.727272 0.056967 9.795851
v -1.736481 0.035000 9.848078
v -1.745690 0.056967 9.900305
v -0.878098 0.110000 10.036661
v -0.876183 0.163033 10.014778
v -0.871561 0.185000 9.961946
v -0.866939 0.163033 9.909116
v -0.865025 0.110000 9.887232
v -0.866939 0.056967 9.909116
v -0.871561 0.035000 9.961946
v -0.876183 0.056967 10.014778
v 0.000001 0.110000 10.075000
v 0.000001 0.163033 10.053033
v 0.000001 0.185000 10.000000
v 0.000001 0.163033 9.946967
v 0.000001 0.110000 9.925000
v 0.000001 0.056967 9.946967
v 0.000001 0.035000 10.000000
v 0.000001 0.056967 10.053033
v 0.878090 0.110000 10.036661
v 0.876175 0.163033 10.014778
v 0.871553 0.185000 9.961947
v 0.866931 0.163033 9.909116
v 0.865017 0.110000 9.887233
v 0.866931 0.056967 9.909116
v 0.871553 0.035000 9.961947
v 0.876175 0.056967 10.014778
v 1.749506 0.110000 9.921938
v 1.745691 0.163033 9.900305
v 1.736482 0.185000 9.848078
v 1.727273 0.163033 9.795850
v 1.723459 0.110000 9.774217
v 1.727273 0.056967 9.795850
v 1.736482 0.035000 9.848078
v 1.745691 0.056967 9.900305
v 2.607597 0.110000 9.731704
v 2.601912 0.163033 9.710485
v 2.588186 0.185000 9.659260
v 2.574460 0.163033 9.608033
v 2.568775 0.110000 9.586815
v 2.574460 0.056967 9.608033
v 2.588186 0.035000 9.659260
v 2.601912 0.056967 9.710485
v 3.445853 0.110000 9.467402
v 3.438340 0.163033 9.446761
v 3.420202 0.185000 9.396926
v 3.402063 0.163033 9.347092
v 3.394550 0.110000 9.326449
v 3.402063 0.056967 9.347092
v 3.420202 0.035000 9.396926
v 3.438340 0.056967 9.446761
v 4.257874 0.110000 9.131053
v 4.248591 0.163033 9.111144
v 4.226178 0.185000 9.063080
v 4.203765 0.163033 9.015016
v 4.194482 0.110000 8.995107
v 4.203765 0.056967 9.015016
v 4.226178 0.035000 9.063080
v 4.248591 0.056967 9.111144
v 5.037499 0.110000 8.725206
v 5.026516 0.163033 8.706182
v 5.000000 0.185000 8.660254
v 4.973483 0.163033 8.614326
v 4.962500 0.110000 8.595303
v 4.973483 0.056967 8.614326
v 5.000000 0.035000 8.660254
v 5.026516 0.056967 8.706182
v 5.778779 0.110000 8.252960
v 5.766179 0.163033 8.234965
v 5.735760 0.185000 8.191524
v 5.705342 0.163033 8.148082
v 5.692742 0.110000 8.130087
v 5.705342 0.056967 8.148082
v 5.735760 0.035000 8.191524
v 5.766179 0.056967 8.234965
v 6.476085 0.110000 7.717898
v 6.461965 0.163033 7.701070
v 6.427876 0.185000 7.660445
v 6.393787 0.163033 7.619820
v 6.379667 0.110000 7.602992
v 6.393787 0.056967 7.619820
v 6.427876 0.035000 7.660445
v 6.461965 0.056967 7.701070
v 7.124097 0.110000 7.124105
v 7.108564 0.163033 7.108572
v 7.071064 0.185000 7.071072
v 7.033564 0.163033 7.033572
v 7.018031 0.110000 7.018039
v 7.033564 0.056967 7.033572
v 7.071064 0.035000 7.071072
v 7.108564 0.056967 7.108572
v 7.717897 0.110000 6.476086
v 7.701069 0.163033 6.461966
v 7.660444 0.185000 6.427877
v 7.619818 0.163033 6.393788
v 7.602991 0.110000 6.379668
v 7.619818 0.056967 6.393788
v 7.660444 0.035000 6.427877
v 7.701069 0.056967 6.461966
v 8.252954 0.110000 5.778788
v 8.234959 0.163033 5.766188
v 8.191517 0.185000 5.735769
v 8.148075 0.163033 5.705351
v 8.130081 0.110000 5.692751
v 8.148075 0.056967 5.705351
v 8.191517 0.035000 5.735769
v 8.234959 0.056967 5.766188
v 8.725205 0.110000 5.037501
v 8.706182 0.163033 5.026518
v 8.660254 0.185000 5.000001
v 8.614326 0.163033 4.973485
v 8.595302 0.110000 4.962501
v 8.614326 0.056967 4.973485
v 8.660254 0.035000 5.000001
v 8.706182 0.056967 5.026518
v 9.131048 0.110000 4.257885
v 9.111139 0.163033 4.248601
v 9.063075 0.185000 4.226188
v 9.015011 0.163033 4.203776
v 8.995102 0.110000 4.194492
v 9.015011 0.056967 4.203776
v 9.063075 0.035000 4.226188
v 9.111139 0.056967 4.248601
v 9.467402 0.110000 3.445854
v 9.446760 0.163033 3.438341
v 9.396926 0.185000 3.420203
v 9.347091 0.163033 3.402065
v 9.326448 0.110000 3.394552
v 9.347091 0.056967 3.402065
v 9.396926 0.035000 3.420203
v 9.446760 0.056967 3.438341
v 9.731703 0.110000 2.607599
v 9.710485 0.163033 2.601914
v 9.659259 0.185000 2.588188
v 9.608033 0.163033 2.574462
v 9.586815 0.110000 2.568776
v 9.608033 0.056967 2.574462
v 9.659259 0.035000 2.588188
v 9.710485 0.056967 2.601914
v 9.921938 0.110000 1.749507
v 9.900305 0.163033 1.745693
v 9.848078 0.185000 1.736484
v 9.795850 0.163033 1.727275
v 9.774217 0.110000 1.723460
v 9.795850 0.056967 1.727275
v 9.848078 0.035000 1.736484
v 9.900305 0.056967 1.745693
v 10.036661 0.110000 0.878092
v 10.014778 0.163033 0.876177
v 9.961947 0.185000 0.871555
v 9.909116 0.163033 0.866933
v 9.887233 0.110000 0.865018
v 9.909116 0.056967 0.866933
v 9.961947 0.035000 0.871555
v 10.014778 0.056967 0.876177
vn 0.9231 0.3824 -0.0403
vn 0.3826 0.9238 -0.0167
vn -0.3826 0.9238 0.0167
vn -0.9231 0.3824 0.0403
vn -0.9231 -0.3824 0.0403
vn -0.3826 -0.9238 0.0167
vn 0.3826 -0.9238 -0.0167
vn 0.9231 -0.3824 -0.0403
vn 0.9161 0.3824 -0.1206
vn 0.3797 0.9237 -0.0500
vn -0.3797 0.9238 0.0500
vn -0.9161 0.3824 0.1206
vn -0.9161 -0.3824 0.1206
vn -0.3797 -0.9238 0.0500
vn 0.3797 -0.9237 -0.0500
vn 0.9161 -0.3824 -0.1206
vn 0.9021 0.3824 -0.2000
vn 0.3739 0.9237 -0.0829
vn -0.3739 0.9238 0.0829
vn -0.9021 0.3824 0.2000
vn -0.9021 -0.3824 0.2000
vn -0.3739 -0.9238 0.0829
vn 0.3739 -0.9237 -0.0829
vn 0.9021 -0.3824 -0.2000
vn 0.8812 0.3824 -0.2779
vn 0.3653 0.9237 -0.1152
vn -0.3653 0.9238 0.1152
vn -0.8812 0.3824 0.2779
vn -0.8812 -0.3824 0.2779
vn -0.3653 -0.9238 0.1152
vn 0.3653 -0.9238 -0.1152
vn 0.8812 -0.3824 -0.2779
vn 0.8537 0.3824 -0.3536
vn 0.3538 0.9238 -0.1466
vn -0.3538 0.9237 0.1466
vn -0.8537 0.3824 0.3536
vn -0.8537 -0.3824 0.3536
vn -0.3538 -0.9237 0.1466
vn 0.3538 -0.9238 -0.1466
vn 0.8537 -0.3824 -0.3536
vn 0.8196 0.3824 -0.4267
vn 0.3397 0.9238 -0.1768
vn -0.3397 0.9238 0.1768
vn -0.8196 0.3824 0.4267
vn -0.8196 -0.3824 0.4267
vn -0.3397 -0.9238 0.1768
vn 0.3397 -0.9238 -0.1768
vn 0.8196 -0.3824 -0.4267
vn 0.7793 0.3824 -0.4965
vn 0.3230 0.9238 -0.2058
vn -0.3230 0.9237 0.2058
vn -0.7793 0.3824 0.4965
vn -0.7793 -0.3824 0.4965
vn -0.3230 -0.9237 0.2058
vn 0.3230 -0.9238 -0.2058
vn 0.7793 -0.3824 -0.4965
vn 0.7331 0.3824 -0.5625
vn 0.3039 0.9237 -0.2332
vn -0.3039 0.9238 0.2332
vn -0.7331 0.3824 0.5625
vn -0.7331 -0.3824 0.5625
vn -0.3039 -0.9238 0.2332
vn 0.3039 -0.9237 -0.2332
vn 0.7331 -0.3824 -0.5625
vn 0.6812 0.3824 -0.6243
vn 0.2824 0.9237 -0.2588
vn -0.2824 0.9237 0.2587
vn -0.6813 0.3824 0.6243
vn -0.6813 -0.3824 0.6243
vn -0.2824 -0.9237 0.2587
vn 0.2824 -0.9238 -0.2587
vn 0.6812 -0.3824 -0.6243
vn 0.6243 0.3824 -0.6813
vn 0.2587 0.9238 -0.2824
vn -0.2588 0.9237 0.2824
vn -0.6242 0.3824 0.6812
vn -0.6242 -0.3824 0.6812
vn -0.2588 -0.9237 0.2824
vn 0.2587 -0.9238 -0.2824
vn 0.6243 -0.3824 -0.6813
vn 0.5625 0.3824 -0.7331
vn 0.2332 0.9238 -0.3038
vn -0.2332 0.9238 0.3039
vn -0.5625 0.3824 0.7331
vn -0.5625 -0.3824 0.7331
vn -0.2332 -0.9238 0.3039
vn 0.2332 -0.9238 -0.3038
vn 0.5625 -0.3824 -0.7331
vn 0.4965 0.3824 -0.7793
vn 0.2058 0.9237 -0.3230
vn -0.2058 0.9238 0.3230
vn -0.4965 0.3824 0.7793
vn -0.4965 -0.3824 0.7793
vn -0.2058 -0.9237 0.3230
vn 0.2058 -0.9237 -0.3230
vn 0.4965 -0.3824 -0.7793
vn 0.4267 0.3824 -0.8196
vn 0.1768 0.9238 -0.3397
vn -0.1768 0.9237 0.3397
vn -0.4267 0.3824 0.8196
vn -0.4267 -0.3824 0.8196
vn -0.1768 -0.9237 0.3397
vn 0.1768 -0.9238 -0.3397
vn 0.4267 -0.3824 -0.8196
vn 0.3536 0.3824 -0.8537
vn 0.1466 0.9238 -0.3538
vn -0.1466 0.9237 0.3538
vn -0.3536 0.3824 0.8537
vn -0.3536 -0.3824 0.8537
vn -0.1466 -0.9237 0.3538
vn 0.1466 -0.9238 -0.3538
vn 0.3536 -0.3824 -0.8537
vn 0.2779 0.3824 -0.8812
vn 0.1152 0.9238 -0.3653
vn -0.1152 0.9237 0.3653
vn -0.2779 0.3824 0.8812
vn -0.2779 -0.3824 0.8812
vn -0.1152 -0.9237 0.3653
vn 0.1152 -0.9238 -0.3653
vn 0.2779 -0.3823 -0.8813
vn 0.2000 0.3824 -0.9021
vn 0.0829 0.9237 -0.3739
vn -0.0829 0.9238 0.3739
vn -0.2000 0.3824 0.9021
vn -0.2000 -0.3824 0.9021
vn -0.0829 -0.9238 0.3739
vn 0.0829 -0.9237 -0.3739
vn 0.2000 -0.3824 -0.9021
vn 0.1206 0.3824 -0.9161
vn 0.0500 0.9237 -0.3797
vn -0.0500 0.9237 0.3797
vn -0.1206 0.3824 0.9161
vn -0.1206 -0.3824 0.9161
vn -0.0500 -0.9238 0.3797
vn 0.0500 -0.9237 -0.3797
vn 0.1206 -0.3824 -0.9161
vn 0.0403 0.3823 -0.9231
vn 0.0167 0.9237 -0.3826
vn -0.0167 0.9238 0.3826
vn -0.0403 0.3824 0.9231
vn -0.0403 -0.3824 0.9231
vn -0.0167 -0.9238 0.3826
vn 0.0167 -0.9237 -0.3826
vn 0.0403 -0.3823 -0.9231
vn -0.0403 0.3824 -0.9231
vn -0.0167 0.9237 -0.3826
vn 0.0167 0.9237 0.3826
vn 0.0403 0.3824 0.9231
vn 0.0403 -0.3824 0.9231
vn 0.0167 -0.9237 0.3826
vn -0.0167 -0.9237 -0.3826
vn -0.0403 -0.3824 -0.9231
vn -0.1206 0.3824 -0.9161
vn -0.0500 0.9238 -0.3797
vn 0.0500 0.9237 0.3797
vn 0.1206 0.3824 0.9161
vn 0.1206 -0.3824 0.9161
vn 0.0500 -0.9237 0.3797
vn -0.0500 -0.9238 -0.3797
vn -0.1206 -0.3824 -0.9161
vn -0.2000 0.3824 -0.9021
vn -0.0829 0.9238 -0.3739
vn 0.0829 0.9237 0.3739
vn 0.2000 0.3824 0.9021
vn 0.2000 -0.3824 0.9021
vn 0.0829 -0.9237 0.3739
vn -0.0829 -0.9238 -0.3739
vn -0.2000 -0.3824 -0.9021
vn -0.2779 0.3824 -0.8812
vn -0.1152 0.9237 -0.3653
vn 0.1152 0.9237 0.3653
vn 0.2779 0.3824 0.8812
vn 0.2779 -0.3824 0.8812
vn 0.1152 -0.9238 0.3653
vn -0.1152 -0.9237 -0.3653
vn -0.2779 -0.3824 -0.8812
vn -0.3536 0.3824 -0.8537
vn -0.1466 0.9238 -0.3538
vn 0.1466 0.9237 0.3538
vn 0.3536 0.3824 0.8537
vn 0.3536 -0.3824 0.8537
vn 0.1466 -0.9237 0.3538
vn -0.1466 -0.9238 -0.3538
vn -0.3536 -0.3824 -0.8537
vn -0.4267 0.3824 -0.8196
vn -0.1768 0.9237 -0.3397
vn 0.1769 0.9237 0.3397
vn 0.4267 0.3824 0.8196
vn 0.4267 -0.3824 0.8196
vn 0.1769 -0.9237 0.3397
vn -0.1768 -0.9238 -0.3397
vn -0.4267 -0.3824 -0.8196
vn -0.4965 0.3824 -0.7793
vn -0.2058 0.9237 -0.3230
vn 0.2058 0.9237 0.3230
vn 0.4965 0.3824 0.7793
vn 0.4965 -0.3824 0.7793
vn 0.2058 -0.9237 0.3230
vn -0.2058 -0.9237 -0.3230
vn -0.4965 -0.3824 -0.7793
vn -0.5625 0.3824 -0.7331
vn -0.2332 0.9237 -0.3039
vn 0.2332 0.9237 0.3039
vn 0.5625 0.3824 0.7331
vn 0.5625 -0.3824 0.7331
vn 0.2332 -0.9237 0.3039
vn -0.2332 -0.9237 -0.3039
vn -0.5625 -0.3824 -0.7331
vn -0.6243 0.3824 -0.6813
vn -0.2588 0.9237 -0.2824
vn 0.2587 0.9238 0.2824
vn 0.6243 0.3824 0.6812
vn 0.6243 -0.3824 0.6813
vn 0.2587 -0.9238 0.2824
vn -0.2587 -0.9237 -0.2824
vn -0.6243 -0.3824 -0.6813
vn -0.6813 0.3824 -0.6243
vn -0.2824 0.9238 -0.2587
vn 0.2824 0.9237 0.2587
vn 0.6813 0.3824 0.6243
vn 0.6813 -0.3824 0.6243
vn 0.2824 -0.9238 0.2587
vn -0.2824 -0.9238 -0.2587
vn -0.6813 -0.3824 -0.6243
vn -0.7331 0.3824 -0.5625
vn -0.3039 0.9237 -0.2332
vn 0.3039 0.9238 0.2332
vn 0.7331 0.3824 0.5625
vn 0.7331 -0.3824 0.5625
vn 0.3038 -0.9238 0.2332
vn -0.3039 -0.9237 -0.2332
vn -0.7331 -0.3824 -0.5625
vn -0.7793 0.3824 -0.4965
vn -0.3230 0.9237 -0.2058
vn 0.3230 0.9237 0.2058
vn 0.7793 0.3824 0.4965
vn 0.7793 -0.3824 0.4965
vn 0.3230 -0.9237 0.2058
vn -0.3230 -0.9237 -0.2058
vn -0.7793 -0.3824 -0.4965
vn -0.8196 0.3824 -0.4267
vn -0.3397 0.9238 -0.1768
vn 0.3397 0.9237 0.1768
vn 0.8196 0.3824 0.4267
vn 0.8196 -0.3824 0.4267
vn 0.3397 -0.9238 0.1768
vn -0.3397 -0.9238 -0.1768
vn -0.8196 -0.3824 -0.4267
vn -0.8537 0.3824 -0.3536
vn -0.3538 0.9238 -0.1466
vn 0.3538 0.9238 0.1466
vn 0.8537 0.3824 0.3536
vn 0.8537 -0.3824 0.3536
vn 0.3538 -0.9238 0.1466
vn -0.3538 -0.9238 -0.1466
vn -0.8537 -0.3824 -0.3536
vn -0.8812 0.3824 -0.2779
vn -0.3653 0.9237 -0.1152
vn 0.3653 0.9237 0.1152
vn 0.8812 0.3824 0.2779
vn 0.8812 -0.3824 0.2779
vn 0.3653 -0.9237 0.1152
vn -0.3653 -0.9237 -0.1152
vn -0.8812 -0.3824 -0.2779
vn -0.9021 0.3824 -0.2000
vn -0.3739 0.9237 -0.0829
vn 0.3739 0.9237 0.0829
vn 0.9021 0.3824 0.2000
vn 0.9021 -0.3824 0.2000
vn 0.3739 -0.9237 0.0829
vn -0.3739 -0.9237 -0.0829
vn -0.9021 -0.3824 -0.2000
vn -0.9161 0.3824 -0.1206
vn -0.3797 0.9237 -0.0500
vn 0.3797 0.9237 0.0500
vn 0.9161 0.3824 0.1206
vn 0.9161 -0.3824 0.1206
vn 0.3797 -0.9237 0.0500
vn -0.3797 -0.9237 -0.0500
vn -0.9161 -0.3824 -0.1206
vn -0.9231 0.3824 -0.0403
vn -0.3826 0.9237 -0.0167
vn 0.3826 0.9238 0.0167
vn 0.9231 0.3824 0.0403
vn 0.9231 -0.3824 0.0403
vn 0.3826 -0.9238 0.0167
vn -0.3826 -0.9237 -0.0167
vn -0.9231 -0.3824 -0.0403
vn -0.3797 0.9237 0.0500
vn 0.3797 0.9238 -0.0500
vn 0.3797 -0.9238 -0.0500
vn -0.3797 -0.9237 0.0500
vn -0.3739 0.9237 0.0829
vn -0.3739 -0.9237 0.0829
vn -0.3653 0.9237 0.1152
vn 0.3653 -0.9237 -0.1152
vn -0.3653 -0.9237 0.1152
vn 0.3538 0.9237 -0.1466
vn 0.3538 -0.9237 -0.1466
vn -0.3397 0.9237 0.1768
vn -0.2824 0.9238 0.2587
vn 0.2824 0.9238 -0.2587
vn 0.6813 0.3824 -0.6243
vn 0.6813 -0.3824 -0.6243
vn -0.2824 -0.9238 0.2587
vn -0.6243 0.3824 0.6813
vn -0.2587 0.9237 0.2824
vn -0.2587 -0.9238 0.2824
vn -0.2332 0.9237 0.3039
vn 0.2331 -0.9238 -0.3038
vn -0.2332 -0.9237 0.3039
vn 0.2058 -0.9238 -0.3230
vn -0.2058 -0.9238 0.3230
vn -0.1769 0.9237 0.3397
vn -0.1769 -0.9237 0.3397
vn -0.1466 0.9238 0.3538
vn 0.1466 0.9237 -0.3538
vn 0.1466 -0.9237 -0.3538
vn -0.1466 -0.9238 0.3538
vn -0.2779 0.3823 0.8813
vn 0.1152 0.9237 -0.3653
vn 0.2779 -0.3824 -0.8812
vn 0.1152 -0.9237 -0.3653
vn -0.2779 -0.3823 0.8813
vn 0.0829 0.9238 -0.3739
vn 0.2000 0.3823 -0.9021
vn 0.0829 -0.9238 -0.3739
vn -0.0500 0.9238 0.3797
vn -0.0403 0.3823 0.9231
vn -0.0167 0.9237 0.3826
vn 0.0403 0.3824 -0.9231
vn 0.0403 -0.3824 -0.9231
vn 0.0167 -0.9238 0.3826
vn 0.0500 0.9238 0.3797
vn -0.0500 0.9237 -0.3797
vn -0.0500 -0.9237 -0.3797
vn 0.0829 0.9238 0.3739
vn 0.0829 -0.9238 0.3739
vn -0.1152 0.9238 -0.3653
vn -0.1152 -0.9238 -0.3653
vn 0.1152 -0.9237 0.3653
vn 0.1466 0.9238 0.3538
vn -0.1466 0.9237 -0.3538
vn -0.1466 -0.9237 -0.3538
vn 0.1466 -0.9238 0.3538
vn 0.1768 0.9238 0.3397
vn -0.1768 0.9238 -0.3397
vn 0.1768 -0.9238 0.3397
vn 0.2332 0.9238 0.3038
vn -0.2332 -0.9238 -0.3038
vn 0.2332 -0.9238 0.3038
vn 0.6243 0.3824 0.6813
vn -0.6243 -0.3824 -0.6812
vn -0.2588 -0.9237 -0.2824
vn 0.2587 -0.9237 0.2824
vn 0.2824 0.9238 0.2587
vn -0.2824 0.9237 -0.2587
vn 0.3039 0.9237 0.2332
vn -0.3038 0.9238 -0.2332
vn -0.3038 -0.9238 -0.2332
vn 0.3039 -0.9237 0.2332
vn -0.3230 -0.9238 -0.2058
vn 0.3230 -0.9238 0.2058
vn 0.3397 0.9238 0.1768
vn -0.3538 0.9237 -0.1466
vn -0.3538 -0.9237 -0.1466
vn -0.3653 0.9238 -0.1152
vn -0.3653 -0.9238 -0.1152
vn 0.3739 0.9238 0.0829
vn 0.3739 -0.9238 0.0829
vn -0.3797 0.9238 -0.0500
vn -0.3797 -0.9238 -0.0500
vn 0.3826 0.9237 0.0167
vn -0.3826 0.9238 -0.0167
vn -0.3826 -0.9238 -0.0167
vn 0.3826 -0.9237 0.0167
vn 0.3826 0.9237 -0.0167
vn 0.3826 -0.9237 -0.0167
vn 0.3739 -0.9238 -0.0829
vn 0.3653 0.9238 -0.1152
vn -0.3538 0.9238 0.1466
vn -0.3397 -0.9237 0.1768
vn 0.3230 0.9237 -0.2058
vn -0.3230 0.9238 0.2058
vn -0.3230 -0.9238 0.2058
vn 0.3230 -0.9237 -0.2058
vn 0.3039 0.9238 -0.2332
vn 0.3039 -0.9238 -0.2332
vn 0.6812 0.3824 -0.6242
vn -0.6812 0.3824 0.6242
vn -0.6812 -0.3824 0.6242
vn 0.2824 -0.9237 -0.2588
vn 0.6812 -0.3824 -0.6242
vn 0.2588 0.9237 -0.2824
vn -0.2587 0.9238 0.2824
vn -0.6243 -0.3824 0.6813
vn 0.2588 -0.9237 -0.2824
vn 0.2332 0.9237 -0.3039
vn 0.2332 -0.9237 -0.3039
vn 0.2779 0.3823 -0.8813
vn 0.0500 0.9238 -0.3797
vn -0.0500 -0.9237 0.3797
vn 0.0500 -0.9238 -0.3797
vn -0.0167 -0.9237 0.3826
vn -0.0403 0.3823 -0.9231
vn 0.0167 0.9238 0.3826
vn -0.0403 -0.3823 -0.9231
vn -0.2000 0.3823 -0.9021
vn -0.2000 -0.3823 -0.9021
vn 0.1152 0.9238 0.3653
vn -0.1769 0.9237 -0.3397
vn -0.1769 -0.9237 -0.3397
vn -0.2058 0.9238 -0.3230
vn 0.2058 0.9238 0.3230
vn -0.2058 -0.9238 -0.3230
vn 0.2331 0.9238 0.3038
vn 0.2331 -0.9238 0.3038
vn -0.2587 0.9237 -0.2824
vn -0.2587 -0.9238 -0.2824
vn -0.6242 -0.3824 -0.6812
vn -0.6812 0.3824 -0.6243
vn -0.2824 0.9237 -0.2588
vn 0.6812 0.3824 0.6242
vn 0.6812 -0.3824 0.6242
vn 0.2824 -0.9237 0.2588
vn -0.2824 -0.9237 -0.2587
vn -0.6812 -0.3824 -0.6243
vn -0.3230 0.9238 -0.2058
vn 0.3230 0.9238 0.2058
vn 0.3397 -0.9237 0.1768
vn -0.3397 -0.9237 -0.1768
vn 0.3538 0.9237 0.1466
vn 0.3797 0.9238 0.0500
vn 0.3797 -0.9238 0.0500
vn -0.3826 0.9237 0.0167
vn -0.3826 -0.9237 0.0167
vn -0.3538 -0.9238 0.1466
vn 0.3397 -0.9237 -0.1768
vn -0.3038 0.9238 0.2332
vn -0.6812 0.3824 0.6243
vn 0.6243 0.3824 -0.6812
vn -0.2587 -0.9237 0.2824
vn -0.2058 0.9237 0.3230
vn 0.1769 0.9237 -0.3397
vn 0.1769 -0.9237 -0.3397
vn -0.1768 -0.9238 0.3397
vn -0.1152 0.9238 0.3653
vn -0.1152 -0.9238 0.3653
vn -0.0829 0.9237 0.3739
vn -0.0829 -0.9237 0.3739
vn -0.1206 0.3823 0.9161
vn -0.1206 -0.3823 0.9161
vn -0.0403 -0.3823 0.9231
vn 0.0403 0.3823 0.9231
vn -0.0167 0.9238 -0.3826
vn -0.0167 -0.9238 -0.3826
vn 0.0403 -0.3823 0.9231
vn 0.0500 -0.9238 0.3797
vn 0.2000 0.3823 0.9021
vn -0.0829 -0.9237 -0.3739
vn 0.2000 -0.3823 0.9021
vn 0.1768 0.9237 0.3397
vn 0.1768 -0.9237 0.3397
vn -0.2332 0.9238 -0.3038
vn 0.6242 0.3824 0.6812
vn 0.2824 0.9237 0.2588
vn -0.3039 0.9238 -0.2332
vn -0.3397 0.9237 -0.1768
vn 0.3538 -0.9237 0.1466
vn 0.3653 0.9238 0.1152
vn 0.3653 -0.9238 0.1152
vn -0.3739 0.9238 -0.0829
vn -0.3739 -0.9238 -0.0829
s 0
usemtl Old_Gold
o CourtRing_13.0
v 13.075000 0.110000 0.000000
v 13.053033 0.163033 0.000000
v 13.000000 0.185000 0.000000
v 12.946967 0.163033 0.000000
v 12.925000 0.110000 0.000000
v 12.946967 0.056967 0.000000
v 13.000000 0.035000 0.000000
v 13.053033 0.056967 0.000000
v 13.025246 0.110000 -1.139561
v 13.003363 0.163033 -1.137647
v 12.950531 0.185000 -1.133024
v 12.897700 0.163033 -1.128402
v 12.875817 0.110000 -1.126488
v 12.897700 0.056967 -1.128402
v 12.950531 0.035000 -1.133024
v 13.003363 0.056967 -1.137647
v 12.876361 0.110000 -2.270449
v 12.854728 0.163033 -2.266635
v 12.802501 0.185000 -2.257426
v 12.750274 0.163033 -2.248217
v 12.728641 0.110000 -2.244402
v 12.750274 0.056967 -2.248217
v 12.802501 0.035000 -2.257426
v 12.854728 0.056967 -2.266635
v 12.629479 0.110000 -3.384058
v 12.608261 0.163033 -3.378373
v 12.557035 0.185000 -3.364647
v 12.505810 0.163033 -3.350921
v 12.484591 0.110000 -3.345235
v 12.505810 0.056967 -3.350921
v 12.557035 0.035000 -3.364647
v 12.608261 0.056967 -3.378373
v 12.286481 0.110000 -4.471912
v 12.265839 0.163033 -4.464399
v 12.216004 0.185000 -4.446261
v 12.166169 0.163033 -4.428123
v 12.145527 0.110000 -4.420609
v 12.166169 0.056967 -4.428123
v 12.216004 0.035000 -4.446261
v 12.265839 0.056967 -4.464399
v 11.849975 0.110000 -5.525733
v 11.830066 0.163033 -5.516449
v 11.782001 0.185000 -5.494036
v 11.733937 0.163033 -5.471624
v 11.714028 0.110000 -5.462340
v 11.733937 0.056967 -5.471624
v 11.782001 0.035000 -5.494036
v 11.830066 0.056967 -5.516449
v 11.323281 0.110000 -6.537501
v 11.304257 0.163033 -6.526518
v 11.258329 0.185000 -6.500001
v 11.212401 0.163033 -6.473485
v 11.193377 0.110000 -6.462502
v 11.212401 0.056967 -6.473485
v 11.258329 0.035000 -6.500001
v 11.304257 0.056967 -6.526518
v 10.710412 0.110000 -7.499513
v 10.692418 0.163033 -7.486913
v 10.648976 0.185000 -7.456495
v 10.605534 0.163033 -7.426076
v 10.587540 0.110000 -7.413476
v 10.605534 0.056967 -7.426076
v 10.648976 0.035000 -7.456495
v 10.692418 0.056967 -7.486913
v 10.016030 0.110000 -8.404449
v 9.999203 0.163033 -8.390329
v 9.958577 0.185000 -8.356240
v 9.917952 0.163033 -8.322151
v 9.901124 0.110000 -8.308031
v 9.917952 0.056967 -8.322151
v 9.958577 0.035000 -8.356240
v 9.999203 0.056967 -8.390329
v 9.245420 0.110000 -9.245421
v 9.229887 0.163033 -9.229889
v 9.192388 0.185000 -9.192389
v 9.154887 0.163033 -9.154889
v 9.139355 0.110000 -9.139356
v 9.154887 0.056967 -9.154889
v 9.192388 0.035000 -9.192389
v 9.229887 0.056967 -9.229889
v 8.404448 0.110000 -10.016031
v 8.390327 0.163033 -9.999204
v 8.356238 0.185000 -9.958578
v 8.322149 0.163033 -9.917953
v 8.308029 0.110000 -9.901125
v 8.322149 0.056967 -9.917953
v 8.356238 0.035000 -9.958578
v 8.390327 0.056967 -9.999204
v 7.499511 0.110000 -10.710413
v 7.486911 0.163033 -10.692419
v 7.456493 0.185000 -10.648976
v 7.426075 0.163033 -10.605535
v 7.413475 0.110000 -10.587541
v 7.426075 0.056967 -10.605535
v 7.456493 0.035000 -10.648976
v 7.486911 0.056967 -10.692419
v 6.537499 0.110000 -11.323282
v 6.526516 0.163033 -11.304258
v 6.500000 0.185000 -11.258331
v 6.473483 0.163033 -11.212403
v 6.462500 0.110000 -11.193379
v 6.473483 0.056967 -11.212403
v 6.500000 0.035000 -11.258331
v 6.526516 0.056967 -11.304258
v 5.525733 0.110000 -11.849975
v 5.516450 0.163033 -11.830066
v 5.494037 0.185000 -11.782001
v 5.471624 0.163033 -11.733937
v 5.462341 0.110000 -11.714028
v 5.471624 0.056967 -11.733937
v 5.494037 0.035000 -11.782001
v 5.516450 0.056967 -11.830066
v 4.471913 0.110000 -12.286481
v 4.464400 0.163033 -12.265839
v 4.446262 0.185000 -12.216004
v 4.428123 0.163033 -12.166169
v 4.420610 0.110000 -12.145527
v 4.428123 0.056967 -12.166169
v 4.446262 0.035000 -12.216004
v 4.464400 0.056967 -12.265839
v 3.384059 0.110000 -12.629479
v 3.378374 0.163033 -12.608261
v 3.364648 0.185000 -12.557035
v 3.350922 0.163033 -12.505810
v 3.345237 0.110000 -12.484591
v 3.350922 0.056967 -12.505810
v 3.364648 0.035000 -12.557035
v 3.378374 0.056967 -12.608261
v 2.270451 0.110000 -12.876361
v 2.266636 0.163033 -12.854728
v 2.257427 0.185000 -12.802501
v 2.248218 0.163033 -12.750274
v 2.244403 0.110000 -12.728641
v 2.248218 0.056967 -12.750274
v 2.257427 0.035000 -12.802501
v 2.266636 0.056967 -12.854728
v 1.139562 0.110000 -13.025246
v 1.137648 0.163033 -13.003363
v 1.133025 0.185000 -12.950531
v 1.128403 0.163033 -12.897700
v 1.126489 0.110000 -12.875817
v 1.128403 0.056967 -12.897700
v 1.133025 0.035000 -12.950531
v 1.137648 0.056967 -13.003363
v 0.000001 0.110000 -13.075000
v 0.000001 0.163033 -13.053033
v 0.000001 0.185000 -13.000000
v 0.000001 0.163033 -12.946967
v 0.000001 0.110000 -12.925000
v 0.000001 0.056967 -12.946967
v 0.000001 0.035000 -13.000000
v 0.000001 0.056967 -13.053033
v -1.139560 0.110000 -13.025246
v -1.137645 0.163033 -13.003363
v -1.133023 0.185000 -12.950531
v -1.128401 0.163033 -12.897700
v -1.126487 0.110000 -12.875817
v -1.128401 0.056967 -12.897700
v -1.133023 0.035000 -12.950531
v -1.137645 0.056967 -13.003363
v -2.270448 0.110000 -12.876362
v -2.266634 0.163033 -12.854729
v -2.257425 0.185000 -12.802502
v -2.248216 0.163033 -12.750274
v -2.244401 0.110000 -12.728641
v -2.248216 0.056967 -12.750274
v -2.257425 0.035000 -12.802502
v -2.266634 0.056967 -12.854729
v -3.384057 0.110000 -12.629480
v -3.378372 0.163033 -12.608262
v -3.364646 0.185000 -12.557036
v -3.350920 0.163033 -12.505811
v -3.345235 0.110000 -12.484592
v -3.350920 0.056967 -12.505811
v -3.364646 0.035000 -12.557036
v -3.378372 0.056967 -12.608262
v -4.471911 0.110000 -12.286482
v -4.464398 0.163033 -12.265840
v -4.446260 0.185000 -12.216004
v -4.428122 0.163033 -12.166170
v -4.420609 0.110000 -12.145528
v -4.428122 0.056967 -12.166170
v -4.446260 0.035000 -12.216004
v -4.464398 0.056967 -12.265840
v -5.525737 0.110000 -11.849972
v -5.516454 0.163033 -11.830064
v -5.494041 0.185000 -11.782000
v -5.471628 0.163033 -11.733935
v -5.462345 0.110000 -11.714026
v -5.471628 0.056967 -11.733935
v -5.494041 0.035000 -11.782000
v -5.516454 0.056967 -11.830064
v -6.537498 0.110000 -11.323283
v -6.526515 0.163033 -11.304259
v -6.499998 0.185000 -11.258331
v -6.473482 0.163033 -11.212404
v -6.462498 0.110000 -11.193379
v -6.473482 0.056967 -11.212404
v -6.499998 0.035000 -11.258331
v -6.526515 0.056967 -11.304259
v -7.499515 0.110000 -10.710411
v -7.486916 0.163033 -10.692416
v -7.456497 0.185000 -10.648974
v -7.426078 0.163033 -10.605533
v -7.413479 0.110000 -10.587538
v -7.426078 0.056967 -10.605533
v -7.456497 0.035000 -10.648974
v -7.486916 0.056967 -10.692416
v -8.404446 0.110000 -10.016032
v -8.390326 0.163033 -9.999205
v -8.356237 0.185000 -9.958579
v -8.322148 0.163033 -9.917953
v -8.308028 0.110000 -9.901126
v -8.322148 0.056967 -9.917953
v -8.356237 0.035000 -9.958579
v -8.390326 0.056967 -9.999205
v -9.245423 0.110000 -9.245419
v -9.229890 0.163033 -9.229885
v -9.192390 0.185000 -9.192386
v -9.154890 0.163033 -9.154886
v -9.139358 0.110000 -9.139353
v -9.154890 0.056967 -9.154886
v -9.192390 0.035000 -9.192386
v -9.229890 0.056967 -9.229885
v -10.016028 0.110000 -8.404450
v -9.999201 0.163033 -8.390330
v -9.958575 0.185000 -8.356241
v -9.917950 0.163033 -8.322153
v -9.901122 0.110000 -8.308033
v -9.917950 0.056967 -8.322153
v -9.958575 0.035000 -8.356241
v -9.999201 0.056967 -8.390330
v -10.710415 0.110000 -7.499510
v -10.692420 0.163033 -7.486910
v -10.648978 0.185000 -7.456491
v -10.605536 0.163033 -7.426073
v -10.587542 0.110000 -7.413474
v -10.605536 0.056967 -7.426073
v -10.648978 0.035000 -7.456491
v -10.692420 0.056967 -7.486910
v -11.323280 0.110000 -6.537503
v -11.304256 0.163033 -6.526520
v -11.258328 0.185000 -6.500003
v -11.212400 0.163033 -6.473486
v -11.193377 0.110000 -6.462503
v -11.212400 0.056967 -6.473486
v -11.258328 0.035000 -6.500003
v -11.304256 0.056967 -6.526520
v -11.849976 0.110000 -5.525732
v -11.830067 0.163033 -5.516448
v -11.782002 0.185000 -5.494035
v -11.733938 0.163033 -5.471622
v -11.714029 0.110000 -5.462339
v -11.733938 0.056967 -5.471622
v -11.782002 0.035000 -5.494035
v -11.830067 0.056967 -5.516448
v -12.286479 0.110000 -4.471917
v -12.265837 0.163033 -4.464404
v -12.216002 0.185000 -4.446266
v -12.166168 0.163033 -4.428128
v -12.145526 0.110000 -4.420614
v -12.166168 0.056967 -4.428128
v -12.216002 0.035000 -4.446266
v -12.265837 0.056967 -4.464404
v -12.629480 0.110000 -3.384057
v -12.608262 0.163033 -3.378372
v -12.557036 0.185000 -3.364646
v -12.505811 0.163033 -3.350920
v -12.484592 0.110000 -3.345235
v -12.505811 0.056967 -3.350920
v -12.557036 0.035000 -3.364646
v -12.608262 0.056967 -3.378372
v -12.876360 0.110000 -2.270454
v -12.854727 0.163033 -2.266640
v -12.802500 0.185000 -2.257431
v -12.750273 0.163033 -2.248222
v -12.728640 0.110000 -2.244407
v -12.750273 0.056967 -2.248222
v -12.802500 0.035000 -2.257431
v -12.854727 0.056967 -2.266640
v -13.025246 0.110000 -1.139560
v -13.003363 0.163033 -1.137645
v -12.950531 0.185000 -1.133023
v -12.897700 0.163033 -1.128401
v -12.875817 0.110000 -1.126487
v -12.897700 0.056967 -1.128401
v -12.950531 0.035000 -1.133023
v -13.003363 0.056967 -1.137645
v -13.075000 0.110000 -0.000001
v -13.053033 0.163033 -0.000001
v -13.000000 0.185000 -0.000001
v -12.946967 0.163033 -0.000001
v -12.925000 0.110000 -0.000001
v -12.946967 0.056967 -0.000001
v -13.000000 0.035000 -0.000001
v -13.053033 0.056967 -0.000001
v -13.025246 0.110000 1.139560
v -13.003363 0.163033 1.137645
v -12.950531 0.185000 1.133023
v -12.897700 0.163033 1.128401
v -12.875817 0.110000 1.126487
v -12.897700 0.056967 1.128401
v -12.950531 0.035000 1.133023
v -13.003363 0.056967 1.137645
v -12.876362 0.110000 2.270448
v -12.854729 0.163033 2.266634
v -12.802502 0.185000 2.257425
v -12.750274 0.163033 2.248216
v -12.728641 0.110000 2.244401
v -12.750274 0.056967 2.248216
v -12.802502 0.035000 2.257425
v -12.854729 0.056967 2.266634
v -12.629480 0.110000 3.384057
v -12.608262 0.163033 3.378372
v -12.557036 0.185000 3.364646
v -12.505811 0.163033 3.350920
v -12.484592 0.110000 3.345235
v -12.505811 0.056967 3.350920
v -12.557036 0.035000 3.364646
v -12.608262 0.056967 3.378372
v -12.286482 0.110000 4.471911
v -12.265840 0.163033 4.464398
v -12.216004 0.185000 4.446260
v -12.166170 0.163033 4.428122
v -12.145528 0.110000 4.420609
v -12.166170 0.056967 4.428122
v -12.216004 0.035000 4.446260
v -12.265840 0.056967 4.464398
v -11.849976 0.110000 5.525732
v -11.830067 0.163033 5.516448
v -11.782002 0.185000 5.494035
v -11.733938 0.163033 5.471622
v -11.714029 0.110000 5.462339
v -11.733938 0.056967 5.471622
v -11.782002 0.035000 5.494035
v -11.830067 0.056967 5.516448
v -11.323283 0.110000 6.537498
v -11.304259 0.163033 6.526514
v -11.258331 0.185000 6.499998
v -11.212404 0.163033 6.473481
v -11.193379 0.110000 6.462498
v -11.212404 0.056967 6.473481
v -11.258331 0.035000 6.499998
v -11.304259 0.056967 6.526514
v -10.710415 0.110000 7.499510
v -10.692420 0.163033 7.486910
v -10.648978 0.185000 7.456491
v -10.605536 0.163033 7.426073
v -10.587542 0.110000 7.413474
v -10.605536 0.056967 7.426073
v -10.648978 0.035000 7.456491
v -10.692420 0.056967 7.486910
v -10.016033 0.110000 8.404446
v -9.999206 0.163033 8.390326
v -9.958580 0.185000 8.356237
v -9.917954 0.163033 8.322148
v -9.901127 0.110000 8.308028
v -9.917954 0.056967 8.322148
v -9.958580 0.035000 8.356237
v -9.999206 0.056967 8.390326
v -9.245423 0.110000 9.245419
v -9.229890 0.163033 9.229885
v -9.192390 0.185000 9.192386
v -9.154890 0.163033 9.154886
v -9.139358 0.110000 9.139353
v -9.154890 0.056967 9.154886
v -9.192390 0.035000 9.192386
v -9.229890 0.056967 9.229885
v -8.404446 0.110000 10.016032
v -8.390326 0.163033 9.999205
v -8.356237 0.185000 9.958579
v -8.322148 0.163033 9.917953
v -8.308028 0.110000 9.901126
v -8.322148 0.056967 9.917953
v -8.356237 0.035000 9.958579
v -8.390326 0.056967 9.999205
v -7.499515 0.110000 10.710411
v -7.486916 0.163033 10.692416
v -7.456497 0.185000 10.648974
v -7.426078 0.163033 10.605533
v -7.413479 0.110000 10.587538
v -7.426078 0.056967 10.605533
v -7.456497 0.035000 10.648974
v -7.486916 0.056967 10.692416
v -6.537498 0.110000 11.323283
v -6.526515 0.163033 11.304259
v -6.499998 0.185000 11.258331
v -6.473482 0.163033 11.212404
v -6.462498 0.110000 11.193379
v -6.473482 0.056967 11.212404
v -6.499998 0.035000 11.258331
v -6.526515 0.056967 11.304259
v -5.525737 0.110000 11.849972
v -5.516454 0.163033 11.830064
v -5.494041 0.185000 11.782000
v -5.471628 0.163033 11.733935
v -5.462345 0.110000 11.714026
v -5.471628 0.056967 11.733935
v -5.494041 0.035000 11.782000
v -5.516454 0.056967 11.830064
v -4.471911 0.110000 12.286482
v -4.464398 0.163033 12.265840
v -4.446260 0.185000 12.216004
v -4.428122 0.163033 12.166170
v -4.420609 0.110000 12.145528
v -4.428122 0.056967 12.166170
v -4.446260 0.035000 12.216004
v -4.464398 0.056967 12.265840
v -3.384063 0.110000 12.629479
v -3.378378 0.163033 12.608260
v -3.364652 0.185000 12.557034
v -3.350926 0.163033 12.505809
v -3.345240 0.110000 12.484591
v -3.350926 0.056967 12.505809
v -3.364652 0.035000 12.557034
v -3.378378 0.056967 12.608260
v -2.270448 0.110000 12.876362
v -2.266634 0.163033 12.854729
v -2.257425 0.185000 12.802502
v -2.248216 0.163033 12.750274
v -2.244401 0.110000 12.728641
v -2.248216 0.056967 12.750274
v -2.257425 0.035000 12.802502
v -2.266634 0.056967 12.854729
v -1.139566 0.110000 13.025245
v -1.137652 0.163033 13.003362
v -1.133030 0.185000 12.950531
v -1.128407 0.163033 12.897699
v -1.126493 0.110000 12.875816
v -1.128407 0.056967 12.897699
v -1.133030 0.035000 12.950531
v -1.137652 0.056967 13.003362
v 0.000001 0.110000 13.075000
v 0.000001 0.163033 13.053033
v 0.000001 0.185000 13.000000
v 0.000001 0.163033 12.946967
v 0.000001 0.110000 12.925000
v 0.000001 0.056967 12.946967
v 0.000001 0.035000 13.000000
v 0.000001 0.056967 13.053033
v 1.139556 0.110000 13.025246
v 1.137641 0.163033 13.003363
v 1.133019 0.185000 12.950531
v 1.128397 0.163033 12.897700
v 1.126483 0.110000 12.875817
v 1.128397 0.056967 12.897700
v 1.133019 0.035000 12.950531
v 1.137641 0.056967 13.003363
v 2.270451 0.110000 12.876361
v 2.266636 0.163033 12.854728
v 2.257427 0.185000 12.802501
v 2.248218 0.163033 12.750274
v 2.244403 0.110000 12.728641
v 2.248218 0.056967 12.750274
v 2.257427 0.035000 12.802501
v 2.266636 0.056967 12.854728
v 3.384053 0.110000 12.629481
v 3.378368 0.163033 12.608263
v 3.364642 0.185000 12.557037
v 3.350916 0.163033 12.505812
v 3.345230 0.110000 12.484592
v 3.350916 0.056967 12.505812
v 3.364642 0.035000 12.557037
v 3.378368 0.056967 12.608263
v 4.471913 0.110000 12.286481
v 4.464400 0.163033 12.265839
v 4.446262 0.185000 12.216004
v 4.428123 0.163033 12.166169
v 4.420610 0.110000 12.145527
v 4.428123 0.056967 12.166169
v 4.446262 0.035000 12.216004
v 4.464400 0.056967 12.265839
v 5.525728 0.110000 11.849977
v 5.516444 0.163033 11.830068
v 5.494032 0.185000 11.782004
v 5.471619 0.163033 11.733940
v 5.462336 0.110000 11.714031
v 5.471619 0.056967 11.733940
v 5.494032 0.035000 11.782004
v 5.516444 0.056967 11.830068
v 6.537499 0.110000 11.323282
v 6.526516 0.163033 11.304258
v 6.500000 0.185000 11.258331
v 6.473483 0.163033 11.212403
v 6.462500 0.110000 11.193379
v 6.473483 0.056967 11.212403
v 6.500000 0.035000 11.258331
v 6.526516 0.056967 11.304258
v 7.499506 0.110000 10.710417
v 7.486907 0.163033 10.692423
v 7.456489 0.185000 10.648981
v 7.426070 0.163033 10.605538
v 7.413470 0.110000 10.587544
v 7.426070 0.056967 10.605538
v 7.456489 0.035000 10.648981
v 7.486907 0.056967 10.692423
v 8.404448 0.110000 10.016031
v 8.390327 0.163033 9.999204
v 8.356238 0.185000 9.958578
v 8.322149 0.163033 9.917953
v 8.308029 0.110000 9.901125
v 8.322149 0.056967 9.917953
v 8.356238 0.035000 9.958578
v 8.390327 0.056967 9.999204
v 9.245417 0.110000 9.245426
v 9.229883 0.163033 9.229894
v 9.192384 0.185000 9.192393
v 9.154883 0.163033 9.154894
v 9.139351 0.110000 9.139360
v 9.154883 0.056967 9.154894
v 9.192384 0.035000 9.192393
v 9.229883 0.056967 9.229894
v 10.016030 0.110000 8.404449
v 9.999203 0.163033 8.390329
v 9.958577 0.185000 8.356240
v 9.917952 0.163033 8.322151
v 9.901124 0.110000 8.308031
v 9.917952 0.056967 8.322151
v 9.958577 0.035000 8.356240
v 9.999203 0.056967 8.390329
v 10.710408 0.110000 7.499518
v 10.692414 0.163033 7.486918
v 10.648973 0.185000 7.456500
v 10.605530 0.163033 7.426082
v 10.587536 0.110000 7.413482
v 10.605530 0.056967 7.426082
v 10.648973 0.035000 7.456500
v 10.692414 0.056967 7.486918
v 11.323281 0.110000 6.537501
v 11.304257 0.163033 6.526518
v 11.258329 0.185000 6.500001
v 11.212401 0.163033 6.473485
v 11.193377 0.110000 6.462502
v 11.212401 0.056967 6.473485
v 11.258329 0.035000 6.500001
v 11.304257 0.056967 6.526518
v 11.849971 0.110000 5.525741
v 11.830062 0.163033 5.516458
v 11.781998 0.185000 5.494045
v 11.733933 0.163033 5.471632
v 11.714025 0.110000 5.462348
v 11.733933 0.056967 5.471632
v 11.781998 0.035000 5.494045
v 11.830062 0.056967 5.516458
v 12.286480 0.110000 4.471915
v 12.265838 0.163033 4.464402
v 12.216003 0.185000 4.446264
v 12.166168 0.163033 4.428125
v 12.145527 0.110000 4.420612
v 12.166168 0.056967 4.428125
v 12.216003 0.035000 4.446264
v 12.265838 0.056967 4.464402
v 12.629480 0.110000 3.384055
v 12.608262 0.163033 3.378370
v 12.557036 0.185000 3.364644
v 12.505811 0.163033 3.350918
v 12.484592 0.110000 3.345233
v 12.505811 0.056967 3.350918
v 12.557036 0.035000 3.364644
v 12.608262 0.056967 3.378370
v 12.876361 0.110000 2.270452
v 12.854728 0.163033 2.266638
v 12.802501 0.185000 2.257429
v 12.750274 0.163033 2.248220
v 12.728641 0.110000 2.244405
v 12.750274 0.056967 2.248220
v 12.802501 0.035000 2.257429
v 12.854728 0.056967 2.266638
v 13.025246 0.110000 1.139558
v 13.003363 0.163033 1.137643
v 12.950531 0.185000 1.133021
v 12.897700 0.163033 1.128399
v 12.875817 0.110000 1.126485
v 12.897700 0.056967 1.128399
v 12.950531 0.035000 1.133021
v 13.003363 0.056967 1.137643
vn 0.9231 0.3824 -0.0403
vn 0.3826 0.9238 -0.0167
vn -0.3826 0.9238 0.0167
vn -0.9231 0.3824 0.0403
vn -0.9231 -0.3824 0.0403
vn -0.3826 -0.9238 0.0167
vn 0.3826 -0.9238 -0.0167
vn 0.9231 -0.3824 -0.0403
vn 0.9161 0.3824 -0.1206
vn 0.3797 0.9238 -0.0500
vn -0.3797 0.9237 0.0500
vn -0.9161 0.3824 0.1206
vn -0.9161 -0.3824 0.1206
vn -0.3797 -0.9237 0.0500
vn 0.3797 -0.9238 -0.0500
vn 0.9161 -0.3824 -0.1206
vn 0.9021 0.3824 -0.2000
vn 0.3739 0.9237 -0.0829
vn -0.3739 0.9237 0.0829
vn -0.9021 0.3824 0.2000
vn -0.9021 -0.3824 0.2000
vn -0.3739 -0.9237 0.0829
vn 0.3739 -0.9237 -0.0829
vn 0.9021 -0.3824 -0.2000
vn 0.8812 0.3824 -0.2779
vn 0.3653 0.9237 -0.1152
vn -0.3653 0.9238 0.1152
vn -0.8812 0.3824 0.2779
vn -0.8812 -0.3824 0.2779
vn -0.3653 -0.9238 0.1152
vn 0.3653 -0.9237 -0.1152
vn 0.8812 -0.3824 -0.2779
vn 0.8537 0.3824 -0.3536
vn 0.3538 0.9237 -0.1466
vn -0.3538 0.9238 0.1466
vn -0.8537 0.3824 0.3536
vn -0.8537 -0.3824 0.3536
vn -0.3538 -0.9238 0.1466
vn 0.3538 -0.9237 -0.1466
vn 0.8537 -0.3824 -0.3536
vn 0.8196 0.3824 -0.4267
vn 0.3397 0.9238 -0.1768
vn -0.3397 0.9238 0.1768
vn -0.8196 0.3824 0.4267
vn -0.8196 -0.3824 0.4267
vn -0.3397 -0.9238 0.1768
vn 0.3397 -0.9238 -0.1768
vn 0.8196 -0.3824 -0.4267
vn 0.7793 0.3824 -0.4965
vn 0.3230 0.9238 -0.2058
vn -0.3230 0.9238 0.2058
vn -0.7793 0.3824 0.4965
vn -0.7793 -0.3824 0.4965
vn -0.3230 -0.9238 0.2058
vn 0.3230 -0.9238 -0.2058
vn 0.7793 -0.3824 -0.4965
vn 0.7331 0.3824 -0.5625
vn 0.3039 0.9237 -0.2332
vn -0.3038 0.9238 0.2332
vn -0.7331 0.3824 0.5625
vn -0.7331 -0.3824 0.5625
vn -0.3038 -0.9238 0.2332
vn 0.3039 -0.9237 -0.2332
vn 0.7331 -0.3824 -0.5625
vn 0.6812 0.3824 -0.6242
vn 0.2824 0.9237 -0.2588
vn -0.2824 0.9238 0.2587
vn -0.6813 0.3824 0.6243
vn -0.6813 -0.3824 0.6243
vn -0.2824 -0.9238 0.2587
vn 0.2824 -0.9237 -0.2588
vn 0.6812 -0.3824 -0.6242
vn 0.6243 0.3824 -0.6813
vn 0.2587 0.9238 -0.2824
vn -0.2588 0.9237 0.2824
vn -0.6243 0.3824 0.6813
vn -0.6243 -0.3824 0.6813
vn -0.2588 -0.9237 0.2824
vn 0.2587 -0.9238 -0.2824
vn 0.6243 -0.3824 -0.6813
vn 0.5625 0.3823 -0.7331
vn 0.2331 0.9238 -0.3038
vn -0.2332 0.9238 0.3038
vn -0.5625 0.3824 0.7331
vn -0.5625 -0.3823 0.7331
vn -0.2331 -0.9238 0.3038
vn 0.2332 -0.9237 -0.3039
vn 0.5625 -0.3823 -0.7331
vn 0.4965 0.3824 -0.7793
vn 0.2058 0.9237 -0.3230
vn -0.2058 0.9237 0.3230
vn -0.4965 0.3824 0.7793
vn -0.4965 -0.3824 0.7793
vn -0.2058 -0.9237 0.3230
vn 0.2058 -0.9237 -0.3230
vn 0.4965 -0.3824 -0.7793
vn 0.4267 0.3824 -0.8196
vn 0.1769 0.9237 -0.3397
vn -0.1768 0.9238 0.3397
vn -0.4267 0.3824 0.8196
vn -0.4267 -0.3824 0.8196
vn -0.1768 -0.9237 0.3397
vn 0.1769 -0.9237 -0.3397
vn 0.4267 -0.3824 -0.8196
vn 0.3536 0.3824 -0.8537
vn 0.1466 0.9238 -0.3538
vn -0.1466 0.9237 0.3538
vn -0.3536 0.3824 0.8537
vn -0.3536 -0.3824 0.8537
vn -0.1466 -0.9237 0.3538
vn 0.1466 -0.9238 -0.3538
vn 0.3536 -0.3824 -0.8537
vn 0.2779 0.3824 -0.8812
vn 0.1152 0.9238 -0.3653
vn -0.1152 0.9238 0.3653
vn -0.2779 0.3824 0.8812
vn -0.2779 -0.3824 0.8813
vn -0.1152 -0.9238 0.3653
vn 0.1152 -0.9238 -0.3653
vn 0.2779 -0.3824 -0.8812
vn 0.2000 0.3824 -0.9021
vn 0.0829 0.9238 -0.3739
vn -0.0829 0.9237 0.3739
vn -0.2000 0.3824 0.9021
vn -0.2000 -0.3824 0.9021
vn -0.0829 -0.9237 0.3739
vn 0.0829 -0.9238 -0.3739
vn 0.2000 -0.3824 -0.9021
vn 0.1206 0.3824 -0.9161
vn 0.0500 0.9237 -0.3797
vn -0.0500 0.9238 0.3797
vn -0.1206 0.3824 0.9161
vn -0.1206 -0.3824 0.9161
vn -0.0500 -0.9238 0.3797
vn 0.0500 -0.9237 -0.3797
vn 0.1206 -0.3824 -0.9161
vn 0.0403 0.3824 -0.9231
vn 0.0167 0.9238 -0.3826
vn -0.0167 0.9237 0.3826
vn -0.0403 0.3824 0.9231
vn -0.0403 -0.3824 0.9231
vn -0.0167 -0.9237 0.3826
vn 0.0167 -0.9238 -0.3826
vn 0.0403 -0.3823 -0.9231
vn -0.0403 0.3823 -0.9231
vn -0.0167 0.9238 -0.3826
vn 0.0167 0.9237 0.3826
vn 0.0403 0.3824 0.9231
vn 0.0403 -0.3824 0.9231
vn 0.0167 -0.9238 0.3826
vn -0.0167 -0.9237 -0.3826
vn -0.0403 -0.3823 -0.9231
vn -0.1206 0.3824 -0.9161
vn -0.0500 0.9237 -0.3797
vn 0.0500 0.9238 0.3797
vn 0.1206 0.3824 0.9161
vn 0.1206 -0.3824 0.9161
vn 0.0500 -0.9238 0.3797
vn -0.0500 -0.9237 -0.3797
vn -0.1206 -0.3824 -0.9161
vn -0.2000 0.3824 -0.9021
vn -0.0829 0.9237 -0.3739
vn 0.0829 0.9238 0.3739
vn 0.2000 0.3824 0.9021
vn 0.2000 -0.3824 0.9021
vn 0.0829 -0.9238 0.3739
vn -0.0829 -0.9238 -0.3739
vn -0.2000 -0.3824 -0.9021
vn -0.2779 0.3823 -0.8813
vn -0.1152 0.9237 -0.3653
vn 0.1152 0.9237 0.3653
vn 0.2779 0.3824 0.8812
vn 0.2779 -0.3824 0.8812
vn 0.1152 -0.9237 0.3653
vn -0.1152 -0.9237 -0.3653
vn -0.2779 -0.3824 -0.8812
vn -0.3536 0.3824 -0.8537
vn -0.1466 0.9238 -0.3538
vn 0.1466 0.9238 0.3538
vn 0.3536 0.3823 0.8537
vn 0.3536 -0.3823 0.8537
vn 0.1466 -0.9237 0.3538
vn -0.1466 -0.9238 -0.3538
vn -0.3536 -0.3824 -0.8537
vn -0.4267 0.3824 -0.8196
vn -0.1769 0.9237 -0.3397
vn 0.1768 0.9237 0.3397
vn 0.4267 0.3824 0.8196
vn 0.4267 -0.3824 0.8196
vn 0.1768 -0.9238 0.3397
vn -0.1768 -0.9238 -0.3397
vn -0.4267 -0.3824 -0.8196
vn -0.4965 0.3824 -0.7793
vn -0.2058 0.9237 -0.3230
vn 0.2058 0.9238 0.3230
vn 0.4965 0.3824 0.7793
vn 0.4965 -0.3824 0.7793
vn 0.2058 -0.9238 0.3230
vn -0.2058 -0.9238 -0.3230
vn -0.4965 -0.3824 -0.7793
vn -0.5625 0.3824 -0.7331
vn -0.2332 0.9238 -0.3039
vn 0.2332 0.9238 0.3038
vn 0.5625 0.3824 0.7331
vn 0.5625 -0.3824 0.7331
vn 0.2332 -0.9237 0.3039
vn -0.2331 -0.9238 -0.3038
vn -0.5625 -0.3824 -0.7331
vn -0.6242 0.3824 -0.6812
vn -0.2588 0.9237 -0.2824
vn 0.2588 0.9237 0.2824
vn 0.6242 0.3824 0.6812
vn 0.6242 -0.3824 0.6812
vn 0.2588 -0.9237 0.2824
vn -0.2587 -0.9238 -0.2824
vn -0.6243 -0.3824 -0.6813
vn -0.6812 0.3824 -0.6242
vn -0.2824 0.9238 -0.2587
vn 0.2824 0.9237 0.2588
vn 0.6812 0.3824 0.6242
vn 0.6812 -0.3824 0.6243
vn 0.2824 -0.9237 0.2588
vn -0.2824 -0.9238 -0.2587
vn -0.6812 -0.3824 -0.6243
vn -0.7331 0.3824 -0.5625
vn -0.3038 0.9238 -0.2332
vn 0.3038 0.9238 0.2332
vn 0.7331 0.3824 0.5625
vn 0.7331 -0.3824 0.5625
vn 0.3038 -0.9238 0.2332
vn -0.3038 -0.9238 -0.2332
vn -0.7331 -0.3824 -0.5625
vn -0.7793 0.3824 -0.4965
vn -0.3230 0.9237 -0.2058
vn 0.3230 0.9237 0.2058
vn 0.7793 0.3824 0.4965
vn 0.7793 -0.3824 0.4965
vn 0.3230 -0.9238 0.2058
vn -0.3230 -0.9237 -0.2058
vn -0.7793 -0.3824 -0.4965
vn -0.8196 0.3824 -0.4267
vn -0.3397 0.9238 -0.1768
vn 0.3397 0.9238 0.1768
vn 0.8196 0.3824 0.4267
vn 0.8196 -0.3824 0.4267
vn 0.3397 -0.9238 0.1768
vn -0.3397 -0.9238 -0.1768
vn -0.8196 -0.3824 -0.4267
vn -0.8537 0.3824 -0.3536
vn -0.3538 0.9238 -0.1466
vn 0.3538 0.9237 0.1466
vn 0.8537 0.3824 0.3536
vn 0.8537 -0.3824 0.3536
vn 0.3538 -0.9238 0.1466
vn -0.3538 -0.9238 -0.1466
vn -0.8537 -0.3824 -0.3536
vn -0.8812 0.3824 -0.2779
vn -0.3653 0.9237 -0.1152
vn 0.3653 0.9237 0.1152
vn 0.8812 0.3824 0.2779
vn 0.8812 -0.3824 0.2779
vn 0.3653 -0.9237 0.1152
vn -0.3653 -0.9237 -0.1152
vn -0.8812 -0.3824 -0.2779
vn -0.9021 0.3824 -0.2000
vn -0.3739 0.9238 -0.0829
vn 0.3739 0.9237 0.0829
vn 0.9021 0.3824 0.2000
vn 0.9021 -0.3824 0.2000
vn 0.3739 -0.9237 0.0829
vn -0.3739 -0.9238 -0.0829
vn -0.9021 -0.3824 -0.2000
vn -0.9161 0.3824 -0.1206
vn -0.3797 0.9237 -0.0500
vn 0.3797 0.9237 0.0500
vn 0.9161 0.3824 0.1206
vn 0.9161 -0.3824 0.1206
vn 0.3797 -0.9237 0.0500
vn -0.3797 -0.9237 -0.0500
vn -0.9161 -0.3824 -0.1206
vn -0.9231 0.3824 -0.0403
vn -0.3826 0.9238 -0.0167
vn 0.3826 0.9237 0.0167
vn 0.9231 0.3824 0.0403
vn 0.9231 -0.3824 0.0403
vn 0.3826 -0.9237 0.0167
vn -0.3826 -0.9238 -0.0167
vn -0.9231 -0.3824 -0.0403
vn -0.3797 0.9238 0.0500
vn 0.3797 0.9237 -0.0500
vn 0.3797 -0.9237 -0.0500
vn -0.3797 -0.9238 0.0500
vn 0.3739 0.9238 -0.0829
vn 0.3739 -0.9238 -0.0829
vn -0.3739 -0.9238 0.0829
vn -0.3653 0.9237 0.1152
vn -0.3397 0.9237 0.1768
vn -0.3230 0.9237 0.2058
vn 0.3230 0.9237 -0.2058
vn 0.3230 -0.9237 -0.2058
vn -0.3230 -0.9237 0.2058
vn -0.3039 0.9237 0.2332
vn 0.3039 -0.9238 -0.2332
vn -0.3039 -0.9237 0.2332
vn -0.2824 0.9237 0.2588
vn -0.2824 -0.9237 0.2588
vn -0.6812 -0.3824 0.6242
vn -0.2332 0.9238 0.3039
vn 0.2332 0.9237 -0.3039
vn 0.5625 0.3824 -0.7331
vn 0.5625 -0.3824 -0.7331
vn 0.2332 -0.9238 -0.3039
vn -0.2332 -0.9237 0.3039
vn -0.5625 -0.3824 0.7331
vn -0.2058 0.9238 0.3230
vn 0.2058 0.9238 -0.3230
vn 0.2058 -0.9238 -0.3230
vn -0.2058 -0.9238 0.3230
vn 0.1768 0.9238 -0.3397
vn 0.1768 -0.9238 -0.3397
vn -0.1769 -0.9237 0.3397
vn -0.3536 0.3823 0.8537
vn -0.1466 -0.9238 0.3538
vn -0.3536 -0.3823 0.8537
vn -0.2779 0.3823 0.8813
vn 0.1152 0.9237 -0.3653
vn 0.2779 -0.3824 -0.8813
vn -0.2000 0.3823 0.9021
vn -0.0829 0.9238 0.3739
vn 0.0829 0.9237 -0.3739
vn 0.0829 -0.9237 -0.3739
vn -0.0829 -0.9238 0.3739
vn -0.2000 -0.3823 0.9021
vn 0.0500 0.9238 -0.3797
vn 0.0500 -0.9238 -0.3797
vn -0.0500 -0.9237 0.3797
vn -0.0167 0.9238 0.3826
vn 0.0403 -0.3824 -0.9231
vn 0.0403 0.3823 0.9231
vn 0.0167 0.9238 0.3826
vn -0.0403 0.3824 -0.9231
vn -0.0403 -0.3824 -0.9231
vn -0.0167 -0.9238 -0.3826
vn 0.0167 -0.9237 0.3826
vn 0.0403 -0.3823 0.9231
vn 0.0500 0.9237 0.3797
vn -0.0500 0.9238 -0.3797
vn -0.0500 -0.9238 -0.3797
vn 0.0500 -0.9237 0.3797
vn 0.0829 0.9237 0.3739
vn -0.0829 0.9238 -0.3739
vn -0.0829 -0.9237 -0.3739
vn 0.0829 -0.9237 0.3739
vn 0.2779 0.3823 0.8813
vn 0.1152 0.9238 0.3653
vn -0.2779 0.3824 -0.8812
vn 0.1152 -0.9238 0.3653
vn 0.3536 0.3824 0.8537
vn 0.1466 0.9237 0.3538
vn -0.3536 0.3823 -0.8537
vn 0.1466 -0.9238 0.3538
vn 0.3536 -0.3824 0.8537
vn 0.1768 0.9238 0.3397
vn -0.1768 0.9238 -0.3397
vn 0.1769 -0.9237 0.3397
vn -0.2058 -0.9237 -0.3230
vn 0.2058 -0.9237 0.3230
vn 0.2332 0.9237 0.3039
vn -0.2332 0.9237 -0.3039
vn -0.2332 -0.9237 -0.3039
vn 0.6243 0.3824 0.6813
vn 0.2587 0.9238 0.2824
vn -0.2587 0.9238 -0.2824
vn -0.6243 0.3824 -0.6813
vn 0.6242 -0.3824 0.6813
vn 0.6813 0.3824 0.6243
vn 0.2824 0.9238 0.2587
vn -0.6813 0.3824 -0.6243
vn 0.2824 -0.9238 0.2587
vn 0.6813 -0.3824 0.6243
vn 0.3039 0.9238 0.2332
vn -0.3038 -0.9238 -0.2331
vn 0.3039 -0.9238 0.2332
vn 0.3230 0.9238 0.2058
vn -0.3230 0.9238 -0.2058
vn -0.3230 -0.9238 -0.2058
vn 0.3538 0.9238 0.1466
vn -0.3538 -0.9237 -0.1466
vn -0.3653 0.9238 -0.1152
vn -0.3653 -0.9238 -0.1152
vn -0.3739 0.9237 -0.0829
vn -0.3739 -0.9237 -0.0829
vn 0.3739 -0.9238 0.0829
vn 0.3826 0.9238 0.0167
vn -0.3826 0.9237 -0.0167
vn -0.3826 -0.9237 -0.0167
vn 0.3826 -0.9238 0.0167
vn -0.3826 0.9237 0.0167
vn -0.3826 -0.9237 0.0167
vn 0.3538 0.9238 -0.1466
vn -0.3538 0.9237 0.1466
vn 0.3538 -0.9238 -0.1466
vn 0.3038 0.9238 -0.2332
vn 0.3038 -0.9238 -0.2332
vn 0.6813 0.3824 -0.6243
vn 0.2824 0.9238 -0.2587
vn 0.2824 -0.9237 -0.2587
vn 0.6813 -0.3824 -0.6243
vn 0.6242 0.3824 -0.6812
vn 0.2588 0.9237 -0.2824
vn -0.2587 0.9238 0.2824
vn -0.2587 -0.9238 0.2824
vn 0.2588 -0.9237 -0.2824
vn 0.6242 -0.3824 -0.6812
vn -0.2331 0.9238 0.3038
vn -0.2332 -0.9238 0.3038
vn 0.2331 -0.9238 -0.3038
vn -0.1768 -0.9238 0.3397
vn 0.1466 0.9237 -0.3538
vn -0.1466 0.9238 0.3538
vn -0.2779 0.3824 0.8813
vn -0.2779 -0.3824 0.8812
vn 0.1152 -0.9237 -0.3653
vn -0.0500 0.9237 0.3797
vn 0.0403 0.3823 -0.9231
vn 0.0167 0.9237 -0.3826
vn -0.0167 -0.9238 0.3826
vn -0.0167 0.9237 -0.3826
vn -0.1152 0.9238 -0.3653
vn -0.1152 -0.9238 -0.3653
vn -0.2779 -0.3823 -0.8813
vn -0.1466 0.9237 -0.3538
vn -0.1466 -0.9237 -0.3538
vn -0.3536 -0.3823 -0.8537
vn -0.1769 -0.9237 -0.3397
vn -0.2058 0.9238 -0.3230
vn 0.2332 -0.9238 0.3039
vn 0.6243 -0.3824 0.6813
vn 0.2587 -0.9238 0.2824
vn -0.2588 -0.9237 -0.2824
vn -0.6242 -0.3824 -0.6812
vn -0.6813 0.3823 -0.6243
vn -0.6813 -0.3824 -0.6243
vn -0.3039 0.9237 -0.2332
vn 0.3039 0.9237 0.2332
vn 0.3039 -0.9237 0.2332
vn -0.3039 -0.9237 -0.2332
vn -0.3538 0.9237 -0.1466
vn 0.3538 -0.9237 0.1466
vn -0.3797 0.9238 -0.0500
vn -0.3797 -0.9238 -0.0500
vn 0.3826 0.9237 -0.0167
vn 0.3826 -0.9237 -0.0167
vn -0.3538 -0.9237 0.1466
vn 0.3397 0.9237 -0.1768
vn 0.3397 -0.9237 -0.1768
vn -0.6812 0.3824 0.6242
vn -0.6242 0.3824 0.6812
vn -0.6242 -0.3824 0.6812
vn -0.1769 0.9237 0.3397
vn 0.3536 0.3823 -0.8537
vn 0.3536 -0.3823 -0.8537
vn -0.2778 -0.3824 0.8812
vn 0.1206 0.3823 -0.9161
vn 0.1206 -0.3823 -0.9161
vn 0.0167 -0.9237 -0.3826
vn -0.1206 -0.3823 -0.9161
vn -0.2779 0.3824 -0.8813
vn 0.2779 -0.3823 0.8813
vn 0.1466 0.9237 0.3539
vn 0.1466 -0.9237 0.3539
vn 0.1769 0.9237 0.3397
vn -0.1768 0.9237 -0.3397
vn -0.4267 -0.3823 -0.8196
vn -0.1768 -0.9237 -0.3397
vn 0.2058 0.9237 0.3230
vn 0.2331 0.9238 0.3038
vn -0.2331 0.9238 -0.3038
vn -0.5625 -0.3823 -0.7331
vn 0.2331 -0.9238 0.3038
vn 0.6243 -0.3823 0.6813
vn -0.2824 0.9237 -0.2587
vn -0.2824 -0.9237 -0.2588
vn -0.3038 0.9238 -0.2331
vn -0.3397 0.9237 -0.1768
vn 0.3653 -0.9238 0.1152
vn 0.3797 0.9238 0.0500
vn 0.3797 -0.9238 0.0500
s 0
usemtl Old_Gold
o WallZ_-43.5
v -53.939999 0.000000 -43.185001
v -53.939999 0.060000 -43.125000
v -54.000000 0.060000 -43.185001
v -53.940002 0.017574 -43.142574
v -53.974644 0.025359 -43.150360
v -53.982430 0.060000 -43.142574
v -53.982430 0.017574 -43.185001
v -53.939999 3.040000 -43.125000
v -53.939999 3.100000 -43.185001
v -54.000000 3.040000 -43.185001
v -53.940002 3.082426 -43.142574
v -53.974644 3.074641 -43.150360
v -53.982430 3.082426 -43.185001
v -53.982430 3.040000 -43.142574
v -53.939999 0.000000 -43.814999
v -54.000000 0.060000 -43.814999
v -53.939999 0.060000 -43.875000
v -53.982430 0.017574 -43.814999
v -53.974644 0.025359 -43.849640
v -53.982430 0.060000 -43.857426
v -53.940002 0.017574 -43.857426
v -53.939999 3.100000 -43.814999
v -53.939999 3.040000 -43.875000
v -54.000000 3.040000 -43.814999
v -53.940002 3.082426 -43.857426
v -53.974644 3.074641 -43.849640
v -53.982430 3.040000 -43.857426
v -53.982430 3.082426 -43.814999
v 53.939999 0.000000 -43.185001
v 54.000000 0.060000 -43.185001
v 53.939999 0.060000 -43.125000
v 53.982430 0.017574 -43.185001
v 53.974644 0.025359 -43.150360
v 53.982430 0.060000 -43.142574
v 53.940002 0.017574 -43.142574
v 53.939999 3.100000 -43.185001
v 53.939999 3.040000 -43.125000
v 54.000000 3.040000 -43.185001
v 53.940002 3.082426 -43.142574
v 53.974644 3.074641 -43.150360
v 53.982430 3.040000 -43.142574
v 53.982430 3.082426 -43.185001
v 53.939999 0.000000 -43.814999
v 53.939999 0.060000 -43.875000
v 54.000000 0.060000 -43.814999
v 53.940002 0.017574 -43.857426
v 53.974644 0.025359 -43.849640
v 53.982430 0.060000 -43.857426
v 53.982430 0.017574 -43.814999
v 53.939999 3.100000 -43.814999
v 54.000000 3.040000 -43.814999
v 53.939999 3.040000 -43.875000
v 53.982430 3.082426 -43.814999
v 53.974644 3.074641 -43.849640
v 53.982430 3.040000 -43.857426
v 53.940002 3.082426 -43.857426
vn -0.3671 -0.8865 0.2818
vn -0.2818 -0.3672 0.8864
vn -0.8866 -0.2818 0.3669
vn -0.3671 0.2817 0.8865
vn -0.2817 0.8865 0.3672
vn -0.8864 0.3671 0.2819
vn -0.2817 -0.8865 -0.3672
vn -0.8864 -0.3671 -0.2819
vn -0.3671 -0.2817 -0.8865
vn -0.3671 0.8865 -0.2818
vn -0.2818 0.3672 -0.8864
vn -0.8866 0.2818 -0.3669
vn 0.2817 -0.8865 0.3672
vn 0.8864 -0.3671 0.2819
vn 0.3671 -0.2817 0.8865
vn 0.3671 0.8865 0.2818
vn 0.2818 0.3672 0.8864
vn 0.8866 0.2818 0.3669
vn 0.3671 -0.8865 -0.2818
vn 0.2818 -0.3672 -0.8864
vn 0.8866 -0.2818 -0.3669
vn 0.2817 0.8865 -0.3672
vn 0.8864 0.3671 -0.2819
vn 0.3671 0.2817 -0.8865
vn -0.3827 -0.9239 -0.0000
vn -0.9239 -0.3826 -0.0000
vn -0.3826 -0.0000 0.9239
vn -0.9239 -0.0000 0.3826
vn -0.3827 0.9239 -0.0000
vn -0.9239 0.3826 -0.0000
vn -0.3826 -0.0000 -0.9239
vn -0.9239 -0.0000 -0.3826
vn -0.0000 -0.9239 -0.3827
vn -0.0000 -0.3827 -0.9239
vn -0.0000 0.9239 -0.3827
vn -0.0000 0.3827 -0.9239
vn 0.9239 -0.0000 -0.3826
vn 0.3826 -0.0000 -0.9239
vn 0.3827 -0.9239 -0.0000
vn 0.9239 -0.3826 -0.0000
vn 0.3827 0.9239 -0.0000
vn 0.9239 0.3826 -0.0000
vn 0.3826 -0.0000 0.9239
vn 0.9239 -0.0000 0.3826
vn -0.0000 -0.9239 0.3827
vn -0.0000 -0.3827 0.9239
vn -0.0000 0.9239 0.3827
vn -0.0000 0.3827 0.9239
vn -0.0000 -1.0000 -0.0000
vn -1.0000 -0.0000 -0.0000
vn -0.0000 -0.0000 1.0000
vn -0.0000 1.0000 -0.0000
vn -0.0000 -0.0000 -1.0000
vn 1.0000 -0.0000 -0.0000
vn -0.2817 -0.8865 0.3672
vn -0.3671 -0.2817 0.8865
vn -0.8864 -0.3671 0.2819
vn -0.2818 0.3672 0.8864
vn -0.3671 0.8865 0.2818
vn -0.8866 0.2818 0.3669
vn -0.3671 -0.8865 -0.2818
vn -0.8866 -0.2818 -0.3669
vn -0.2818 -0.3672 -0.8864
vn -0.2817 0.8865 -0.3672
vn -0.3671 0.2817 -0.8865
vn -0.8864 0.3671 -0.2819
vn 0.3671 -0.8865 0.2818
vn 0.8866 -0.2818 0.3669
vn 0.2818 -0.3672 0.8864
vn 0.2817 0.8865 0.3672
vn 0.3671 0.2817 0.8865
vn 0.8864 0.3671 0.2819
vn 0.2817 -0.8865 -0.3672
vn 0.3671 -0.2817 -0.8865
vn 0.8864 -0.3671 -0.2819
vn 0.3671 0.8865 -0.2818
vn 0.8866 0.2818 -0.3669
vn 0.2818 0.3672 -0.8864
vn -0.3826 -0.9239 -0.0000
vn -0.3827 -0.0000 0.9239
vn -0.9239 -0.0000 0.3827
vn -0.3826 0.9239 -0.0000
vn -0.3827 -0.0000 -0.9239
vn -0.9239 -0.0000 -0.3827
vn 0.9239 -0.0000 -0.3827
vn 0.3827 -0.0000 -0.9239
vn 0.3826 -0.9239 -0.0000
vn 0.3826 0.9239 -0.0000
vn 0.3827 -0.0000 0.9239
vn 0.9239 -0.0000 0.3827
s 0
usemtl Warm_Plaster
f 1841//1736 1845//1736 1847//1736
f 1842//1737 1845//1737 1844//1737
f 1843//1738 1845//1738 1846//1738
f 1848//1739 1852//1739 1854//1739
f 1849//1740 1852//1740 1851//1740
f 1850//1741 1852//1741 1853//1741
f 1855//1742 1859//1742 1861//1742
f 1856//1743 1859//1743 1858//1743
f 1857//1744 1859//1744 1860//1744
f 1862//1745 1866//1745 1868//1745
f 1863//1746 1866//1746 1865//1746
f 1864//1747 1866//1747 1867//1747
f 1869//1748 1873//1748 1875//1748
f 1870//1749 1873//1749 1872//1749
f 1871//1750 1873//1750 1874//1750
f 1876//1751 1880//1751 1882//1751
f 1877//1752 1880//1752 1879//1752
f 1878//1753 1880//1753 1881//1753
f 1883//1754 1887//1754 1889//1754
f 1884//1755 1887//1755 1886//1755
f 1885//1756 1887//1756 1888//1756
f 1890//1757 1894//1757 1896//1757
f 1891//1758 1894//1758 1893//1758
f 1892//1759 1894//1759 1895//1759
f 1841//1760 1858//1760 1855//1760
f 1847//1761 1856//1761 1858//1761
f 1848//1762 1846//1762 1842//1762
f 1854//1763 1843//1763 1846//1763
f 1862//1764 1853//1764 1849//1764
f 1868//1765 1850//1765 1853//1765
f 1857//1766 1867//1766 1863//1766
f 1860//1767 1864//1767 1867//1767
f 1855//1768 1886//1768 1883//1768
f 1861//1769 1884//1769 1886//1769
f 1890//1770 1865//1770 1862//1770
f 1896//1771 1863//1771 1865//1771
f 1885//1772 1895//1772 1891//1772
f 1888//1773 1892//1773 1895//1773
f 1883//1774 1872//1774 1869//1774
f 1889//1775 1870//1775 1872//1775
f 1876//1776 1893//1776 1890//1776
f 1882//1777 1891//1777 1893//1777
f 1871//1778 1881//1778 1877//1778
f 1874//1779 1878//1779 1881//1779
f 1869//1780 1844//1780 1841//1780
f 1875//1781 1842//1781 1844//1781
f 1849//1782 1879//1782 1876//1782
f 1851//1783 1877//1783 1879//1783
f 1883//1784 1841//1784 1855//1784
f 1850//1785 1856//1785 1843//1785
f 1877//1786 1842//1786 1871//1786
f 1862//1787 1876//1787 1890//1787
f 1863//1788 1884//1788 1857//1788
f 1891//1789 1870//1789 1885//1789
f 1841//1790 1844//1790 1845//1790
f 1842//1791 1846//1791 1845//1791
f 1843//1792 1847//1792 1845//1792
f 1848//1793 1851//1793 1852//1793
f 1849//1794 1853//1794 1852//1794
f 1850//1795 1854//1795 1852//1795
f 1855//1796 1858//1796 1859//1796
f 1856//1797 1860//1797 1859//1797
f 1857//1798 1861//1798 1859//1798
f 1862//1799 1865//1799 1866//1799
f 1863//1800 1867//1800 1866//1800
f 1864//1801 1868//1801 1866//1801
f 1869//1802 1872//1802 1873//1802
f 1870//1803 1874//1803 1873//1803
f 1871//1804 1875//1804 1873//1804
f 1876//1805 1879//1805 1880//1805
f 1877//1806 1881//1806 1880//1806
f 1878//1807 1882//1807 1880//1807
f 1883//1808 1886//1808 1887//1808
f 1884//1809 1888//1809 1887//1809
f 1885//1810 1889//1810 1887//1810
f 1890//1811 1893//1811 1894//1811
f 1891//1812 1895//1812 1894//1812
f 1892//1813 1896//1813 1894//1813
f 1841//1814 1847//1814 1858//1814
f 1847//1761 1843//1761 1856//1761
f 1848//1815 1854//1815 1846//1815
f 1854//1816 1850//1816 1843//1816
f 1862//1817 1868//1817 1853//1817
f 1868//1765 1864//1765 1850//1765
f 1857//1818 1860//1818 1867//1818
f 1860//1819 1856//1819 1864//1819
f 1855//1768 1861//1768 1886//1768
f 1861//1769 1857//1769 1884//1769
f 1890//1770 1896//1770 1865//1770
f 1896//1771 1892//1771 1863//1771
f 1885//1820 1888//1820 1895//1820
f 1888//1821 1884//1821 1892//1821
f 1883//1822 1889//1822 1872//1822
f 1889//1775 1885//1775 1870//1775
f 1876//1823 1882//1823 1893//1823
f 1882//1777 1878//1777 1891//1777
f 1871//1824 1874//1824 1881//1824
f 1874//1825 1870//1825 1878//1825
f 1869//1780 1875//1780 1844//1780
f 1875//1781 1871//1781 1842//1781
f 1849//1782 1851//1782 1879//1782
f 1851//1783 1848//1783 1877//1783
f 1883//1784 1869//1784 1841//1784
f 1850//1785 1864//1785 1856//1785
f 1877//1786 1848//1786 1842//1786
f 1862//1787 1849//1787 1876//1787
f 1863//1788 1892//1788 1884//1788
f 1891//1789 1878//1789 1870//1789
o WallCapZ_-43.5
v -54.439999 3.075000 -42.935001
v -54.439999 3.135000 -42.875000
v -54.500000 3.135000 -42.935001
v -54.440002 3.092574 -42.892574
v -54.474644 3.100359 -42.900360
v -54.482430 3.135000 -42.892574
v -54.482430 3.092574 -42.935001
v -54.439999 3.265000 -42.875000
v -54.439999 3.325000 -42.935001
v -54.500000 3.265000 -42.935001
v -54.440002 3.307426 -42.892574
v -54.474644 3.299641 -42.900360
v -54.482430 3.307426 -42.935001
v -54.482430 3.265000 -42.892574
v -54.439999 3.075000 -44.064999
v -54.500000 3.135000 -44.064999
v -54.439999 3.135000 -44.125000
v -54.482430 3.092574 -44.064999
v -54.474644 3.100359 -44.099640
v -54.482430 3.135000 -44.107426
v -54.440002 3.092574 -44.107426
v -54.439999 3.325000 -44.064999
v -54.439999 3.265000 -44.125000
v -54.500000 3.265000 -44.064999
v -54.440002 3.307426 -44.107426
v -54.474644 3.299641 -44.099640
v -54.482430 3.265000 -44.107426
v -54.482430 3.307426 -44.064999
v 54.439999 3.075000 -42.935001
v 54.500000 3.135000 -42.935001
v 54.439999 3.135000 -42.875000
v 54.482430 3.092574 -42.935001
v 54.474644 3.100359 -42.900360
v 54.482430 3.135000 -42.892574
v 54.440002 3.092574 -42.892574
v 54.439999 3.325000 -42.935001
v 54.439999 3.265000 -42.875000
v 54.500000 3.265000 -42.935001
v 54.440002 3.307426 -42.892574
v 54.474644 3.299641 -42.900360
v 54.482430 3.265000 -42.892574
v 54.482430 3.307426 -42.935001
v 54.439999 3.075000 -44.064999
v 54.439999 3.135000 -44.125000
v 54.500000 3.135000 -44.064999
v 54.440002 3.092574 -44.107426
v 54.474644 3.100359 -44.099640
v 54.482430 3.135000 -44.107426
v 54.482430 3.092574 -44.064999
v 54.439999 3.325000 -44.064999
v 54.500000 3.265000 -44.064999
v 54.439999 3.265000 -44.125000
v 54.482430 3.307426 -44.064999
v 54.474644 3.299641 -44.099640
v 54.482430 3.265000 -44.107426
v 54.440002 3.307426 -44.107426
vn -0.3672 -0.8865 0.2817
vn -0.2818 -0.3672 0.8864
vn -0.8865 -0.2818 0.3670
vn -0.3671 0.2817 0.8865
vn -0.2817 0.8865 0.3672
vn -0.8864 0.3671 0.2819
vn -0.2817 -0.8865 -0.3672
vn -0.8864 -0.3671 -0.2819
vn -0.3671 -0.2817 -0.8865
vn -0.3672 0.8865 -0.2817
vn -0.2818 0.3672 -0.8864
vn -0.8865 0.2818 -0.3670
vn 0.2817 -0.8865 0.3672
vn 0.8864 -0.3671 0.2819
vn 0.3671 -0.2817 0.8865
vn 0.3672 0.8865 0.2817
vn 0.2818 0.3672 0.8864
vn 0.8865 0.2818 0.3670
vn 0.3672 -0.8865 -0.2817
vn 0.2818 -0.3672 -0.8864
vn 0.8865 -0.2818 -0.3670
vn 0.2817 0.8865 -0.3672
vn 0.8864 0.3671 -0.2819
vn 0.3671 0.2817 -0.8865
vn -0.3826 -0.9239 -0.0000
vn -0.9239 -0.3826 -0.0000
vn -0.3826 -0.0000 0.9239
vn -0.9239 -0.0000 0.3826
vn -0.3826 0.9239 -0.0000
vn -0.9239 0.3826 -0.0000
vn -0.3826 -0.0000 -0.9239
vn -0.9239 -0.0000 -0.3826
vn -0.0000 -0.9239 -0.3827
vn -0.0000 -0.3827 -0.9239
vn -0.0000 0.9239 -0.3827
vn -0.0000 0.3827 -0.9239
vn 0.9239 -0.0000 -0.3826
vn 0.3826 -0.0000 -0.9239
vn 0.3826 -0.9239 -0.0000
vn 0.9239 -0.3826 -0.0000
vn 0.3826 0.9239 -0.0000
vn 0.9239 0.3826 -0.0000
vn 0.3826 -0.0000 0.9239
vn 0.9239 -0.0000 0.3826
vn -0.0000 -0.9239 0.3827
vn -0.0000 -0.3827 0.9239
vn -0.0000 0.9239 0.3827
vn -0.0000 0.3827 0.9239
vn -0.0000 -1.0000 -0.0000
vn -1.0000 -0.0000 -0.0000
vn -0.0000 -0.0000 1.0000
vn -0.0000 1.0000 -0.0000
vn -0.0000 -0.0000 -1.0000
vn 1.0000 -0.0000 -0.0000
vn -0.2817 -0.8865 0.3672
vn -0.3671 -0.2817 0.8865
vn -0.8864 -0.3671 0.2819
vn -0.2818 0.3672 0.8864
vn -0.3672 0.8865 0.2817
vn -0.8865 0.2818 0.3670
vn -0.3672 -0.8865 -0.2817
vn -0.8865 -0.2818 -0.3670
vn -0.2818 -0.3672 -0.8864
vn -0.2817 0.8865 -0.3672
vn -0.3671 0.2817 -0.8865
vn -0.8864 0.3671 -0.2819
vn 0.3672 -0.8865 0.2817
vn 0.8865 -0.2818 0.3670
vn 0.2818 -0.3672 0.8864
vn 0.2817 0.8865 0.3672
vn 0.3671 0.2817 0.8865
vn 0.8864 0.3671 0.2819
vn 0.2817 -0.8865 -0.3672
vn 0.3671 -0.2817 -0.8865
vn 0.8864 -0.3671 -0.2819
vn 0.3672 0.8865 -0.2817
vn 0.8865 0.2818 -0.3670
vn 0.2818 0.3672 -0.8864
s 0
usemtl Blue_Black_Roof
f 1897//1826 1901//1826 1903//1826
f 1898//1827 1901//1827 1900//1827
f 1899//1828 1901//1828 1902//1828
f 1904//1829 1908//1829 1910//1829
f 1905//1830 1908//1830 1907//1830
f 1906//1831 1908//1831 1909//1831
f 1911//1832 1915//1832 1917//1832
f 1912//1833 1915//1833 1914//1833
f 1913//1834 1915//1834 1916//1834
f 1918//1835 1922//1835 1924//1835
f 1919//1836 1922//1836 1921//1836
f 1920//1837 1922//1837 1923//1837
f 1925//1838 1929//1838 1931//1838
f 1926//1839 1929//1839 1928//1839
f 1927//1840 1929//1840 1930//1840
f 1932//1841 1936//1841 1938//1841
f 1933//1842 1936//1842 1935//1842
f 1934//1843 1936//1843 1937//1843
f 1939//1844 1943//1844 1945//1844
f 1940//1845 1943//1845 1942//1845
f 1941//1846 1943//1846 1944//1846
f 1946//1847 1950//1847 1952//1847
f 1947//1848 1950//1848 1949//1848
f 1948//1849 1950//1849 1951//1849
f 1897//1850 1914//1850 1911//1850
f 1903//1851 1912//1851 1914//1851
f 1904//1852 1902//1852 1898//1852
f 1910//1853 1899//1853 1902//1853
f 1918//1854 1909//1854 1905//1854
f 1924//1855 1906//1855 1909//1855
f 1913//1856 1923//1856 1919//1856
f 1916//1857 1920//1857 1923//1857
f 1911//1858 1942//1858 1939//1858
f 1917//1859 1940//1859 1942//1859
f 1946//1860 1921//1860 1918//1860
f 1952//1861 1919//1861 1921//1861
f 1941//1862 1951//1862 1947//1862
f 1944//1863 1948//1863 1951//1863
f 1939//1864 1928//1864 1925//1864
f 1945//1865 1926//1865 1928//1865
f 1932//1866 1949//1866 1946//1866
f 1938//1867 1947//1867 1949//1867
f 1927//1868 1937//1868 1933//1868
f 1930//1869 1934//1869 1937//1869
f 1925//1870 1900//1870 1897//1870
f 1931//1871 1898//1871 1900//1871
f 1905//1872 1935//1872 1932//1872
f 1907//1873 1933//1873 1935//1873
f 1939//1874 1897//1874 1911//1874
f 1906//1875 1912//1875 1899//1875
f 1933//1876 1898//1876 1927//1876
f 1918//1877 1932//1877 1946//1877
f 1919//1878 1940//1878 1913//1878
f 1947//1879 1926//1879 1941//1879
f 1897//1880 1900//1880 1901//1880
f 1898//1881 1902//1881 1901//1881
f 1899//1882 1903//1882 1901//1882
f 1904//1883 1907//1883 1908//1883
f 1905//1884 1909//1884 1908//1884
f 1906//1885 1910//1885 1908//1885
f 1911//1886 1914//1886 1915//1886
f 1912//1887 1916//1887 1915//1887
f 1913//1888 1917//1888 1915//1888
f 1918//1889 1921//1889 1922//1889
f 1919//1890 1923//1890 1922//1890
f 1920//1891 1924//1891 1922//1891
f 1925//1892 1928//1892 1929//1892
f 1926//1893 1930//1893 1929//1893
f 1927//1894 1931//1894 1929//1894
f 1932//1895 1935//1895 1936//1895
f 1933//1896 1937//1896 1936//1896
f 1934//1897 1938//1897 1936//1897
f 1939//1898 1942//1898 1943//1898
f 1940//1899 1944//1899 1943//1899
f 1941//1900 1945//1900 1943//1900
f 1946//1901 1949//1901 1950//1901
f 1947//1902 1951//1902 1950//1902
f 1948//1903 1952//1903 1950//1903
f 1897//1850 1903//1850 1914//1850
f 1903//1851 1899//1851 1912//1851
f 1904//1852 1910//1852 1902//1852
f 1910//1853 1906//1853 1899//1853
f 1918//1854 1924//1854 1909//1854
f 1924//1855 1920//1855 1906//1855
f 1913//1856 1916//1856 1923//1856
f 1916//1857 1912//1857 1920//1857
f 1911//1858 1917//1858 1942//1858
f 1917//1859 1913//1859 1940//1859
f 1946//1860 1952//1860 1921//1860
f 1952//1861 1948//1861 1919//1861
f 1941//1862 1944//1862 1951//1862
f 1944//1863 1940//1863 1948//1863
f 1939//1864 1945//1864 1928//1864
f 1945//1865 1941//1865 1926//1865
f 1932//1866 1938//1866 1949//1866
f 1938//1867 1934//1867 1947//1867
f 1927//1868 1930//1868 1937//1868
f 1930//1869 1926//1869 1934//1869
f 1925//1870 1931//1870 1900//1870
f 1931//1871 1927//1871 1898//1871
f 1905//1872 1907//1872 1935//1872
f 1907//1873 1904//1873 1933//1873
f 1939//1874 1925//1874 1897//1874
f 1906//1875 1920//1875 1912//1875
f 1933//1876 1904//1876 1898//1876
f 1918//1877 1905//1877 1932//1877
f 1919//1878 1948//1878 1940//1878
f 1947//1879 1934//1879 1926//1879
o WallZ_43.5
v -53.939999 0.000000 43.814999
v -53.939999 0.060000 43.875000
v -54.000000 0.060000 43.814999
v -53.940002 0.017574 43.857426
v -53.974644 0.025359 43.849640
v -53.982430 0.060000 43.857426
v -53.982430 0.017574 43.814999
v -53.939999 3.040000 43.875000
v -53.939999 3.100000 43.814999
v -54.000000 3.040000 43.814999
v -53.940002 3.082426 43.857426
v -53.974644 3.074641 43.849640
v -53.982430 3.082426 43.814999
v -53.982430 3.040000 43.857426
v -53.939999 0.000000 43.185001
v -54.000000 0.060000 43.185001
v -53.939999 0.060000 43.125000
v -53.982430 0.017574 43.185001
v -53.974644 0.025359 43.150360
v -53.982430 0.060000 43.142574
v -53.940002 0.017574 43.142574
v -53.939999 3.100000 43.185001
v -53.939999 3.040000 43.125000
v -54.000000 3.040000 43.185001
v -53.940002 3.082426 43.142574
v -53.974644 3.074641 43.150360
v -53.982430 3.040000 43.142574
v -53.982430 3.082426 43.185001
v 53.939999 0.000000 43.814999
v 54.000000 0.060000 43.814999
v 53.939999 0.060000 43.875000
v 53.982430 0.017574 43.814999
v 53.974644 0.025359 43.849640
v 53.982430 0.060000 43.857426
v 53.940002 0.017574 43.857426
v 53.939999 3.100000 43.814999
v 53.939999 3.040000 43.875000
v 54.000000 3.040000 43.814999
v 53.940002 3.082426 43.857426
v 53.974644 3.074641 43.849640
v 53.982430 3.040000 43.857426
v 53.982430 3.082426 43.814999
v 53.939999 0.000000 43.185001
v 53.939999 0.060000 43.125000
v 54.000000 0.060000 43.185001
v 53.940002 0.017574 43.142574
v 53.974644 0.025359 43.150360
v 53.982430 0.060000 43.142574
v 53.982430 0.017574 43.185001
v 53.939999 3.100000 43.185001
v 54.000000 3.040000 43.185001
v 53.939999 3.040000 43.125000
v 53.982430 3.082426 43.185001
v 53.974644 3.074641 43.150360
v 53.982430 3.040000 43.142574
v 53.940002 3.082426 43.142574
vn -0.3671 -0.8865 0.2818
vn -0.2818 -0.3672 0.8864
vn -0.8866 -0.2818 0.3669
vn -0.3671 0.2817 0.8865
vn -0.2817 0.8865 0.3672
vn -0.8864 0.3671 0.2819
vn -0.2817 -0.8865 -0.3672
vn -0.8864 -0.3671 -0.2819
vn -0.3671 -0.2817 -0.8865
vn -0.3671 0.8865 -0.2818
vn -0.2818 0.3672 -0.8864
vn -0.8866 0.2818 -0.3669
vn 0.2817 -0.8865 0.3672
vn 0.8864 -0.3671 0.2819
vn 0.3671 -0.2817 0.8865
vn 0.3671 0.8865 0.2818
vn 0.2818 0.3672 0.8864
vn 0.8866 0.2818 0.3669
vn 0.3671 -0.8865 -0.2818
vn 0.2818 -0.3672 -0.8864
vn 0.8866 -0.2818 -0.3669
vn 0.2817 0.8865 -0.3672
vn 0.8864 0.3671 -0.2819
vn 0.3671 0.2817 -0.8865
vn -0.3827 -0.9239 -0.0000
vn -0.9239 -0.3826 -0.0000
vn -0.3826 -0.0000 0.9239
vn -0.9239 -0.0000 0.3826
vn -0.3827 0.9239 -0.0000
vn -0.9239 0.3826 -0.0000
vn -0.3826 -0.0000 -0.9239
vn -0.9239 -0.0000 -0.3826
vn -0.0000 -0.9239 -0.3827
vn -0.0000 -0.3827 -0.9239
vn -0.0000 0.9239 -0.3827
vn -0.0000 0.3827 -0.9239
vn 0.9239 -0.0000 -0.3826
vn 0.3826 -0.0000 -0.9239
vn 0.3827 -0.9239 -0.0000
vn 0.9239 -0.3826 -0.0000
vn 0.3827 0.9239 -0.0000
vn 0.9239 0.3826 -0.0000
vn 0.3826 -0.0000 0.9239
vn 0.9239 -0.0000 0.3826
vn -0.0000 -0.9239 0.3827
vn -0.0000 -0.3827 0.9239
vn -0.0000 0.9239 0.3827
vn -0.0000 0.3827 0.9239
vn -0.0000 -1.0000 -0.0000
vn -1.0000 -0.0000 -0.0000
vn -0.0000 -0.0000 1.0000
vn -0.0000 1.0000 -0.0000
vn -0.0000 -0.0000 -1.0000
vn 1.0000 -0.0000 -0.0000
vn -0.2817 -0.8865 0.3672
vn -0.3671 -0.2817 0.8865
vn -0.8864 -0.3671 0.2819
vn -0.2818 0.3672 0.8864
vn -0.3671 0.8865 0.2818
vn -0.8866 0.2818 0.3669
vn -0.3671 -0.8865 -0.2818
vn -0.8866 -0.2818 -0.3669
vn -0.2818 -0.3672 -0.8864
vn -0.2817 0.8865 -0.3672
vn -0.3671 0.2817 -0.8865
vn -0.8864 0.3671 -0.2819
vn 0.3671 -0.8865 0.2818
vn 0.8866 -0.2818 0.3669
vn 0.2818 -0.3672 0.8864
vn 0.2817 0.8865 0.3672
vn 0.3671 0.2817 0.8865
vn 0.8864 0.3671 0.2819
vn 0.2817 -0.8865 -0.3672
vn 0.3671 -0.2817 -0.8865
vn 0.8864 -0.3671 -0.2819
vn 0.3671 0.8865 -0.2818
vn 0.8866 0.2818 -0.3669
vn 0.2818 0.3672 -0.8864
vn -0.3826 -0.9239 -0.0000
vn -0.3827 -0.0000 0.9239
vn -0.9239 -0.0000 0.3827
vn -0.3826 0.9239 -0.0000
vn -0.3827 -0.0000 -0.9239
vn -0.9239 -0.0000 -0.3827
vn 0.9239 -0.0000 -0.3827
vn 0.3827 -0.0000 -0.9239
vn 0.3826 -0.9239 -0.0000
vn 0.3826 0.9239 -0.0000
vn 0.3827 -0.0000 0.9239
vn 0.9239 -0.0000 0.3827
s 0
usemtl Warm_Plaster
f 1953//1904 1957//1904 1959//1904
f 1954//1905 1957//1905 1956//1905
f 1955//1906 1957//1906 1958//1906
f 1960//1907 1964//1907 1966//1907
f 1961//1908 1964//1908 1963//1908
f 1962//1909 1964//1909 1965//1909
f 1967//1910 1971//1910 1973//1910
f 1968//1911 1971//1911 1970//1911
f 1969//1912 1971//1912 1972//1912
f 1974//1913 1978//1913 1980//1913
f 1975//1914 1978//1914 1977//1914
f 1976//1915 1978//1915 1979//1915
f 1981//1916 1985//1916 1987//1916
f 1982//1917 1985//1917 1984//1917
f 1983//1918 1985//1918 1986//1918
f 1988//1919 1992//1919 1994//1919
f 1989//1920 1992//1920 1991//1920
f 1990//1921 1992//1921 1993//1921
f 1995//1922 1999//1922 2001//1922
f 1996//1923 1999//1923 1998//1923
f 1997//1924 1999//1924 2000//1924
f 2002//1925 2006//1925 2008//1925
f 2003//1926 2006//1926 2005//1926
f 2004//1927 2006//1927 2007//1927
f 1953//1928 1970//1928 1967//1928
f 1959//1929 1968//1929 1970//1929
f 1960//1930 1958//1930 1954//1930
f 1966//1931 1955//1931 1958//1931
f 1974//1932 1965//1932 1961//1932
f 1980//1933 1962//1933 1965//1933
f 1969//1934 1979//1934 1975//1934
f 1972//1935 1976//1935 1979//1935
f 1967//1936 1998//1936 1995//1936
f 1973//1937 1996//1937 1998//1937
f 2002//1938 1977//1938 1974//1938
f 2008//1939 1975//1939 1977//1939
f 1997//1940 2007//1940 2003//1940
f 2000//1941 2004//1941 2007//1941
f 1995//1942 1984//1942 1981//1942
f 2001//1943 1982//1943 1984//1943
f 1988//1944 2005//1944 2002//1944
f 1994//1945 2003//1945 2005//1945
f 1983//1946 1993//1946 1989//1946
f 1986//1947 1990//1947 1993//1947
f 1981//1948 1956//1948 1953//1948
f 1987//1949 1954//1949 1956//1949
f 1961//1950 1991//1950 1988//1950
f 1963//1951 1989//1951 1991//1951
f 1995//1952 1953//1952 1967//1952
f 1962//1953 1968//1953 1955//1953
f 1989//1954 1954//1954 1983//1954
f 1974//1955 1988//1955 2002//1955
f 1975//1956 1996//1956 1969//1956
f 2003//1957 1982//1957 1997//1957
f 1953//1958 1956//1958 1957//1958
f 1954//1959 1958//1959 1957//1959
f 1955//1960 1959//1960 1957//1960
f 1960//1961 1963//1961 1964//1961
f 1961//1962 1965//1962 1964//1962
f 1962//1963 1966//1963 1964//1963
f 1967//1964 1970//1964 1971//1964
f 1968//1965 1972//1965 1971//1965
f 1969//1966 1973//1966 1971//1966
f 1974//1967 1977//1967 1978//1967
f 1975//1968 1979//1968 1978//1968
f 1976//1969 1980//1969 1978//1969
f 1981//1970 1984//1970 1985//1970
f 1982//1971 1986//1971 1985//1971
f 1983//1972 1987//1972 1985//1972
f 1988//1973 1991//1973 1992//1973
f 1989//1974 1993//1974 1992//1974
f 1990//1975 1994//1975 1992//1975
f 1995//1976 1998//1976 1999//1976
f 1996//1977 2000//1977 1999//1977
f 1997//1978 2001//1978 1999//1978
f 2002//1979 2005//1979 2006//1979
f 2003//1980 2007//1980 2006//1980
f 2004//1981 2008//1981 2006//1981
f 1953//1982 1959//1982 1970//1982
f 1959//1929 1955//1929 1968//1929
f 1960//1983 1966//1983 1958//1983
f 1966//1984 1962//1984 1955//1984
f 1974//1985 1980//1985 1965//1985
f 1980//1933 1976//1933 1962//1933
f 1969//1986 1972//1986 1979//1986
f 1972//1987 1968//1987 1976//1987
f 1967//1936 1973//1936 1998//1936
f 1973//1937 1969//1937 1996//1937
f 2002//1938 2008//1938 1977//1938
f 2008//1939 2004//1939 1975//1939
f 1997//1988 2000//1988 2007//1988
f 2000//1989 1996//1989 2004//1989
f 1995//1990 2001//1990 1984//1990
f 2001//1943 1997//1943 1982//1943
f 1988//1991 1994//1991 2005//1991
f 1994//1945 1990//1945 2003//1945
f 1983//1992 1986//1992 1993//1992
f 1986//1993 1982//1993 1990//1993
f 1981//1948 1987//1948 1956//1948
f 1987//1949 1983//1949 1954//1949
f 1961//1950 1963//1950 1991//1950
f 1963//1951 1960//1951 1989//1951
f 1995//1952 1981//1952 1953//1952
f 1962//1953 1976//1953 1968//1953
f 1989//1954 1960//1954 1954//1954
f 1974//1955 1961//1955 1988//1955
f 1975//1956 2004//1956 1996//1956
f 2003//1957 1990//1957 1982//1957
o WallCapZ_43.5
v -54.439999 3.075000 44.064999
v -54.439999 3.135000 44.125000
v -54.500000 3.135000 44.064999
v -54.440002 3.092574 44.107426
v -54.474644 3.100359 44.099640
v -54.482430 3.135000 44.107426
v -54.482430 3.092574 44.064999
v -54.439999 3.265000 44.125000
v -54.439999 3.325000 44.064999
v -54.500000 3.265000 44.064999
v -54.440002 3.307426 44.107426
v -54.474644 3.299641 44.099640
v -54.482430 3.307426 44.064999
v -54.482430 3.265000 44.107426
v -54.439999 3.075000 42.935001
v -54.500000 3.135000 42.935001
v -54.439999 3.135000 42.875000
v -54.482430 3.092574 42.935001
v -54.474644 3.100359 42.900360
v -54.482430 3.135000 42.892574
v -54.440002 3.092574 42.892574
v -54.439999 3.325000 42.935001
v -54.439999 3.265000 42.875000
v -54.500000 3.265000 42.935001
v -54.440002 3.307426 42.892574
v -54.474644 3.299641 42.900360
v -54.482430 3.265000 42.892574
v -54.482430 3.307426 42.935001
v 54.439999 3.075000 44.064999
v 54.500000 3.135000 44.064999
v 54.439999 3.135000 44.125000
v 54.482430 3.092574 44.064999
v 54.474644 3.100359 44.099640
v 54.482430 3.135000 44.107426
v 54.440002 3.092574 44.107426
v 54.439999 3.325000 44.064999
v 54.439999 3.265000 44.125000
v 54.500000 3.265000 44.064999
v 54.440002 3.307426 44.107426
v 54.474644 3.299641 44.099640
v 54.482430 3.265000 44.107426
v 54.482430 3.307426 44.064999
v 54.439999 3.075000 42.935001
v 54.439999 3.135000 42.875000
v 54.500000 3.135000 42.935001
v 54.440002 3.092574 42.892574
v 54.474644 3.100359 42.900360
v 54.482430 3.135000 42.892574
v 54.482430 3.092574 42.935001
v 54.439999 3.325000 42.935001
v 54.500000 3.265000 42.935001
v 54.439999 3.265000 42.875000
v 54.482430 3.307426 42.935001
v 54.474644 3.299641 42.900360
v 54.482430 3.265000 42.892574
v 54.440002 3.307426 42.892574
vn -0.3672 -0.8865 0.2817
vn -0.2818 -0.3672 0.8864
vn -0.8865 -0.2818 0.3670
vn -0.3671 0.2817 0.8865
vn -0.2817 0.8865 0.3672
vn -0.8864 0.3671 0.2819
vn -0.2817 -0.8865 -0.3672
vn -0.8864 -0.3671 -0.2819
vn -0.3671 -0.2817 -0.8865
vn -0.3672 0.8865 -0.2817
vn -0.2818 0.3672 -0.8864
vn -0.8865 0.2818 -0.3670
vn 0.2817 -0.8865 0.3672
vn 0.8864 -0.3671 0.2819
vn 0.3671 -0.2817 0.8865
vn 0.3672 0.8865 0.2817
vn 0.2818 0.3672 0.8864
vn 0.8865 0.2818 0.3670
vn 0.3672 -0.8865 -0.2817
vn 0.2818 -0.3672 -0.8864
vn 0.8865 -0.2818 -0.3670
vn 0.2817 0.8865 -0.3672
vn 0.8864 0.3671 -0.2819
vn 0.3671 0.2817 -0.8865
vn -0.3826 -0.9239 -0.0000
vn -0.9239 -0.3826 -0.0000
vn -0.3826 -0.0000 0.9239
vn -0.9239 -0.0000 0.3826
vn -0.3826 0.9239 -0.0000
vn -0.9239 0.3826 -0.0000
vn -0.3826 -0.0000 -0.9239
vn -0.9239 -0.0000 -0.3826
vn -0.0000 -0.9239 -0.3827
vn -0.0000 -0.3827 -0.9239
vn -0.0000 0.9239 -0.3827
vn -0.0000 0.3827 -0.9239
vn 0.9239 -0.0000 -0.3826
vn 0.3826 -0.0000 -0.9239
vn 0.3826 -0.9239 -0.0000
vn 0.9239 -0.3826 -0.0000
vn 0.3826 0.9239 -0.0000
vn 0.9239 0.3826 -0.0000
vn 0.3826 -0.0000 0.9239
vn 0.9239 -0.0000 0.3826
vn -0.0000 -0.9239 0.3827
vn -0.0000 -0.3827 0.9239
vn -0.0000 0.9239 0.3827
vn -0.0000 0.3827 0.9239
vn -0.0000 -1.0000 -0.0000
vn -1.0000 -0.0000 -0.0000
vn -0.0000 -0.0000 1.0000
vn -0.0000 1.0000 -0.0000
vn -0.0000 -0.0000 -1.0000
vn 1.0000 -0.0000 -0.0000
vn -0.2817 -0.8865 0.3672
vn -0.3671 -0.2817 0.8865
vn -0.8864 -0.3671 0.2819
vn -0.2818 0.3672 0.8864
vn -0.3672 0.8865 0.2817
vn -0.8865 0.2818 0.3670
vn -0.3672 -0.8865 -0.2817
vn -0.8865 -0.2818 -0.3670
vn -0.2818 -0.3672 -0.8864
vn -0.2817 0.8865 -0.3672
vn -0.3671 0.2817 -0.8865
vn -0.8864 0.3671 -0.2819
vn 0.3672 -0.8865 0.2817
vn 0.8865 -0.2818 0.3670
vn 0.2818 -0.3672 0.8864
vn 0.2817 0.8865 0.3672
vn 0.3671 0.2817 0.8865
vn 0.8864 0.3671 0.2819
vn 0.2817 -0.8865 -0.3672
vn 0.3671 -0.2817 -0.8865
vn 0.8864 -0.3671 -0.2819
vn 0.3672 0.8865 -0.2817
vn 0.8865 0.2818 -0.3670
vn 0.2818 0.3672 -0.8864
s 0
usemtl Blue_Black_Roof
f 2009//1994 2013//1994 2015//1994
f 2010//1995 2013//1995 2012//1995
f 2011//1996 2013//1996 2014//1996
f 2016//1997 2020//1997 2022//1997
f 2017//1998 2020//1998 2019//1998
f 2018//1999 2020//1999 2021//1999
f 2023//2000 2027//2000 2029//2000
f 2024//2001 2027//2001 2026//2001
f 2025//2002 2027//2002 2028//2002
f 2030//2003 2034//2003 2036//2003
f 2031//2004 2034//2004 2033//2004
f 2032//2005 2034//2005 2035//2005
f 2037//2006 2041//2006 2043//2006
f 2038//2007 2041//2007 2040//2007
f 2039//2008 2041//2008 2042//2008
f 2044//2009 2048//2009 2050//2009
f 2045//2010 2048//2010 2047//2010
f 2046//2011 2048//2011 2049//2011
f 2051//2012 2055//2012 2057//2012
f 2052//2013 2055//2013 2054//2013
f 2053//2014 2055//2014 2056//2014
f 2058//2015 2062//2015 2064//2015
f 2059//2016 2062//2016 2061//2016
f 2060//2017 2062//2017 2063//2017
f 2009//2018 2026//2018 2023//2018
f 2015//2019 2024//2019 2026//2019
f 2016//2020 2014//2020 2010//2020
f 2022//2021 2011//2021 2014//2021
f 2030//2022 2021//2022 2017//2022
f 2036//2023 2018//2023 2021//2023
f 2025//2024 2035//2024 2031//2024
f 2028//2025 2032//2025 2035//2025
f 2023//2026 2054//2026 2051//2026
f 2029//2027 2052//2027 2054//2027
f 2058//2028 2033//2028 2030//2028
f 2064//2029 2031//2029 2033//2029
f 2053//2030 2063//2030 2059//2030
f 2056//2031 2060//2031 2063//2031
f 2051//2032 2040//2032 2037//2032
f 2057//2033 2038//2033 2040//2033
f 2044//2034 2061//2034 2058//2034
f 2050//2035 2059//2035 2061//2035
f 2039//2036 2049//2036 2045//2036
f 2042//2037 2046//2037 2049//2037
f 2037//2038 2012//2038 2009//2038
f 2043//2039 2010//2039 2012//2039
f 2017//2040 2047//2040 2044//2040
f 2019//2041 2045//2041 2047//2041
f 2051//2042 2009//2042 2023//2042
f 2018//2043 2024//2043 2011//2043
f 2045//2044 2010//2044 2039//2044
f 2030//2045 2044//2045 2058//2045
f 2031//2046 2052//2046 2025//2046
f 2059//2047 2038//2047 2053//2047
f 2009//2048 2012//2048 2013//2048
f 2010//2049 2014//2049 2013//2049
f 2011//2050 2015//2050 2013//2050
f 2016//2051 2019//2051 2020//2051
f 2017//2052 2021//2052 2020//2052
f 2018//2053 2022//2053 2020//2053
f 2023//2054 2026//2054 2027//2054
f 2024//2055 2028//2055 2027//2055
f 2025//2056 2029//2056 2027//2056
f 2030//2057 2033//2057 2034//2057
f 2031//2058 2035//2058 2034//2058
f 2032//2059 2036//2059 2034//2059
f 2037//2060 2040//2060 2041//2060
f 2038//2061 2042//2061 2041//2061
f 2039//2062 2043//2062 2041//2062
f 2044//2063 2047//2063 2048//2063
f 2045//2064 2049//2064 2048//2064
f 2046//2065 2050//2065 2048//2065
f 2051//2066 2054//2066 2055//2066
f 2052//2067 2056//2067 2055//2067
f 2053//2068 2057//2068 2055//2068
f 2058//2069 2061//2069 2062//2069
f 2059//2070 2063//2070 2062//2070
f 2060//2071 2064//2071 2062//2071
f 2009//2018 2015//2018 2026//2018
f 2015//2019 2011//2019 2024//2019
f 2016//2020 2022//2020 2014//2020
f 2022//2021 2018//2021 2011//2021
f 2030//2022 2036//2022 2021//2022
f 2036//2023 2032//2023 2018//2023
f 2025//2024 2028//2024 2035//2024
f 2028//2025 2024//2025 2032//2025
f 2023//2026 2029//2026 2054//2026
f 2029//2027 2025//2027 2052//2027
f 2058//2028 2064//2028 2033//2028
f 2064//2029 2060//2029 2031//2029
f 2053//2030 2056//2030 2063//2030
f 2056//2031 2052//2031 2060//2031
f 2051//2032 2057//2032 2040//2032
f 2057//2033 2053//2033 2038//2033
f 2044//2034 2050//2034 2061//2034
f 2050//2035 2046//2035 2059//2035
f 2039//2036 2042//2036 2049//2036
f 2042//2037 2038//2037 2046//2037
f 2037//2038 2043//2038 2012//2038
f 2043//2039 2039//2039 2010//2039
f 2017//2040 2019//2040 2047//2040
f 2019//2041 2016//2041 2045//2041
f 2051//2042 2037//2042 2009//2042
f 2018//2043 2032//2043 2024//2043
f 2045//2044 2016//2044 2010//2044
f 2030//2045 2017//2045 2044//2045
f 2031//2046 2060//2046 2052//2046
f 2059//2047 2046//2047 2038//2047
o WallX_-53.5
v -53.814999 0.000000 42.939999
v -53.814999 0.060000 43.000000
v -53.875000 0.060000 42.939999
v -53.814999 0.017574 42.982430
v -53.849640 0.025359 42.974644
v -53.857426 0.060000 42.982430
v -53.857426 0.017574 42.940002
v -53.814999 3.040000 43.000000
v -53.814999 3.100000 42.939999
v -53.875000 3.040000 42.939999
v -53.814999 3.082426 42.982430
v -53.849640 3.074641 42.974644
v -53.857426 3.082426 42.940002
v -53.857426 3.040000 42.982430
v -53.814999 0.000000 -42.939999
v -53.875000 0.060000 -42.939999
v -53.814999 0.060000 -43.000000
v -53.857426 0.017574 -42.940002
v -53.849640 0.025359 -42.974644
v -53.857426 0.060000 -42.982430
v -53.814999 0.017574 -42.982430
v -53.814999 3.100000 -42.939999
v -53.814999 3.040000 -43.000000
v -53.875000 3.040000 -42.939999
v -53.814999 3.082426 -42.982430
v -53.849640 3.074641 -42.974644
v -53.857426 3.040000 -42.982430
v -53.857426 3.082426 -42.940002
v -53.185001 0.000000 42.939999
v -53.125000 0.060000 42.939999
v -53.185001 0.060000 43.000000
v -53.142574 0.017574 42.940002
v -53.150360 0.025359 42.974644
v -53.142574 0.060000 42.982430
v -53.185001 0.017574 42.982430
v -53.185001 3.100000 42.939999
v -53.185001 3.040000 43.000000
v -53.125000 3.040000 42.939999
v -53.185001 3.082426 42.982430
v -53.150360 3.074641 42.974644
v -53.142574 3.040000 42.982430
v -53.142574 3.082426 42.940002
v -53.185001 0.000000 -42.939999
v -53.185001 0.060000 -43.000000
v -53.125000 0.060000 -42.939999
v -53.185001 0.017574 -42.982430
v -53.150360 0.025359 -42.974644
v -53.142574 0.060000 -42.982430
v -53.142574 0.017574 -42.940002
v -53.185001 3.100000 -42.939999
v -53.125000 3.040000 -42.939999
v -53.185001 3.040000 -43.000000
v -53.142574 3.082426 -42.940002
v -53.150360 3.074641 -42.974644
v -53.142574 3.040000 -42.982430
v -53.185001 3.082426 -42.982430
vn -0.3672 -0.8865 0.2818
vn -0.2818 -0.3669 0.8866
vn -0.8865 -0.2817 0.3672
vn -0.3671 0.2819 0.8864
vn -0.2817 0.8865 0.3671
vn -0.8865 0.3672 0.2817
vn -0.2817 -0.8865 -0.3671
vn -0.8865 -0.3672 -0.2817
vn -0.3671 -0.2819 -0.8864
vn -0.3672 0.8865 -0.2818
vn -0.2818 0.3669 -0.8866
vn -0.8865 0.2817 -0.3672
vn 0.2817 -0.8865 0.3671
vn 0.8865 -0.3672 0.2817
vn 0.3671 -0.2819 0.8864
vn 0.3672 0.8865 0.2818
vn 0.2818 0.3669 0.8866
vn 0.8865 0.2817 0.3672
vn 0.3672 -0.8865 -0.2818
vn 0.2818 -0.3669 -0.8866
vn 0.8865 -0.2817 -0.3672
vn 0.2817 0.8865 -0.3671
vn 0.8865 0.3672 -0.2817
vn 0.3671 0.2819 -0.8864
vn -0.3827 -0.9239 -0.0000
vn -0.9239 -0.3827 -0.0000
vn -0.3826 -0.0000 0.9239
vn -0.9239 -0.0000 0.3827
vn -0.3827 0.9239 -0.0000
vn -0.9239 0.3827 -0.0000
vn -0.3826 -0.0000 -0.9239
vn -0.9239 -0.0000 -0.3827
vn -0.0000 -0.9239 -0.3827
vn -0.0000 -0.3827 -0.9239
vn -0.0000 0.9239 -0.3827
vn -0.0000 0.3827 -0.9239
vn 0.9239 -0.0000 -0.3826
vn 0.3826 -0.0000 -0.9239
vn 0.3827 -0.9239 -0.0000
vn 0.9239 -0.3827 -0.0000
vn 0.3827 0.9239 -0.0000
vn 0.9239 0.3827 -0.0000
vn 0.3826 -0.0000 0.9239
vn 0.9239 -0.0000 0.3827
vn -0.0000 -0.9239 0.3827
vn -0.0000 -0.3827 0.9239
vn -0.0000 0.9239 0.3827
vn -0.0000 0.3827 0.9239
vn -0.0000 -1.0000 -0.0000
vn -1.0000 -0.0000 -0.0000
vn -0.0000 -0.0000 1.0000
vn -0.0000 1.0000 -0.0000
vn -0.0000 -0.0000 -1.0000
vn 1.0000 -0.0000 -0.0000
vn -0.2817 -0.8865 0.3671
vn -0.3671 -0.2819 0.8864
vn -0.8865 -0.3672 0.2817
vn -0.2818 0.3669 0.8866
vn -0.3672 0.8865 0.2818
vn -0.8865 0.2817 0.3672
vn -0.3672 -0.8865 -0.2818
vn -0.8865 -0.2817 -0.3672
vn -0.2818 -0.3669 -0.8866
vn -0.2817 0.8865 -0.3671
vn -0.3671 0.2819 -0.8864
vn -0.8865 0.3672 -0.2817
vn 0.3672 -0.8865 0.2818
vn 0.8865 -0.2817 0.3672
vn 0.2818 -0.3669 0.8866
vn 0.2817 0.8865 0.3671
vn 0.3671 0.2819 0.8864
vn 0.8865 0.3672 0.2817
vn 0.2817 -0.8865 -0.3671
vn 0.3671 -0.2819 -0.8864
vn 0.8865 -0.3672 -0.2817
vn 0.3672 0.8865 -0.2818
vn 0.8865 0.2817 -0.3672
vn 0.2818 0.3669 -0.8866
vn -0.9239 -0.0000 0.3826
vn -0.9239 -0.0000 -0.3826
vn -0.0000 -0.9239 -0.3826
vn -0.0000 0.9239 -0.3826
vn 0.9239 -0.0000 -0.3827
vn 0.9239 -0.0000 0.3826
vn -0.0000 -0.9239 0.3826
vn -0.0000 0.9239 0.3826
s 0
usemtl Warm_Plaster
f 2065//2072 2069//2072 2071//2072
f 2066//2073 2069//2073 2068//2073
f 2067//2074 2069//2074 2070//2074
f 2072//2075 2076//2075 2078//2075
f 2073//2076 2076//2076 2075//2076
f 2074//2077 2076//2077 2077//2077
f 2079//2078 2083//2078 2085//2078
f 2080//2079 2083//2079 2082//2079
f 2081//2080 2083//2080 2084//2080
f 2086//2081 2090//2081 2092//2081
f 2087//2082 2090//2082 2089//2082
f 2088//2083 2090//2083 2091//2083
f 2093//2084 2097//2084 2099//2084
f 2094//2085 2097//2085 2096//2085
f 2095//2086 2097//2086 2098//2086
f 2100//2087 2104//2087 2106//2087
f 2101//2088 2104//2088 2103//2088
f 2102//2089 2104//2089 2105//2089
f 2107//2090 2111//2090 2113//2090
f 2108//2091 2111//2091 2110//2091
f 2109//2092 2111//2092 2112//2092
f 2114//2093 2118//2093 2120//2093
f 2115//2094 2118//2094 2117//2094
f 2116//2095 2118//2095 2119//2095
f 2065//2096 2082//2096 2079//2096
f 2071//2097 2080//2097 2082//2097
f 2072//2098 2070//2098 2066//2098
f 2078//2099 2067//2099 2070//2099
f 2086//2100 2077//2100 2073//2100
f 2092//2101 2074//2101 2077//2101
f 2081//2102 2091//2102 2087//2102
f 2084//2103 2088//2103 2091//2103
f 2079//2104 2110//2104 2107//2104
f 2085//2105 2108//2105 2110//2105
f 2114//2106 2089//2106 2086//2106
f 2120//2107 2087//2107 2089//2107
f 2109//2108 2119//2108 2115//2108
f 2112//2109 2116//2109 2119//2109
f 2107//2110 2096//2110 2093//2110
f 2113//2111 2094//2111 2096//2111
f 2100//2112 2117//2112 2114//2112
f 2106//2113 2115//2113 2117//2113
f 2095//2114 2105//2114 2101//2114
f 2098//2115 2102//2115 2105//2115
f 2093//2116 2068//2116 2065//2116
f 2099//2117 2066//2117 2068//2117
f 2073//2118 2103//2118 2100//2118
f 2075//2119 2101//2119 2103//2119
f 2107//2120 2065//2120 2079//2120
f 2074//2121 2080//2121 2067//2121
f 2101//2122 2066//2122 2095//2122
f 2086//2123 2100//2123 2114//2123
f 2087//2124 2108//2124 2081//2124
f 2115//2125 2094//2125 2109//2125
f 2065//2126 2068//2126 2069//2126
f 2066//2127 2070//2127 2069//2127
f 2067//2128 2071//2128 2069//2128
f 2072//2129 2075//2129 2076//2129
f 2073//2130 2077//2130 2076//2130
f 2074//2131 2078//2131 2076//2131
f 2079//2132 2082//2132 2083//2132
f 2080//2133 2084//2133 2083//2133
f 2081//2134 2085//2134 2083//2134
f 2086//2135 2089//2135 2090//2135
f 2087//2136 2091//2136 2090//2136
f 2088//2137 2092//2137 2090//2137
f 2093//2138 2096//2138 2097//2138
f 2094//2139 2098//2139 2097//2139
f 2095//2140 2099//2140 2097//2140
f 2100//2141 2103//2141 2104//2141
f 2101//2142 2105//2142 2104//2142
f 2102//2143 2106//2143 2104//2143
f 2107//2144 2110//2144 2111//2144
f 2108//2145 2112//2145 2111//2145
f 2109//2146 2113//2146 2111//2146
f 2114//2147 2117//2147 2118//2147
f 2115//2148 2119//2148 2118//2148
f 2116//2149 2120//2149 2118//2149
f 2065//2096 2071//2096 2082//2096
f 2071//2097 2067//2097 2080//2097
f 2072//2098 2078//2098 2070//2098
f 2078//2150 2074//2150 2067//2150
f 2086//2100 2092//2100 2077//2100
f 2092//2101 2088//2101 2074//2101
f 2081//2102 2084//2102 2091//2102
f 2084//2151 2080//2151 2088//2151
f 2079//2152 2085//2152 2110//2152
f 2085//2105 2081//2105 2108//2105
f 2114//2153 2120//2153 2089//2153
f 2120//2107 2116//2107 2087//2107
f 2109//2154 2112//2154 2119//2154
f 2112//2109 2108//2109 2116//2109
f 2107//2110 2113//2110 2096//2110
f 2113//2111 2109//2111 2094//2111
f 2100//2112 2106//2112 2117//2112
f 2106//2113 2102//2113 2115//2113
f 2095//2114 2098//2114 2105//2114
f 2098//2155 2094//2155 2102//2155
f 2093//2156 2099//2156 2068//2156
f 2099//2117 2095//2117 2066//2117
f 2073//2157 2075//2157 2103//2157
f 2075//2119 2072//2119 2101//2119
f 2107//2120 2093//2120 2065//2120
f 2074//2121 2088//2121 2080//2121
f 2101//2122 2072//2122 2066//2122
f 2086//2123 2073//2123 2100//2123
f 2087//2124 2116//2124 2108//2124
f 2115//2125 2102//2125 2094//2125
o WallCapX_-53.5
v -54.064999 3.075000 43.439999
v -54.064999 3.135000 43.500000
v -54.125000 3.135000 43.439999
v -54.064999 3.092574 43.482430
v -54.099640 3.100359 43.474644
v -54.107426 3.135000 43.482430
v -54.107426 3.092574 43.440002
v -54.064999 3.265000 43.500000
v -54.064999 3.325000 43.439999
v -54.125000 3.265000 43.439999
v -54.064999 3.307426 43.482430
v -54.099640 3.299641 43.474644
v -54.107426 3.307426 43.440002
v -54.107426 3.265000 43.482430
v -54.064999 3.075000 -43.439999
v -54.125000 3.135000 -43.439999
v -54.064999 3.135000 -43.500000
v -54.107426 3.092574 -43.440002
v -54.099640 3.100359 -43.474644
v -54.107426 3.135000 -43.482430
v -54.064999 3.092574 -43.482430
v -54.064999 3.325000 -43.439999
v -54.064999 3.265000 -43.500000
v -54.125000 3.265000 -43.439999
v -54.064999 3.307426 -43.482430
v -54.099640 3.299641 -43.474644
v -54.107426 3.265000 -43.482430
v -54.107426 3.307426 -43.440002
v -52.935001 3.075000 43.439999
v -52.875000 3.135000 43.439999
v -52.935001 3.135000 43.500000
v -52.892574 3.092574 43.440002
v -52.900360 3.100359 43.474644
v -52.892574 3.135000 43.482430
v -52.935001 3.092574 43.482430
v -52.935001 3.325000 43.439999
v -52.935001 3.265000 43.500000
v -52.875000 3.265000 43.439999
v -52.935001 3.307426 43.482430
v -52.900360 3.299641 43.474644
v -52.892574 3.265000 43.482430
v -52.892574 3.307426 43.440002
v -52.935001 3.075000 -43.439999
v -52.935001 3.135000 -43.500000
v -52.875000 3.135000 -43.439999
v -52.935001 3.092574 -43.482430
v -52.900360 3.100359 -43.474644
v -52.892574 3.135000 -43.482430
v -52.892574 3.092574 -43.440002
v -52.935001 3.325000 -43.439999
v -52.875000 3.265000 -43.439999
v -52.935001 3.265000 -43.500000
v -52.892574 3.307426 -43.440002
v -52.900360 3.299641 -43.474644
v -52.892574 3.265000 -43.482430
v -52.935001 3.307426 -43.482430
vn -0.3672 -0.8864 0.2818
vn -0.2818 -0.3669 0.8866
vn -0.8865 -0.2817 0.3672
vn -0.3671 0.2818 0.8865
vn -0.2817 0.8865 0.3671
vn -0.8865 0.3671 0.2817
vn -0.2817 -0.8865 -0.3671
vn -0.8865 -0.3671 -0.2817
vn -0.3671 -0.2818 -0.8865
vn -0.3672 0.8864 -0.2818
vn -0.2818 0.3669 -0.8866
vn -0.8865 0.2817 -0.3672
vn 0.2817 -0.8865 0.3671
vn 0.8865 -0.3671 0.2817
vn 0.3671 -0.2818 0.8865
vn 0.3672 0.8864 0.2818
vn 0.2818 0.3669 0.8866
vn 0.8865 0.2817 0.3672
vn 0.3672 -0.8864 -0.2818
vn 0.2818 -0.3669 -0.8866
vn 0.8865 -0.2817 -0.3672
vn 0.2817 0.8865 -0.3671
vn 0.8865 0.3671 -0.2817
vn 0.3671 0.2818 -0.8865
vn -0.3827 -0.9239 -0.0000
vn -0.9239 -0.3827 -0.0000
vn -0.3826 -0.0000 0.9239
vn -0.9239 -0.0000 0.3826
vn -0.3827 0.9239 -0.0000
vn -0.9239 0.3827 -0.0000
vn -0.3826 -0.0000 -0.9239
vn -0.9239 -0.0000 -0.3826
vn -0.0000 -0.9239 -0.3827
vn -0.0000 -0.3826 -0.9239
vn -0.0000 0.9239 -0.3827
vn -0.0000 0.3826 -0.9239
vn 0.9239 -0.0000 -0.3826
vn 0.3826 -0.0000 -0.9239
vn 0.3827 -0.9239 -0.0000
vn 0.9239 -0.3827 -0.0000
vn 0.3827 0.9239 -0.0000
vn 0.9239 0.3827 -0.0000
vn 0.3826 -0.0000 0.9239
vn 0.9239 -0.0000 0.3826
vn -0.0000 -0.9239 0.3827
vn -0.0000 -0.3826 0.9239
vn -0.0000 0.9239 0.3827
vn -0.0000 0.3827 0.9239
vn -0.0000 -1.0000 -0.0000
vn -1.0000 -0.0000 -0.0000
vn -0.0000 -0.0000 1.0000
vn -0.0000 1.0000 -0.0000
vn -0.0000 -0.0000 -1.0000
vn 1.0000 -0.0000 -0.0000
vn -0.2817 -0.8865 0.3671
vn -0.3671 -0.2818 0.8865
vn -0.8865 -0.3671 0.2817
vn -0.2818 0.3669 0.8866
vn -0.3672 0.8864 0.2818
vn -0.8865 0.2817 0.3672
vn -0.3672 -0.8865 -0.2817
vn -0.8865 -0.2817 -0.3672
vn -0.2818 -0.3669 -0.8866
vn -0.2817 0.8865 -0.3671
vn -0.3671 0.2818 -0.8865
vn -0.8865 0.3671 -0.2817
vn 0.3672 -0.8865 0.2817
vn 0.8865 -0.2817 0.3672
vn 0.2818 -0.3669 0.8866
vn 0.2817 0.8865 0.3671
vn 0.3671 0.2818 0.8865
vn 0.8865 0.3671 0.2817
vn 0.2817 -0.8865 -0.3671
vn 0.3671 -0.2818 -0.8865
vn 0.8865 -0.3671 -0.2817
vn 0.3672 0.8865 -0.2817
vn 0.8865 0.2817 -0.3672
vn 0.2818 0.3669 -0.8866
vn -0.0000 -0.9239 -0.3826
vn -0.0000 0.9239 -0.3826
vn -0.0000 -0.9239 0.3826
vn -0.0000 0.9239 0.3826
vn -0.0000 0.3826 0.9239
s 0
usemtl Blue_Black_Roof
f 2121//2158 2125//2158 2127//2158
f 2122//2159 2125//2159 2124//2159
f 2123//2160 2125//2160 2126//2160
f 2128//2161 2132//2161 2134//2161
f 2129//2162 2132//2162 2131//2162
f 2130//2163 2132//2163 2133//2163
f 2135//2164 2139//2164 2141//2164
f 2136//2165 2139//2165 2138//2165
f 2137//2166 2139//2166 2140//2166
f 2142//2167 2146//2167 2148//2167
f 2143//2168 2146//2168 2145//2168
f 2144//2169 2146//2169 2147//2169
f 2149//2170 2153//2170 2155//2170
f 2150//2171 2153//2171 2152//2171
f 2151//2172 2153//2172 2154//2172
f 2156//2173 2160//2173 2162//2173
f 2157//2174 2160//2174 2159//2174
f 2158//2175 2160//2175 2161//2175
f 2163//2176 2167//2176 2169//2176
f 2164//2177 2167//2177 2166//2177
f 2165//2178 2167//2178 2168//2178
f 2170//2179 2174//2179 2176//2179
f 2171//2180 2174//2180 2173//2180
f 2172//2181 2174//2181 2175//2181
f 2121//2182 2138//2182 2135//2182
f 2127//2183 2136//2183 2138//2183
f 2128//2184 2126//2184 2122//2184
f 2134//2185 2123//2185 2126//2185
f 2142//2186 2133//2186 2129//2186
f 2148//2187 2130//2187 2133//2187
f 2137//2188 2147//2188 2143//2188
f 2140//2189 2144//2189 2147//2189
f 2135//2190 2166//2190 2163//2190
f 2141//2191 2164//2191 2166//2191
f 2170//2192 2145//2192 2142//2192
f 2176//2193 2143//2193 2145//2193
f 2165//2194 2175//2194 2171//2194
f 2168//2195 2172//2195 2175//2195
f 2163//2196 2152//2196 2149//2196
f 2169//2197 2150//2197 2152//2197
f 2156//2198 2173//2198 2170//2198
f 2162//2199 2171//2199 2173//2199
f 2151//2200 2161//2200 2157//2200
f 2154//2201 2158//2201 2161//2201
f 2149//2202 2124//2202 2121//2202
f 2155//2203 2122//2203 2124//2203
f 2129//2204 2159//2204 2156//2204
f 2131//2205 2157//2205 2159//2205
f 2163//2206 2121//2206 2135//2206
f 2130//2207 2136//2207 2123//2207
f 2157//2208 2122//2208 2151//2208
f 2142//2209 2156//2209 2170//2209
f 2143//2210 2164//2210 2137//2210
f 2171//2211 2150//2211 2165//2211
f 2121//2212 2124//2212 2125//2212
f 2122//2213 2126//2213 2125//2213
f 2123//2214 2127//2214 2125//2214
f 2128//2215 2131//2215 2132//2215
f 2129//2216 2133//2216 2132//2216
f 2130//2217 2134//2217 2132//2217
f 2135//2218 2138//2218 2139//2218
f 2136//2219 2140//2219 2139//2219
f 2137//2220 2141//2220 2139//2220
f 2142//2221 2145//2221 2146//2221
f 2143//2222 2147//2222 2146//2222
f 2144//2223 2148//2223 2146//2223
f 2149//2224 2152//2224 2153//2224
f 2150//2225 2154//2225 2153//2225
f 2151//2226 2155//2226 2153//2226
f 2156//2227 2159//2227 2160//2227
f 2157//2228 2161//2228 2160//2228
f 2158//2229 2162//2229 2160//2229
f 2163//2230 2166//2230 2167//2230
f 2164//2231 2168//2231 2167//2231
f 2165//2232 2169//2232 2167//2232
f 2170//2233 2173//2233 2174//2233
f 2171//2234 2175//2234 2174//2234
f 2172//2235 2176//2235 2174//2235
f 2121//2182 2127//2182 2138//2182
f 2127//2183 2123//2183 2136//2183
f 2128//2184 2134//2184 2126//2184
f 2134//2185 2130//2185 2123//2185
f 2142//2186 2148//2186 2133//2186
f 2148//2187 2144//2187 2130//2187
f 2137//2188 2140//2188 2147//2188
f 2140//2189 2136//2189 2144//2189
f 2135//2236 2141//2236 2166//2236
f 2141//2191 2137//2191 2164//2191
f 2170//2237 2176//2237 2145//2237
f 2176//2193 2172//2193 2143//2193
f 2165//2194 2168//2194 2175//2194
f 2168//2195 2164//2195 2172//2195
f 2163//2196 2169//2196 2152//2196
f 2169//2197 2165//2197 2150//2197
f 2156//2198 2162//2198 2173//2198
f 2162//2199 2158//2199 2171//2199
f 2151//2200 2154//2200 2161//2200
f 2154//2201 2150//2201 2158//2201
f 2149//2238 2155//2238 2124//2238
f 2155//2203 2151//2203 2122//2203
f 2129//2239 2131//2239 2159//2239
f 2131//2240 2128//2240 2157//2240
f 2163//2206 2149//2206 2121//2206
f 2130//2207 2144//2207 2136//2207
f 2157//2208 2128//2208 2122//2208
f 2142//2209 2129//2209 2156//2209
f 2143//2210 2172//2210 2164//2210
f 2171//2211 2158//2211 2150//2211
o WallX_53.5
v 53.185001 0.000000 42.939999
v 53.185001 0.060000 43.000000
v 53.125000 0.060000 42.939999
v 53.185001 0.017574 42.982430
v 53.150360 0.025359 42.974644
v 53.142574 0.060000 42.982430
v 53.142574 0.017574 42.940002
v 53.185001 3.040000 43.000000
v 53.185001 3.100000 42.939999
v 53.125000 3.040000 42.939999
v 53.185001 3.082426 42.982430
v 53.150360 3.074641 42.974644
v 53.142574 3.082426 42.940002
v 53.142574 3.040000 42.982430
v 53.185001 0.000000 -42.939999
v 53.125000 0.060000 -42.939999
v 53.185001 0.060000 -43.000000
v 53.142574 0.017574 -42.940002
v 53.150360 0.025359 -42.974644
v 53.142574 0.060000 -42.982430
v 53.185001 0.017574 -42.982430
v 53.185001 3.100000 -42.939999
v 53.185001 3.040000 -43.000000
v 53.125000 3.040000 -42.939999
v 53.185001 3.082426 -42.982430
v 53.150360 3.074641 -42.974644
v 53.142574 3.040000 -42.982430
v 53.142574 3.082426 -42.940002
v 53.814999 0.000000 42.939999
v 53.875000 0.060000 42.939999
v 53.814999 0.060000 43.000000
v 53.857426 0.017574 42.940002
v 53.849640 0.025359 42.974644
v 53.857426 0.060000 42.982430
v 53.814999 0.017574 42.982430
v 53.814999 3.100000 42.939999
v 53.814999 3.040000 43.000000
v 53.875000 3.040000 42.939999
v 53.814999 3.082426 42.982430
v 53.849640 3.074641 42.974644
v 53.857426 3.040000 42.982430
v 53.857426 3.082426 42.940002
v 53.814999 0.000000 -42.939999
v 53.814999 0.060000 -43.000000
v 53.875000 0.060000 -42.939999
v 53.814999 0.017574 -42.982430
v 53.849640 0.025359 -42.974644
v 53.857426 0.060000 -42.982430
v 53.857426 0.017574 -42.940002
v 53.814999 3.100000 -42.939999
v 53.875000 3.040000 -42.939999
v 53.814999 3.040000 -43.000000
v 53.857426 3.082426 -42.940002
v 53.849640 3.074641 -42.974644
v 53.857426 3.040000 -42.982430
v 53.814999 3.082426 -42.982430
vn -0.3672 -0.8865 0.2818
vn -0.2818 -0.3669 0.8866
vn -0.8865 -0.2817 0.3672
vn -0.3671 0.2819 0.8864
vn -0.2817 0.8865 0.3671
vn -0.8865 0.3672 0.2817
vn -0.2817 -0.8865 -0.3671
vn -0.8865 -0.3672 -0.2817
vn -0.3671 -0.2819 -0.8864
vn -0.3672 0.8865 -0.2818
vn -0.2818 0.3669 -0.8866
vn -0.8865 0.2817 -0.3672
vn 0.2817 -0.8865 0.3671
vn 0.8865 -0.3672 0.2817
vn 0.3671 -0.2819 0.8864
vn 0.3672 0.8865 0.2818
vn 0.2818 0.3669 0.8866
vn 0.8865 0.2817 0.3672
vn 0.3672 -0.8865 -0.2818
vn 0.2818 -0.3669 -0.8866
vn 0.8865 -0.2817 -0.3672
vn 0.2817 0.8865 -0.3671
vn 0.8865 0.3672 -0.2817
vn 0.3671 0.2819 -0.8864
vn -0.3827 -0.9239 -0.0000
vn -0.9239 -0.3827 -0.0000
vn -0.3826 -0.0000 0.9239
vn -0.9239 -0.0000 0.3827
vn -0.3827 0.9239 -0.0000
vn -0.9239 0.3827 -0.0000
vn -0.3826 -0.0000 -0.9239
vn -0.9239 -0.0000 -0.3827
vn -0.0000 -0.9239 -0.3827
vn -0.0000 -0.3827 -0.9239
vn -0.0000 0.9239 -0.3827
vn -0.0000 0.3827 -0.9239
vn 0.9239 -0.0000 -0.3826
vn 0.3826 -0.0000 -0.9239
vn 0.3827 -0.9239 -0.0000
vn 0.9239 -0.3827 -0.0000
vn 0.3827 0.9239 -0.0000
vn 0.9239 0.3827 -0.0000
vn 0.3826 -0.0000 0.9239
vn 0.9239 -0.0000 0.3827
vn -0.0000 -0.9239 0.3827
vn -0.0000 -0.3827 0.9239
vn -0.0000 0.9239 0.3827
vn -0.0000 0.3827 0.9239
vn -0.0000 -1.0000 -0.0000
vn -1.0000 -0.0000 -0.0000
vn -0.0000 -0.0000 1.0000
vn -0.0000 1.0000 -0.0000
vn -0.0000 -0.0000 -1.0000
vn 1.0000 -0.0000 -0.0000
vn -0.2817 -0.8865 0.3671
vn -0.3671 -0.2819 0.8864
vn -0.8865 -0.3672 0.2817
vn -0.2818 0.3669 0.8866
vn -0.3672 0.8865 0.2818
vn -0.8865 0.2817 0.3672
vn -0.3672 -0.8865 -0.2818
vn -0.8865 -0.2817 -0.3672
vn -0.2818 -0.3669 -0.8866
vn -0.2817 0.8865 -0.3671
vn -0.3671 0.2819 -0.8864
vn -0.8865 0.3672 -0.2817
vn 0.3672 -0.8865 0.2818
vn 0.8865 -0.2817 0.3672
vn 0.2818 -0.3669 0.8866
vn 0.2817 0.8865 0.3671
vn 0.3671 0.2819 0.8864
vn 0.8865 0.3672 0.2817
vn 0.2817 -0.8865 -0.3671
vn 0.3671 -0.2819 -0.8864
vn 0.8865 -0.3672 -0.2817
vn 0.3672 0.8865 -0.2818
vn 0.8865 0.2817 -0.3672
vn 0.2818 0.3669 -0.8866
vn -0.9239 -0.0000 0.3826
vn -0.9239 -0.0000 -0.3826
vn -0.0000 -0.9239 -0.3826
vn -0.0000 0.9239 -0.3826
vn 0.9239 -0.0000 -0.3827
vn 0.9239 -0.0000 0.3826
vn -0.0000 -0.9239 0.3826
vn -0.0000 0.9239 0.3826
s 0
usemtl Warm_Plaster
f 2177//2241 2181//2241 2183//2241
f 2178//2242 2181//2242 2180//2242
f 2179//2243 2181//2243 2182//2243
f 2184//2244 2188//2244 2190//2244
f 2185//2245 2188//2245 2187//2245
f 2186//2246 2188//2246 2189//2246
f 2191//2247 2195//2247 2197//2247
f 2192//2248 2195//2248 2194//2248
f 2193//2249 2195//2249 2196//2249
f 2198//2250 2202//2250 2204//2250
f 2199//2251 2202//2251 2201//2251
f 2200//2252 2202//2252 2203//2252
f 2205//2253 2209//2253 2211//2253
f 2206//2254 2209//2254 2208//2254
f 2207//2255 2209//2255 2210//2255
f 2212//2256 2216//2256 2218//2256
f 2213//2257 2216//2257 2215//2257
f 2214//2258 2216//2258 2217//2258
f 2219//2259 2223//2259 2225//2259
f 2220//2260 2223//2260 2222//2260
f 2221//2261 2223//2261 2224//2261
f 2226//2262 2230//2262 2232//2262
f 2227//2263 2230//2263 2229//2263
f 2228//2264 2230//2264 2231//2264
f 2177//2265 2194//2265 2191//2265
f 2183//2266 2192//2266 2194//2266
f 2184//2267 2182//2267 2178//2267
f 2190//2268 2179//2268 2182//2268
f 2198//2269 2189//2269 2185//2269
f 2204//2270 2186//2270 2189//2270
f 2193//2271 2203//2271 2199//2271
f 2196//2272 2200//2272 2203//2272
f 2191//2273 2222//2273 2219//2273
f 2197//2274 2220//2274 2222//2274
f 2226//2275 2201//2275 2198//2275
f 2232//2276 2199//2276 2201//2276
f 2221//2277 2231//2277 2227//2277
f 2224//2278 2228//2278 2231//2278
f 2219//2279 2208//2279 2205//2279
f 2225//2280 2206//2280 2208//2280
f 2212//2281 2229//2281 2226//2281
f 2218//2282 2227//2282 2229//2282
f 2207//2283 2217//2283 2213//2283
f 2210//2284 2214//2284 2217//2284
f 2205//2285 2180//2285 2177//2285
f 2211//2286 2178//2286 2180//2286
f 2185//2287 2215//2287 2212//2287
f 2187//2288 2213//2288 2215//2288
f 2219//2289 2177//2289 2191//2289
f 2186//2290 2192//2290 2179//2290
f 2213//2291 2178//2291 2207//2291
f 2198//2292 2212//2292 2226//2292
f 2199//2293 2220//2293 2193//2293
f 2227//2294 2206//2294 2221//2294
f 2177//2295 2180//2295 2181//2295
f 2178//2296 2182//2296 2181//2296
f 2179//2297 2183//2297 2181//2297
f 2184//2298 2187//2298 2188//2298
f 2185//2299 2189//2299 2188//2299
f 2186//2300 2190//2300 2188//2300
f 2191//2301 2194//2301 2195//2301
f 2192//2302 2196//2302 2195//2302
f 2193//2303 2197//2303 2195//2303
f 2198//2304 2201//2304 2202//2304
f 2199//2305 2203//2305 2202//2305
f 2200//2306 2204//2306 2202//2306
f 2205//2307 2208//2307 2209//2307
f 2206//2308 2210//2308 2209//2308
f 2207//2309 2211//2309 2209//2309
f 2212//2310 2215//2310 2216//2310
f 2213//2311 2217//2311 2216//2311
f 2214//2312 2218//2312 2216//2312
f 2219//2313 2222//2313 2223//2313
f 2220//2314 2224//2314 2223//2314
f 2221//2315 2225//2315 2223//2315
f 2226//2316 2229//2316 2230//2316
f 2227//2317 2231//2317 2230//2317
f 2228//2318 2232//2318 2230//2318
f 2177//2265 2183//2265 2194//2265
f 2183//2266 2179//2266 2192//2266
f 2184//2267 2190//2267 2182//2267
f 2190//2319 2186//2319 2179//2319
f 2198//2269 2204//2269 2189//2269
f 2204//2270 2200//2270 2186//2270
f 2193//2271 2196//2271 2203//2271
f 2196//2320 2192//2320 2200//2320
f 2191//2321 2197//2321 2222//2321
f 2197//2274 2193//2274 2220//2274
f 2226//2322 2232//2322 2201//2322
f 2232//2276 2228//2276 2199//2276
f 2221//2323 2224//2323 2231//2323
f 2224//2278 2220//2278 2228//2278
f 2219//2279 2225//2279 2208//2279
f 2225//2280 2221//2280 2206//2280
f 2212//2281 2218//2281 2229//2281
f 2218//2282 2214//2282 2227//2282
f 2207//2283 2210//2283 2217//2283
f 2210//2324 2206//2324 2214//2324
f 2205//2325 2211//2325 2180//2325
f 2211//2286 2207//2286 2178//2286
f 2185//2326 2187//2326 2215//2326
f 2187//2288 2184//2288 2213//2288
f 2219//2289 2205//2289 2177//2289
f 2186//2290 2200//2290 2192//2290
f 2213//2291 2184//2291 2178//2291
f 2198//2292 2185//2292 2212//2292
f 2199//2293 2228//2293 2220//2293
f 2227//2294 2214//2294 2206//2294
o WallCapX_53.5
v 52.935001 3.075000 43.439999
v 52.935001 3.135000 43.500000
v 52.875000 3.135000 43.439999
v 52.935001 3.092574 43.482430
v 52.900360 3.100359 43.474644
v 52.892574 3.135000 43.482430
v 52.892574 3.092574 43.440002
v 52.935001 3.265000 43.500000
v 52.935001 3.325000 43.439999
v 52.875000 3.265000 43.439999
v 52.935001 3.307426 43.482430
v 52.900360 3.299641 43.474644
v 52.892574 3.307426 43.440002
v 52.892574 3.265000 43.482430
v 52.935001 3.075000 -43.439999
v 52.875000 3.135000 -43.439999
v 52.935001 3.135000 -43.500000
v 52.892574 3.092574 -43.440002
v 52.900360 3.100359 -43.474644
v 52.892574 3.135000 -43.482430
v 52.935001 3.092574 -43.482430
v 52.935001 3.325000 -43.439999
v 52.935001 3.265000 -43.500000
v 52.875000 3.265000 -43.439999
v 52.935001 3.307426 -43.482430
v 52.900360 3.299641 -43.474644
v 52.892574 3.265000 -43.482430
v 52.892574 3.307426 -43.440002
v 54.064999 3.075000 43.439999
v 54.125000 3.135000 43.439999
v 54.064999 3.135000 43.500000
v 54.107426 3.092574 43.440002
v 54.099640 3.100359 43.474644
v 54.107426 3.135000 43.482430
v 54.064999 3.092574 43.482430
v 54.064999 3.325000 43.439999
v 54.064999 3.265000 43.500000
v 54.125000 3.265000 43.439999
v 54.064999 3.307426 43.482430
v 54.099640 3.299641 43.474644
v 54.107426 3.265000 43.482430
v 54.107426 3.307426 43.440002
v 54.064999 3.075000 -43.439999
v 54.064999 3.135000 -43.500000
v 54.125000 3.135000 -43.439999
v 54.064999 3.092574 -43.482430
v 54.099640 3.100359 -43.474644
v 54.107426 3.135000 -43.482430
v 54.107426 3.092574 -43.440002
v 54.064999 3.325000 -43.439999
v 54.125000 3.265000 -43.439999
v 54.064999 3.265000 -43.500000
v 54.107426 3.307426 -43.440002
v 54.099640 3.299641 -43.474644
v 54.107426 3.265000 -43.482430
v 54.064999 3.307426 -43.482430
vn -0.3672 -0.8864 0.2818
vn -0.2818 -0.3669 0.8866
vn -0.8865 -0.2817 0.3672
vn -0.3671 0.2818 0.8865
vn -0.2817 0.8865 0.3671
vn -0.8865 0.3671 0.2817
vn -0.2817 -0.8865 -0.3671
vn -0.8865 -0.3671 -0.2817
vn -0.3671 -0.2818 -0.8865
vn -0.3672 0.8864 -0.2818
vn -0.2818 0.3669 -0.8866
vn -0.8865 0.2817 -0.3672
vn 0.2817 -0.8865 0.3671
vn 0.8865 -0.3671 0.2817
vn 0.3671 -0.2818 0.8865
vn 0.3672 0.8864 0.2818
vn 0.2818 0.3669 0.8866
vn 0.8865 0.2817 0.3672
vn 0.3672 -0.8864 -0.2818
vn 0.2818 -0.3669 -0.8866
vn 0.8865 -0.2817 -0.3672
vn 0.2817 0.8865 -0.3671
vn 0.8865 0.3671 -0.2817
vn 0.3671 0.2818 -0.8865
vn -0.3827 -0.9239 -0.0000
vn -0.9239 -0.3827 -0.0000
vn -0.3826 -0.0000 0.9239
vn -0.9239 -0.0000 0.3826
vn -0.3827 0.9239 -0.0000
vn -0.9239 0.3827 -0.0000
vn -0.3826 -0.0000 -0.9239
vn -0.9239 -0.0000 -0.3826
vn -0.0000 -0.9239 -0.3827
vn -0.0000 -0.3826 -0.9239
vn -0.0000 0.9239 -0.3827
vn -0.0000 0.3826 -0.9239
vn 0.9239 -0.0000 -0.3826
vn 0.3826 -0.0000 -0.9239
vn 0.3827 -0.9239 -0.0000
vn 0.9239 -0.3827 -0.0000
vn 0.3827 0.9239 -0.0000
vn 0.9239 0.3827 -0.0000
vn 0.3826 -0.0000 0.9239
vn 0.9239 -0.0000 0.3826
vn -0.0000 -0.9239 0.3827
vn -0.0000 -0.3826 0.9239
vn -0.0000 0.9239 0.3827
vn -0.0000 0.3827 0.9239
vn -0.0000 -1.0000 -0.0000
vn -1.0000 -0.0000 -0.0000
vn -0.0000 -0.0000 1.0000
vn -0.0000 1.0000 -0.0000
vn -0.0000 -0.0000 -1.0000
vn 1.0000 -0.0000 -0.0000
vn -0.2817 -0.8865 0.3671
vn -0.3671 -0.2818 0.8865
vn -0.8865 -0.3671 0.2817
vn -0.2818 0.3669 0.8866
vn -0.3672 0.8864 0.2818
vn -0.8865 0.2817 0.3672
vn -0.3672 -0.8865 -0.2817
vn -0.8865 -0.2817 -0.3672
vn -0.2818 -0.3669 -0.8866
vn -0.2817 0.8865 -0.3671
vn -0.3671 0.2818 -0.8865
vn -0.8865 0.3671 -0.2817
vn 0.3672 -0.8865 0.2817
vn 0.8865 -0.2817 0.3672
vn 0.2818 -0.3669 0.8866
vn 0.2817 0.8865 0.3671
vn 0.3671 0.2818 0.8865
vn 0.8865 0.3671 0.2817
vn 0.2817 -0.8865 -0.3671
vn 0.3671 -0.2818 -0.8865
vn 0.8865 -0.3671 -0.2817
vn 0.3672 0.8865 -0.2817
vn 0.8865 0.2817 -0.3672
vn 0.2818 0.3669 -0.8866
vn -0.0000 -0.9239 -0.3826
vn -0.0000 0.9239 -0.3826
vn -0.0000 -0.9239 0.3826
vn -0.0000 0.9239 0.3826
vn -0.0000 0.3826 0.9239
s 0
usemtl Blue_Black_Roof
f 2233//2327 2237//2327 2239//2327
f 2234//2328 2237//2328 2236//2328
f 2235//2329 2237//2329 2238//2329
f 2240//2330 2244//2330 2246//2330
f 2241//2331 2244//2331 2243//2331
f 2242//2332 2244//2332 2245//2332
f 2247//2333 2251//2333 2253//2333
f 2248//2334 2251//2334 2250//2334
f 2249//2335 2251//2335 2252//2335
f 2254//2336 2258//2336 2260//2336
f 2255//2337 2258//2337 2257//2337
f 2256//2338 2258//2338 2259//2338
f 2261//2339 2265//2339 2267//2339
f 2262//2340 2265//2340 2264//2340
f 2263//2341 2265//2341 2266//2341
f 2268//2342 2272//2342 2274//2342
f 2269//2343 2272//2343 2271//2343
f 2270//2344 2272//2344 2273//2344
f 2275//2345 2279//2345 2281//2345
f 2276//2346 2279//2346 2278//2346
f 2277//2347 2279//2347 2280//2347
f 2282//2348 2286//2348 2288//2348
f 2283//2349 2286//2349 2285//2349
f 2284//2350 2286//2350 2287//2350
f 2233//2351 2250//2351 2247//2351
f 2239//2352 2248//2352 2250//2352
f 2240//2353 2238//2353 2234//2353
f 2246//2354 2235//2354 2238//2354
f 2254//2355 2245//2355 2241//2355
f 2260//2356 2242//2356 2245//2356
f 2249//2357 2259//2357 2255//2357
f 2252//2358 2256//2358 2259//2358
f 2247//2359 2278//2359 2275//2359
f 2253//2360 2276//2360 2278//2360
f 2282//2361 2257//2361 2254//2361
f 2288//2362 2255//2362 2257//2362
f 2277//2363 2287//2363 2283//2363
f 2280//2364 2284//2364 2287//2364
f 2275//2365 2264//2365 2261//2365
f 2281//2366 2262//2366 2264//2366
f 2268//2367 2285//2367 2282//2367
f 2274//2368 2283//2368 2285//2368
f 2263//2369 2273//2369 2269//2369
f 2266//2370 2270//2370 2273//2370
f 2261//2371 2236//2371 2233//2371
f 2267//2372 2234//2372 2236//2372
f 2241//2373 2271//2373 2268//2373
f 2243//2374 2269//2374 2271//2374
f 2275//2375 2233//2375 2247//2375
f 2242//2376 2248//2376 2235//2376
f 2269//2377 2234//2377 2263//2377
f 2254//2378 2268//2378 2282//2378
f 2255//2379 2276//2379 2249//2379
f 2283//2380 2262//2380 2277//2380
f 2233//2381 2236//2381 2237//2381
f 2234//2382 2238//2382 2237//2382
f 2235//2383 2239//2383 2237//2383
f 2240//2384 2243//2384 2244//2384
f 2241//2385 2245//2385 2244//2385
f 2242//2386 2246//2386 2244//2386
f 2247//2387 2250//2387 2251//2387
f 2248//2388 2252//2388 2251//2388
f 2249//2389 2253//2389 2251//2389
f 2254//2390 2257//2390 2258//2390
f 2255//2391 2259//2391 2258//2391
f 2256//2392 2260//2392 2258//2392
f 2261//2393 2264//2393 2265//2393
f 2262//2394 2266//2394 2265//2394
f 2263//2395 2267//2395 2265//2395
f 2268//2396 2271//2396 2272//2396
f 2269//2397 2273//2397 2272//2397
f 2270//2398 2274//2398 2272//2398
f 2275//2399 2278//2399 2279//2399
f 2276//2400 2280//2400 2279//2400
f 2277//2401 2281//2401 2279//2401
f 2282//2402 2285//2402 2286//2402
f 2283//2403 2287//2403 2286//2403
f 2284//2404 2288//2404 2286//2404
f 2233//2351 2239//2351 2250//2351
f 2239//2352 2235//2352 2248//2352
f 2240//2353 2246//2353 2238//2353
f 2246//2354 2242//2354 2235//2354
f 2254//2355 2260//2355 2245//2355
f 2260//2356 2256//2356 2242//2356
f 2249//2357 2252//2357 2259//2357
f 2252//2358 2248//2358 2256//2358
f 2247//2405 2253//2405 2278//2405
f 2253//2360 2249//2360 2276//2360
f 2282//2406 2288//2406 2257//2406
f 2288//2362 2284//2362 2255//2362
f 2277//2363 2280//2363 2287//2363
f 2280//2364 2276//2364 2284//2364
f 2275//2365 2281//2365 2264//2365
f 2281//2366 2277//2366 2262//2366
f 2268//2367 2274//2367 2285//2367
f 2274//2368 2270//2368 2283//2368
f 2263//2369 2266//2369 2273//2369
f 2266//2370 2262//2370 2270//2370
f 2261//2407 2267//2407 2236//2407
f 2267//2372 2263//2372 2234//2372
f 2241//2408 2243//2408 2271//2408
f 2243//2409 2240//2409 2269//2409
f 2275//2375 2261//2375 2233//2375
f 2242//2376 2256//2376 2248//2376
f 2269//2377 2240//2377 2234//2377
f 2254//2378 2241//2378 2268//2378
f 2255//2379 2284//2379 2276//2379
f 2283//2380 2270//2380 2262//2380
o NorthernTemple_base_-140
v -14.405000 0.840000 -30.144999
v -14.405000 0.860000 -30.125000
v -14.425000 0.860000 -30.144999
v -14.405000 0.845858 -30.130857
v -14.416547 0.848453 -30.133451
v -14.419142 0.860000 -30.130857
v -14.419142 0.845858 -30.144999
v -14.405000 1.180000 -30.125000
v -14.405000 1.200000 -30.144999
v -14.425000 1.180000 -30.144999
v -14.405000 1.194142 -30.130857
v -14.416547 1.191547 -30.133451
v -14.419142 1.194142 -30.144999
v -14.419142 1.180000 -30.130857
v -14.405000 0.840000 -30.955000
v -14.425000 0.860000 -30.955000
v -14.405000 0.860000 -30.974998
v -14.419142 0.845858 -30.955000
v -14.416547 0.848453 -30.966547
v -14.419142 0.860000 -30.969141
v -14.405000 0.845858 -30.969141
v -14.405000 1.200000 -30.955000
v -14.405000 1.180000 -30.974998
v -14.425000 1.180000 -30.955000
v -14.405000 1.194142 -30.969141
v -14.416547 1.191547 -30.966547
v -14.419142 1.180000 -30.969141
v -14.419142 1.194142 -30.955000
v -13.595000 0.840000 -30.144999
v -13.575000 0.860000 -30.144999
v -13.595000 0.860000 -30.125000
v -13.580858 0.845858 -30.144999
v -13.583453 0.848453 -30.133451
v -13.580858 0.860000 -30.130857
v -13.595000 0.845858 -30.130857
v -13.595000 1.200000 -30.144999
v -13.595000 1.180000 -30.125000
v -13.575000 1.180000 -30.144999
v -13.595000 1.194142 -30.130857
v -13.583453 1.191547 -30.133451
v -13.580858 1.180000 -30.130857
v -13.580858 1.194142 -30.144999
v -13.595000 0.840000 -30.955000
v -13.595000 0.860000 -30.974998
v -13.575000 0.860000 -30.955000
v -13.595000 0.845858 -30.969141
v -13.583453 0.848453 -30.966547
v -13.580858 0.860000 -30.969141
v -13.580858 0.845858 -30.955000
v -13.595000 1.200000 -30.955000
v -13.575000 1.180000 -30.955000
v -13.595000 1.180000 -30.974998
v -13.580858 1.194142 -30.955000
v -13.583453 1.191547 -30.966547
v -13.580858 1.180000 -30.969141
v -13.595000 1.194142 -30.969141
vn -0.3672 -0.8865 0.2817
vn -0.2817 -0.3672 0.8865
vn -0.8865 -0.2817 0.3672
vn -0.3672 0.2818 0.8864
vn -0.2817 0.8865 0.3672
vn -0.8865 0.3672 0.2817
vn -0.2817 -0.8865 -0.3672
vn -0.8865 -0.3672 -0.2817
vn -0.3672 -0.2818 -0.8865
vn -0.3672 0.8865 -0.2817
vn -0.2817 0.3672 -0.8865
vn -0.8865 0.2817 -0.3672
vn 0.2817 -0.8865 0.3672
vn 0.8865 -0.3672 0.2817
vn 0.3672 -0.2818 0.8864
vn 0.3672 0.8865 0.2817
vn 0.2817 0.3672 0.8865
vn 0.8865 0.2817 0.3672
vn 0.3672 -0.8865 -0.2817
vn 0.2817 -0.3672 -0.8865
vn 0.8865 -0.2817 -0.3672
vn 0.2817 0.8865 -0.3672
vn 0.8865 0.3672 -0.2817
vn 0.3672 0.2818 -0.8865
vn -0.3827 -0.9239 -0.0000
vn -0.9239 -0.3827 -0.0000
vn -0.3827 -0.0000 0.9239
vn -0.9239 -0.0000 0.3827
vn -0.3827 0.9239 -0.0000
vn -0.9239 0.3827 -0.0000
vn -0.3827 -0.0000 -0.9239
vn -0.9239 -0.0000 -0.3827
vn -0.0000 -0.9239 -0.3827
vn -0.0000 -0.3827 -0.9239
vn -0.0000 0.9239 -0.3827
vn -0.0000 0.3827 -0.9239
vn 0.9239 -0.0000 -0.3827
vn 0.3827 -0.0000 -0.9239
vn 0.3827 -0.9239 -0.0000
vn 0.9239 -0.3827 -0.0000
vn 0.3827 0.9239 -0.0000
vn 0.9239 0.3827 -0.0000
vn 0.3827 -0.0000 0.9239
vn 0.9239 -0.0000 0.3827
vn -0.0000 -0.9239 0.3827
vn -0.0000 -0.3827 0.9239
vn -0.0000 0.9239 0.3827
vn -0.0000 0.3827 0.9239
vn -0.0000 -1.0000 -0.0000
vn -1.0000 -0.0000 -0.0000
vn -0.0000 -0.0000 1.0000
vn -0.0000 1.0000 -0.0000
vn -0.0000 -0.0000 -1.0000
vn 1.0000 -0.0000 -0.0000
vn -0.2817 -0.8865 0.3672
vn -0.3672 -0.2818 0.8864
vn -0.8865 -0.3672 0.2817
vn -0.2817 0.3672 0.8865
vn -0.3672 0.8865 0.2817
vn -0.8865 0.2817 0.3672
vn -0.3672 -0.8865 -0.2817
vn -0.8865 -0.2817 -0.3672
vn -0.2817 -0.3672 -0.8865
vn -0.2817 0.8865 -0.3672
vn -0.3672 0.2818 -0.8865
vn -0.8865 0.3672 -0.2817
vn 0.3672 -0.8865 0.2817
vn 0.8865 -0.2817 0.3672
vn 0.2817 -0.3672 0.8865
vn 0.2817 0.8865 0.3672
vn 0.3672 0.2818 0.8864
vn 0.8865 0.3672 0.2817
vn 0.2817 -0.8865 -0.3672
vn 0.3672 -0.2818 -0.8865
vn 0.8865 -0.3672 -0.2817
vn 0.3672 0.8865 -0.2817
vn 0.8865 0.2817 -0.3672
vn 0.2817 0.3672 -0.8865
s 0
usemtl Stone_Warm
f 2289//2410 2293//2410 2295//2410
f 2290//2411 2293//2411 2292//2411
f 2291//2412 2293//2412 2294//2412
f 2296//2413 2300//2413 2302//2413
f 2297//2414 2300//2414 2299//2414
f 2298//2415 2300//2415 2301//2415
f 2303//2416 2307//2416 2309//2416
f 2304//2417 2307//2417 2306//2417
f 2305//2418 2307//2418 2308//2418
f 2310//2419 2314//2419 2316//2419
f 2311//2420 2314//2420 2313//2420
f 2312//2421 2314//2421 2315//2421
f 2317//2422 2321//2422 2323//2422
f 2318//2423 2321//2423 2320//2423
f 2319//2424 2321//2424 2322//2424
f 2324//2425 2328//2425 2330//2425
f 2325//2426 2328//2426 2327//2426
f 2326//2427 2328//2427 2329//2427
f 2331//2428 2335//2428 2337//2428
f 2332//2429 2335//2429 2334//2429
f 2333//2430 2335//2430 2336//2430
f 2338//2431 2342//2431 2344//2431
f 2339//2432 2342//2432 2341//2432
f 2340//2433 2342//2433 2343//2433
f 2289//2434 2306//2434 2303//2434
f 2295//2435 2304//2435 2306//2435
f 2296//2436 2294//2436 2290//2436
f 2302//2437 2291//2437 2294//2437
f 2310//2438 2301//2438 2297//2438
f 2316//2439 2298//2439 2301//2439
f 2305//2440 2315//2440 2311//2440
f 2308//2441 2312//2441 2315//2441
f 2303//2442 2334//2442 2331//2442
f 2309//2443 2332//2443 2334//2443
f 2338//2444 2313//2444 2310//2444
f 2344//2445 2311//2445 2313//2445
f 2333//2446 2343//2446 2339//2446
f 2336//2447 2340//2447 2343//2447
f 2331//2448 2320//2448 2317//2448
f 2337//2449 2318//2449 2320//2449
f 2324//2450 2341//2450 2338//2450
f 2330//2451 2339//2451 2341//2451
f 2319//2452 2329//2452 2325//2452
f 2322//2453 2326//2453 2329//2453
f 2317//2454 2292//2454 2289//2454
f 2323//2455 2290//2455 2292//2455
f 2297//2456 2327//2456 2324//2456
f 2299//2457 2325//2457 2327//2457
f 2331//2458 2289//2458 2303//2458
f 2298//2459 2304//2459 2291//2459
f 2325//2460 2290//2460 2319//2460
f 2310//2461 2324//2461 2338//2461
f 2311//2462 2332//2462 2305//2462
f 2339//2463 2318//2463 2333//2463
f 2289//2464 2292//2464 2293//2464
f 2290//2465 2294//2465 2293//2465
f 2291//2466 2295//2466 2293//2466
f 2296//2467 2299//2467 2300//2467
f 2297//2468 2301//2468 2300//2468
f 2298//2469 2302//2469 2300//2469
f 2303//2470 2306//2470 2307//2470
f 2304//2471 2308//2471 2307//2471
f 2305//2472 2309//2472 2307//2472
f 2310//2473 2313//2473 2314//2473
f 2311//2474 2315//2474 2314//2474
f 2312//2475 2316//2475 2314//2475
f 2317//2476 2320//2476 2321//2476
f 2318//2477 2322//2477 2321//2477
f 2319//2478 2323//2478 2321//2478
f 2324//2479 2327//2479 2328//2479
f 2325//2480 2329//2480 2328//2480
f 2326//2481 2330//2481 2328//2481
f 2331//2482 2334//2482 2335//2482
f 2332//2483 2336//2483 2335//2483
f 2333//2484 2337//2484 2335//2484
f 2338//2485 2341//2485 2342//2485
f 2339//2486 2343//2486 2342//2486
f 2340//2487 2344//2487 2342//2487
f 2289//2434 2295//2434 2306//2434
f 2295//2435 2291//2435 2304//2435
f 2296//2436 2302//2436 2294//2436
f 2302//2437 2298//2437 2291//2437
f 2310//2438 2316//2438 2301//2438
f 2316//2439 2312//2439 2298//2439
f 2305//2440 2308//2440 2315//2440
f 2308//2441 2304//2441 2312//2441
f 2303//2442 2309//2442 2334//2442
f 2309//2443 2305//2443 2332//2443
f 2338//2444 2344//2444 2313//2444
f 2344//2445 2340//2445 2311//2445
f 2333//2446 2336//2446 2343//2446
f 2336//2447 2332//2447 2340//2447
f 2331//2448 2337//2448 2320//2448
f 2337//2449 2333//2449 2318//2449
f 2324//2450 2330//2450 2341//2450
f 2330//2451 2326//2451 2339//2451
f 2319//2452 2322//2452 2329//2452
f 2322//2453 2318//2453 2326//2453
f 2317//2454 2323//2454 2292//2454
f 2323//2455 2319//2455 2290//2455
f 2297//2456 2299//2456 2327//2456
f 2299//2457 2296//2457 2325//2457
f 2331//2458 2317//2458 2289//2458
f 2298//2459 2312//2459 2304//2459
f 2325//2460 2296//2460 2290//2460
f 2310//2461 2297//2461 2324//2461
f 2311//2462 2340//2462 2332//2462
f 2339//2463 2326//2463 2318//2463
o NorthernTemple_base_-92
v -9.605000 0.840000 -30.144999
v -9.605000 0.860000 -30.125000
v -9.625000 0.860000 -30.144999
v -9.605000 0.845858 -30.130857
v -9.616547 0.848453 -30.133451
v -9.619142 0.860000 -30.130857
v -9.619142 0.845858 -30.144999
v -9.605000 1.180000 -30.125000
v -9.605000 1.200000 -30.144999
v -9.625000 1.180000 -30.144999
v -9.605000 1.194142 -30.130857
v -9.616547 1.191547 -30.133451
v -9.619142 1.194142 -30.144999
v -9.619142 1.180000 -30.130857
v -9.605000 0.840000 -30.955000
v -9.625000 0.860000 -30.955000
v -9.605000 0.860000 -30.974998
v -9.619142 0.845858 -30.955000
v -9.616547 0.848453 -30.966547
v -9.619142 0.860000 -30.969141
v -9.605000 0.845858 -30.969141
v -9.605000 1.200000 -30.955000
v -9.605000 1.180000 -30.974998
v -9.625000 1.180000 -30.955000
v -9.605000 1.194142 -30.969141
v -9.616547 1.191547 -30.966547
v -9.619142 1.180000 -30.969141
v -9.619142 1.194142 -30.955000
v -8.795000 0.840000 -30.144999
v -8.775000 0.860000 -30.144999
v -8.795000 0.860000 -30.125000
v -8.780858 0.845858 -30.144999
v -8.783453 0.848453 -30.133451
v -8.780858 0.860000 -30.130857
v -8.795000 0.845858 -30.130857
v -8.795000 1.200000 -30.144999
v -8.795000 1.180000 -30.125000
v -8.775000 1.180000 -30.144999
v -8.795000 1.194142 -30.130857
v -8.783453 1.191547 -30.133451
v -8.780858 1.180000 -30.130857
v -8.780858 1.194142 -30.144999
v -8.795000 0.840000 -30.955000
v -8.795000 0.860000 -30.974998
v -8.775000 0.860000 -30.955000
v -8.795000 0.845858 -30.969141
v -8.783453 0.848453 -30.966547
v -8.780858 0.860000 -30.969141
v -8.780858 0.845858 -30.955000
v -8.795000 1.200000 -30.955000
v -8.775000 1.180000 -30.955000
v -8.795000 1.180000 -30.974998
v -8.780858 1.194142 -30.955000
v -8.783453 1.191547 -30.966547
v -8.780858 1.180000 -30.969141
v -8.795000 1.194142 -30.969141
vn -0.3672 -0.8865 0.2817
vn -0.2817 -0.3672 0.8865
vn -0.8865 -0.2817 0.3672
vn -0.3672 0.2818 0.8864
vn -0.2817 0.8865 0.3672
vn -0.8865 0.3672 0.2817
vn -0.2817 -0.8865 -0.3672
vn -0.8865 -0.3672 -0.2817
vn -0.3672 -0.2818 -0.8865
vn -0.3672 0.8865 -0.2817
vn -0.2817 0.3672 -0.8865
vn -0.8865 0.2817 -0.3672
vn 0.2817 -0.8865 0.3672
vn 0.8865 -0.3672 0.2817
vn 0.3672 -0.2818 0.8864
vn 0.3672 0.8865 0.2817
vn 0.2817 0.3672 0.8865
vn 0.8865 0.2817 0.3672
vn 0.3672 -0.8865 -0.2817
vn 0.2817 -0.3672 -0.8865
vn 0.8865 -0.2817 -0.3672
vn 0.2817 0.8865 -0.3672
vn 0.8865 0.3672 -0.2817
vn 0.3672 0.2818 -0.8865
vn -0.3827 -0.9239 -0.0000
vn -0.9239 -0.3827 -0.0000
vn -0.3827 -0.0000 0.9239
vn -0.9239 -0.0000 0.3827
vn -0.3827 0.9239 -0.0000
vn -0.9239 0.3827 -0.0000
vn -0.3827 -0.0000 -0.9239
vn -0.9239 -0.0000 -0.3827
vn -0.0000 -0.9239 -0.3827
vn -0.0000 -0.3827 -0.9239
vn -0.0000 0.9239 -0.3827
vn -0.0000 0.3827 -0.9239
vn 0.9239 -0.0000 -0.3827
vn 0.3827 -0.0000 -0.9239
vn 0.3827 -0.9239 -0.0000
vn 0.9239 -0.3827 -0.0000
vn 0.3827 0.9239 -0.0000
vn 0.9239 0.3827 -0.0000
vn 0.3827 -0.0000 0.9239
vn 0.9239 -0.0000 0.3827
vn -0.0000 -0.9239 0.3827
vn -0.0000 -0.3827 0.9239
vn -0.0000 0.9239 0.3827
vn -0.0000 0.3827 0.9239
vn -0.0000 -1.0000 -0.0000
vn -1.0000 -0.0000 -0.0000
vn -0.0000 -0.0000 1.0000
vn -0.0000 1.0000 -0.0000
vn -0.0000 -0.0000 -1.0000
vn 1.0000 -0.0000 -0.0000
vn -0.2817 -0.8865 0.3672
vn -0.3672 -0.2818 0.8864
vn -0.8865 -0.3672 0.2817
vn -0.2817 0.3672 0.8865
vn -0.3672 0.8865 0.2817
vn -0.8865 0.2817 0.3672
vn -0.3672 -0.8865 -0.2817
vn -0.8865 -0.2817 -0.3672
vn -0.2817 -0.3672 -0.8865
vn -0.2817 0.8865 -0.3672
vn -0.3672 0.2818 -0.8865
vn -0.8865 0.3672 -0.2817
vn 0.3672 -0.8865 0.2817
vn 0.8865 -0.2817 0.3672
vn 0.2817 -0.3672 0.8865
vn 0.2817 0.8865 0.3672
vn 0.3672 0.2818 0.8864
vn 0.8865 0.3672 0.2817
vn 0.2817 -0.8865 -0.3672
vn 0.3672 -0.2818 -0.8865
vn 0.8865 -0.3672 -0.2817
vn 0.3672 0.8865 -0.2817
vn 0.8865 0.2817 -0.3672
vn 0.2817 0.3672 -0.8865
s 0
usemtl Stone_Warm
f 2345//2488 2349//2488 2351//2488
f 2346//2489 2349//2489 2348//2489
f 2347//2490 2349//2490 2350//2490
f 2352//2491 2356//2491 2358//2491
f 2353//2492 2356//2492 2355//2492
f 2354//2493 2356//2493 2357//2493
f 2359//2494 2363//2494 2365//2494
f 2360//2495 2363//2495 2362//2495
f 2361//2496 2363//2496 2364//2496
f 2366//2497 2370//2497 2372//2497
f 2367//2498 2370//2498 2369//2498
f 2368//2499 2370//2499 2371//2499
f 2373//2500 2377//2500 2379//2500
f 2374//2501 2377//2501 2376//2501
f 2375//2502 2377//2502 2378//2502
f 2380//2503 2384//2503 2386//2503
f 2381//2504 2384//2504 2383//2504
f 2382//2505 2384//2505 2385//2505
f 2387//2506 2391//2506 2393//2506
f 2388//2507 2391//2507 2390//2507
f 2389//2508 2391//2508 2392//2508
f 2394//2509 2398//2509 2400//2509
f 2395//2510 2398//2510 2397//2510
f 2396//2511 2398//2511 2399//2511
f 2345//2512 2362//2512 2359//2512
f 2351//2513 2360//2513 2362//2513
f 2352//2514 2350//2514 2346//2514
f 2358//2515 2347//2515 2350//2515
f 2366//2516 2357//2516 2353//2516
f 2372//2517 2354//2517 2357//2517
f 2361//2518 2371//2518 2367//2518
f 2364//2519 2368//2519 2371//2519
f 2359//2520 2390//2520 2387//2520
f 2365//2521 2388//2521 2390//2521
f 2394//2522 2369//2522 2366//2522
f 2400//2523 2367//2523 2369//2523
f 2389//2524 2399//2524 2395//2524
f 2392//2525 2396//2525 2399//2525
f 2387//2526 2376//2526 2373//2526
f 2393//2527 2374//2527 2376//2527
f 2380//2528 2397//2528 2394//2528
f 2386//2529 2395//2529 2397//2529
f 2375//2530 2385//2530 2381//2530
f 2378//2531 2382//2531 2385//2531
f 2373//2532 2348//2532 2345//2532
f 2379//2533 2346//2533 2348//2533
f 2353//2534 2383//2534 2380//2534
f 2355//2535 2381//2535 2383//2535
f 2387//2536 2345//2536 2359//2536
f 2354//2537 2360//2537 2347//2537
f 2381//2538 2346//2538 2375//2538
f 2366//2539 2380//2539 2394//2539
f 2367//2540 2388//2540 2361//2540
f 2395//2541 2374//2541 2389//2541
f 2345//2542 2348//2542 2349//2542
f 2346//2543 2350//2543 2349//2543
f 2347//2544 2351//2544 2349//2544
f 2352//2545 2355//2545 2356//2545
f 2353//2546 2357//2546 2356//2546
f 2354//2547 2358//2547 2356//2547
f 2359//2548 2362//2548 2363//2548
f 2360//2549 2364//2549 2363//2549
f 2361//2550 2365//2550 2363//2550
f 2366//2551 2369//2551 2370//2551
f 2367//2552 2371//2552 2370//2552
f 2368//2553 2372//2553 2370//2553
f 2373//2554 2376//2554 2377//2554
f 2374//2555 2378//2555 2377//2555
f 2375//2556 2379//2556 2377//2556
f 2380//2557 2383//2557 2384//2557
f 2381//2558 2385//2558 2384//2558
f 2382//2559 2386//2559 2384//2559
f 2387//2560 2390//2560 2391//2560
f 2388//2561 2392//2561 2391//2561
f 2389//2562 2393//2562 2391//2562
f 2394//2563 2397//2563 2398//2563
f 2395//2564 2399//2564 2398//2564
f 2396//2565 2400//2565 2398//2565
f 2345//2512 2351//2512 2362//2512
f 2351//2513 2347//2513 2360//2513
f 2352//2514 2358//2514 2350//2514
f 2358//2515 2354//2515 2347//2515
f 2366//2516 2372//2516 2357//2516
f 2372//2517 2368//2517 2354//2517
f 2361//2518 2364//2518 2371//2518
f 2364//2519 2360//2519 2368//2519
f 2359//2520 2365//2520 2390//2520
f 2365//2521 2361//2521 2388//2521
f 2394//2522 2400//2522 2369//2522
f 2400//2523 2396//2523 2367//2523
f 2389//2524 2392//2524 2399//2524
f 2392//2525 2388//2525 2396//2525
f 2387//2526 2393//2526 2376//2526
f 2393//2527 2389//2527 2374//2527
f 2380//2528 2386//2528 2397//2528
f 2386//2529 2382//2529 2395//2529
f 2375//2530 2378//2530 2385//2530
f 2378//2531 2374//2531 2382//2531
f 2373//2532 2379//2532 2348//2532
f 2379//2533 2375//2533 2346//2533
f 2353//2534 2355//2534 2383//2534
f 2355//2535 2352//2535 2381//2535
f 2387//2536 2373//2536 2345//2536
f 2354//2537 2368//2537 2360//2537
f 2381//2538 2352//2538 2346//2538
f 2366//2539 2353//2539 2380//2539
f 2367//2540 2396//2540 2388//2540
f 2395//2541 2382//2541 2374//2541
o NorthernTemple_base_-52
v -5.605000 0.840000 -30.144999
v -5.605000 0.860000 -30.125000
v -5.625000 0.860000 -30.144999
v -5.605000 0.845858 -30.130857
v -5.616547 0.848453 -30.133451
v -5.619142 0.860000 -30.130857
v -5.619142 0.845858 -30.144999
v -5.605000 1.180000 -30.125000
v -5.605000 1.200000 -30.144999
v -5.625000 1.180000 -30.144999
v -5.605000 1.194142 -30.130857
v -5.616547 1.191547 -30.133451
v -5.619142 1.194142 -30.144999
v -5.619142 1.180000 -30.130857
v -5.605000 0.840000 -30.955000
v -5.625000 0.860000 -30.955000
v -5.605000 0.860000 -30.974998
v -5.619142 0.845858 -30.955000
v -5.616547 0.848453 -30.966547
v -5.619142 0.860000 -30.969141
v -5.605000 0.845858 -30.969141
v -5.605000 1.200000 -30.955000
v -5.605000 1.180000 -30.974998
v -5.625000 1.180000 -30.955000
v -5.605000 1.194142 -30.969141
v -5.616547 1.191547 -30.966547
v -5.619142 1.180000 -30.969141
v -5.619142 1.194142 -30.955000
v -4.795000 0.840000 -30.144999
v -4.775000 0.860000 -30.144999
v -4.795000 0.860000 -30.125000
v -4.780858 0.845858 -30.144999
v -4.783453 0.848453 -30.133451
v -4.780858 0.860000 -30.130857
v -4.795000 0.845858 -30.130857
v -4.795000 1.200000 -30.144999
v -4.795000 1.180000 -30.125000
v -4.775000 1.180000 -30.144999
v -4.795000 1.194142 -30.130857
v -4.783453 1.191547 -30.133451
v -4.780858 1.180000 -30.130857
v -4.780858 1.194142 -30.144999
v -4.795000 0.840000 -30.955000
v -4.795000 0.860000 -30.974998
v -4.775000 0.860000 -30.955000
v -4.795000 0.845858 -30.969141
v -4.783453 0.848453 -30.966547
v -4.780858 0.860000 -30.969141
v -4.780858 0.845858 -30.955000
v -4.795000 1.200000 -30.955000
v -4.775000 1.180000 -30.955000
v -4.795000 1.180000 -30.974998
v -4.780858 1.194142 -30.955000
v -4.783453 1.191547 -30.966547
v -4.780858 1.180000 -30.969141
v -4.795000 1.194142 -30.969141
vn -0.3672 -0.8865 0.2817
vn -0.2817 -0.3672 0.8865
vn -0.8865 -0.2817 0.3672
vn -0.3672 0.2818 0.8864
vn -0.2817 0.8865 0.3672
vn -0.8865 0.3672 0.2817
vn -0.2817 -0.8865 -0.3672
vn -0.8865 -0.3672 -0.2817
vn -0.3672 -0.2818 -0.8865
vn -0.3672 0.8865 -0.2817
vn -0.2817 0.3672 -0.8865
vn -0.8865 0.2817 -0.3672
vn 0.2817 -0.8865 0.3672
vn 0.8865 -0.3672 0.2817
vn 0.3672 -0.2818 0.8864
vn 0.3672 0.8865 0.2817
vn 0.2817 0.3672 0.8865
vn 0.8865 0.2817 0.3672
vn 0.3672 -0.8865 -0.2817
vn 0.2817 -0.3672 -0.8865
vn 0.8865 -0.2817 -0.3672
vn 0.2817 0.8865 -0.3672
vn 0.8865 0.3672 -0.2817
vn 0.3672 0.2818 -0.8865
vn -0.3827 -0.9239 -0.0000
vn -0.9239 -0.3827 -0.0000
vn -0.3827 -0.0000 0.9239
vn -0.9239 -0.0000 0.3827
vn -0.3827 0.9239 -0.0000
vn -0.9239 0.3827 -0.0000
vn -0.3827 -0.0000 -0.9239
vn -0.9239 -0.0000 -0.3827
vn -0.0000 -0.9239 -0.3827
vn -0.0000 -0.3827 -0.9239
vn -0.0000 0.9239 -0.3827
vn -0.0000 0.3827 -0.9239
vn 0.9239 -0.0000 -0.3827
vn 0.3827 -0.0000 -0.9239
vn 0.3827 -0.9239 -0.0000
vn 0.9239 -0.3827 -0.0000
vn 0.3827 0.9239 -0.0000
vn 0.9239 0.3827 -0.0000
vn 0.3827 -0.0000 0.9239
vn 0.9239 -0.0000 0.3827
vn -0.0000 -0.9239 0.3827
vn -0.0000 -0.3827 0.9239
vn -0.0000 0.9239 0.3827
vn -0.0000 0.3827 0.9239
vn -0.0000 -1.0000 -0.0000
vn -1.0000 -0.0000 -0.0000
vn -0.0000 -0.0000 1.0000
vn -0.0000 1.0000 -0.0000
vn -0.0000 -0.0000 -1.0000
vn 1.0000 -0.0000 -0.0000
vn -0.2817 -0.8865 0.3672
vn -0.3672 -0.2818 0.8864
vn -0.8865 -0.3672 0.2817
vn -0.2817 0.3672 0.8865
vn -0.3672 0.8865 0.2817
vn -0.8865 0.2817 0.3672
vn -0.3672 -0.8865 -0.2817
vn -0.8865 -0.2817 -0.3672
vn -0.2817 -0.3672 -0.8865
vn -0.2817 0.8865 -0.3672
vn -0.3672 0.2818 -0.8865
vn -0.8865 0.3672 -0.2817
vn 0.3672 -0.8865 0.2817
vn 0.8865 -0.2817 0.3672
vn 0.2817 -0.3672 0.8865
vn 0.2817 0.8865 0.3672
vn 0.3672 0.2818 0.8864
vn 0.8865 0.3672 0.2817
vn 0.2817 -0.8865 -0.3672
vn 0.3672 -0.2818 -0.8865
vn 0.8865 -0.3672 -0.2817
vn 0.3672 0.8865 -0.2817
vn 0.8865 0.2817 -0.3672
vn 0.2817 0.3672 -0.8865
s 0
usemtl Stone_Warm
f 2401//2566 2405//2566 2407//2566
f 2402//2567 2405//2567 2404//2567
f 2403//2568 2405//2568 2406//2568
f 2408//2569 2412//2569 2414//2569
f 2409//2570 2412//2570 2411//2570
f 2410//2571 2412//2571 2413//2571
f 2415//2572 2419//2572 2421//2572
f 2416//2573 2419//2573 2418//2573
f 2417//2574 2419//2574 2420//2574
f 2422//2575 2426//2575 2428//2575
f 2423//2576 2426//2576 2425//2576
f 2424//2577 2426//2577 2427//2577
f 2429//2578 2433//2578 2435//2578
f 2430//2579 2433//2579 2432//2579
f 2431//2580 2433//2580 2434//2580
f 2436//2581 2440//2581 2442//2581
f 2437//2582 2440//2582 2439//2582
f 2438//2583 2440//2583 2441//2583
f 2443//2584 2447//2584 2449//2584
f 2444//2585 2447//2585 2446//2585
f 2445//2586 2447//2586 2448//2586
f 2450//2587 2454//2587 2456//2587
f 2451//2588 2454//2588 2453//2588
f 2452//2589 2454//2589 2455//2589
f 2401//2590 2418//2590 2415//2590
f 2407//2591 2416//2591 2418//2591
f 2408//2592 2406//2592 2402//2592
f 2414//2593 2403//2593 2406//2593
f 2422//2594 2413//2594 2409//2594
f 2428//2595 2410//2595 2413//2595
f 2417//2596 2427//2596 2423//2596
f 2420//2597 2424//2597 2427//2597
f 2415//2598 2446//2598 2443//2598
f 2421//2599 2444//2599 2446//2599
f 2450//2600 2425//2600 2422//2600
f 2456//2601 2423//2601 2425//2601
f 2445//2602 2455//2602 2451//2602
f 2448//2603 2452//2603 2455//2603
f 2443//2604 2432//2604 2429//2604
f 2449//2605 2430//2605 2432//2605
f 2436//2606 2453//2606 2450//2606
f 2442//2607 2451//2607 2453//2607
f 2431//2608 2441//2608 2437//2608
f 2434//2609 2438//2609 2441//2609
f 2429//2610 2404//2610 2401//2610
f 2435//2611 2402//2611 2404//2611
f 2409//2612 2439//2612 2436//2612
f 2411//2613 2437//2613 2439//2613
f 2443//2614 2401//2614 2415//2614
f 2410//2615 2416//2615 2403//2615
f 2437//2616 2402//2616 2431//2616
f 2422//2617 2436//2617 2450//2617
f 2423//2618 2444//2618 2417//2618
f 2451//2619 2430//2619 2445//2619
f 2401//2620 2404//2620 2405//2620
f 2402//2621 2406//2621 2405//2621
f 2403//2622 2407//2622 2405//2622
f 2408//2623 2411//2623 2412//2623
f 2409//2624 2413//2624 2412//2624
f 2410//2625 2414//2625 2412//2625
f 2415//2626 2418//2626 2419//2626
f 2416//2627 2420//2627 2419//2627
f 2417//2628 2421//2628 2419//2628
f 2422//2629 2425//2629 2426//2629
f 2423//2630 2427//2630 2426//2630
f 2424//2631 2428//2631 2426//2631
f 2429//2632 2432//2632 2433//2632
f 2430//2633 2434//2633 2433//2633
f 2431//2634 2435//2634 2433//2634
f 2436//2635 2439//2635 2440//2635
f 2437//2636 2441//2636 2440//2636
f 2438//2637 2442//2637 2440//2637
f 2443//2638 2446//2638 2447//2638
f 2444//2639 2448//2639 2447//2639
f 2445//2640 2449//2640 2447//2640
f 2450//2641 2453//2641 2454//2641
f 2451//2642 2455//2642 2454//2642
f 2452//2643 2456//2643 2454//2643
f 2401//2590 2407//2590 2418//2590
f 2407//2591 2403//2591 2416//2591
f 2408//2592 2414//2592 2406//2592
f 2414//2593 2410//2593 2403//2593
f 2422//2594 2428//2594 2413//2594
f 2428//2595 2424//2595 2410//2595
f 2417//2596 2420//2596 2427//2596
f 2420//2597 2416//2597 2424//2597
f 2415//2598 2421//2598 2446//2598
f 2421//2599 2417//2599 2444//2599
f 2450//2600 2456//2600 2425//2600
f 2456//2601 2452//2601 2423//2601
f 2445//2602 2448//2602 2455//2602
f 2448//2603 2444//2603 2452//2603
f 2443//2604 2449//2604 2432//2604
f 2449//2605 2445//2605 2430//2605
f 2436//2606 2442//2606 2453//2606
f 2442//2607 2438//2607 2451//2607
f 2431//2608 2434//2608 2441//2608
f 2434//2609 2430//2609 2438//2609
f 2429//2610 2435//2610 2404//2610
f 2435//2611 2431//2611 2402//2611
f 2409//2612 2411//2612 2439//2612
f 2411//2613 2408//2613 2437//2613
f 2443//2614 2429//2614 2401//2614
f 2410//2615 2424//2615 2416//2615
f 2437//2616 2408//2616 2402//2616
f 2422//2617 2409//2617 2436//2617
f 2423//2618 2452//2618 2444//2618
f 2451//2619 2438//2619 2430//2619
o NorthernTemple_base_-17
v -2.105000 0.840000 -30.144999
v -2.105000 0.860000 -30.125000
v -2.125000 0.860000 -30.144999
v -2.105000 0.845858 -30.130857
v -2.116547 0.848453 -30.133451
v -2.119142 0.860000 -30.130857
v -2.119142 0.845858 -30.144999
v -2.105000 1.180000 -30.125000
v -2.105000 1.200000 -30.144999
v -2.125000 1.180000 -30.144999
v -2.105000 1.194142 -30.130857
v -2.116547 1.191547 -30.133451
v -2.119142 1.194142 -30.144999
v -2.119142 1.180000 -30.130857
v -2.105000 0.840000 -30.955000
v -2.125000 0.860000 -30.955000
v -2.105000 0.860000 -30.974998
v -2.119142 0.845858 -30.955000
v -2.116547 0.848453 -30.966547
v -2.119142 0.860000 -30.969141
v -2.105000 0.845858 -30.969141
v -2.105000 1.200000 -30.955000
v -2.105000 1.180000 -30.974998
v -2.125000 1.180000 -30.955000
v -2.105000 1.194142 -30.969141
v -2.116547 1.191547 -30.966547
v -2.119142 1.180000 -30.969141
v -2.119142 1.194142 -30.955000
v -1.295000 0.840000 -30.144999
v -1.275000 0.860000 -30.144999
v -1.295000 0.860000 -30.125000
v -1.280858 0.845858 -30.144999
v -1.283453 0.848453 -30.133451
v -1.280858 0.860000 -30.130857
v -1.295000 0.845858 -30.130857
v -1.295000 1.200000 -30.144999
v -1.295000 1.180000 -30.125000
v -1.275000 1.180000 -30.144999
v -1.295000 1.194142 -30.130857
v -1.283453 1.191547 -30.133451
v -1.280858 1.180000 -30.130857
v -1.280858 1.194142 -30.144999
v -1.295000 0.840000 -30.955000
v -1.295000 0.860000 -30.974998
v -1.275000 0.860000 -30.955000
v -1.295000 0.845858 -30.969141
v -1.283453 0.848453 -30.966547
v -1.280858 0.860000 -30.969141
v -1.280858 0.845858 -30.955000
v -1.295000 1.200000 -30.955000
v -1.275000 1.180000 -30.955000
v -1.295000 1.180000 -30.974998
v -1.280858 1.194142 -30.955000
v -1.283453 1.191547 -30.966547
v -1.280858 1.180000 -30.969141
v -1.295000 1.194142 -30.969141
vn -0.3672 -0.8865 0.2817
vn -0.2817 -0.3672 0.8865
vn -0.8865 -0.2817 0.3672
vn -0.3672 0.2818 0.8864
vn -0.2817 0.8865 0.3672
vn -0.8865 0.3672 0.2817
vn -0.2817 -0.8865 -0.3672
vn -0.8865 -0.3672 -0.2817
vn -0.3672 -0.2818 -0.8865
vn -0.3672 0.8865 -0.2817
vn -0.2817 0.3672 -0.8865
vn -0.8865 0.2817 -0.3672
vn 0.2817 -0.8865 0.3672
vn 0.8865 -0.3672 0.2817
vn 0.3672 -0.2818 0.8864
vn 0.3672 0.8865 0.2817
vn 0.2817 0.3672 0.8865
vn 0.8865 0.2817 0.3672
vn 0.3672 -0.8865 -0.2817
vn 0.2817 -0.3672 -0.8865
vn 0.8865 -0.2817 -0.3672
vn 0.2817 0.8865 -0.3672
vn 0.8865 0.3672 -0.2817
vn 0.3672 0.2818 -0.8865
vn -0.3827 -0.9239 -0.0000
vn -0.9239 -0.3827 -0.0000
vn -0.3827 -0.0000 0.9239
vn -0.9239 -0.0000 0.3827
vn -0.3827 0.9239 -0.0000
vn -0.9239 0.3827 -0.0000
vn -0.3827 -0.0000 -0.9239
vn -0.9239 -0.0000 -0.3827
vn -0.0000 -0.9239 -0.3827
vn -0.0000 -0.3827 -0.9239
vn -0.0000 0.9239 -0.3827
vn -0.0000 0.3827 -0.9239
vn 0.9239 -0.0000 -0.3827
vn 0.3827 -0.0000 -0.9239
vn 0.3827 -0.9239 -0.0000
vn 0.9239 -0.3827 -0.0000
vn 0.3827 0.9239 -0.0000
vn 0.9239 0.3827 -0.0000
vn 0.3827 -0.0000 0.9239
vn 0.9239 -0.0000 0.3827
vn -0.0000 -0.9239 0.3827
vn -0.0000 -0.3827 0.9239
vn -0.0000 0.9239 0.3827
vn -0.0000 0.3827 0.9239
vn -0.0000 -1.0000 -0.0000
vn -1.0000 -0.0000 -0.0000
vn -0.0000 -0.0000 1.0000
vn -0.0000 1.0000 -0.0000
vn -0.0000 -0.0000 -1.0000
vn 1.0000 -0.0000 -0.0000
vn -0.2817 -0.8865 0.3672
vn -0.3672 -0.2818 0.8864
vn -0.8865 -0.3672 0.2817
vn -0.2817 0.3672 0.8865
vn -0.3672 0.8865 0.2817
vn -0.8865 0.2817 0.3672
vn -0.3672 -0.8865 -0.2817
vn -0.8865 -0.2817 -0.3672
vn -0.2817 -0.3672 -0.8865
vn -0.2817 0.8865 -0.3672
vn -0.3672 0.2818 -0.8865
vn -0.8865 0.3672 -0.2817
vn 0.3672 -0.8865 0.2817
vn 0.8865 -0.2817 0.3672
vn 0.2817 -0.3672 0.8865
vn 0.2817 0.8865 0.3672
vn 0.3672 0.2818 0.8864
vn 0.8865 0.3672 0.2817
vn 0.2817 -0.8865 -0.3672
vn 0.3672 -0.2818 -0.8865
vn 0.8865 -0.3672 -0.2817
vn 0.3672 0.8865 -0.2817
vn 0.8865 0.2817 -0.3672
vn 0.2817 0.3672 -0.8865
s 0
usemtl Stone_Warm
f 2457//2644 2461//2644 2463//2644
f 2458//2645 2461//2645 2460//2645
f 2459//2646 2461//2646 2462//2646
f 2464//2647 2468//2647 2470//2647
f 2465//2648 2468//2648 2467//2648
f 2466//2649 2468//2649 2469//2649
f 2471//2650 2475//2650 2477//2650
f 2472//2651 2475//2651 2474//2651
f 2473//2652 2475//2652 2476//2652
f 2478//2653 2482//2653 2484//2653
f 2479//2654 2482//2654 2481//2654
f 2480//2655 2482//2655 2483//2655
f 2485//2656 2489//2656 2491//2656
f 2486//2657 2489//2657 2488//2657
f 2487//2658 2489//2658 2490//2658
f 2492//2659 2496//2659 2498//2659
f 2493//2660 2496//2660 2495//2660
f 2494//2661 2496//2661 2497//2661
f 2499//2662 2503//2662 2505//2662
f 2500//2663 2503//2663 2502//2663
f 2501//2664 2503//2664 2504//2664
f 2506//2665 2510//2665 2512//2665
f 2507//2666 2510//2666 2509//2666
f 2508//2667 2510//2667 2511//2667
f 2457//2668 2474//2668 2471//2668
f 2463//2669 2472//2669 2474//2669
f 2464//2670 2462//2670 2458//2670
f 2470//2671 2459//2671 2462//2671
f 2478//2672 2469//2672 2465//2672
f 2484//2673 2466//2673 2469//2673
f 2473//2674 2483//2674 2479//2674
f 2476//2675 2480//2675 2483//2675
f 2471//2676 2502//2676 2499//2676
f 2477//2677 2500//2677 2502//2677
f 2506//2678 2481//2678 2478//2678
f 2512//2679 2479//2679 2481//2679
f 2501//2680 2511//2680 2507//2680
f 2504//2681 2508//2681 2511//2681
f 2499//2682 2488//2682 2485//2682
f 2505//2683 2486//2683 2488//2683
f 2492//2684 2509//2684 2506//2684
f 2498//2685 2507//2685 2509//2685
f 2487//2686 2497//2686 2493//2686
f 2490//2687 2494//2687 2497//2687
f 2485//2688 2460//2688 2457//2688
f 2491//2689 2458//2689 2460//2689
f 2465//2690 2495//2690 2492//2690
f 2467//2691 2493//2691 2495//2691
f 2499//2692 2457//2692 2471//2692
f 2466//2693 2472//2693 2459//2693
f 2493//2694 2458//2694 2487//2694
f 2478//2695 2492//2695 2506//2695
f 2479//2696 2500//2696 2473//2696
f 2507//2697 2486//2697 2501//2697
f 2457//2698 2460//2698 2461//2698
f 2458//2699 2462//2699 2461//2699
f 2459//2700 2463//2700 2461//2700
f 2464//2701 2467//2701 2468//2701
f 2465//2702 2469//2702 2468//2702
f 2466//2703 2470//2703 2468//2703
f 2471//2704 2474//2704 2475//2704
f 2472//2705 2476//2705 2475//2705
f 2473//2706 2477//2706 2475//2706
f 2478//2707 2481//2707 2482//2707
f 2479//2708 2483//2708 2482//2708
f 2480//2709 2484//2709 2482//2709
f 2485//2710 2488//2710 2489//2710
f 2486//2711 2490//2711 2489//2711
f 2487//2712 2491//2712 2489//2712
f 2492//2713 2495//2713 2496//2713
f 2493//2714 2497//2714 2496//2714
f 2494//2715 2498//2715 2496//2715
f 2499//2716 2502//2716 2503//2716
f 2500//2717 2504//2717 2503//2717
f 2501//2718 2505//2718 2503//2718
f 2506//2719 2509//2719 2510//2719
f 2507//2720 2511//2720 2510//2720
f 2508//2721 2512//2721 2510//2721
f 2457//2668 2463//2668 2474//2668
f 2463//2669 2459//2669 2472//2669
f 2464//2670 2470//2670 2462//2670
f 2470//2671 2466//2671 2459//2671
f 2478//2672 2484//2672 2469//2672
f 2484//2673 2480//2673 2466//2673
f 2473//2674 2476//2674 2483//2674
f 2476//2675 2472//2675 2480//2675
f 2471//2676 2477//2676 2502//2676
f 2477//2677 2473//2677 2500//2677
f 2506//2678 2512//2678 2481//2678
f 2512//2679 2508//2679 2479//2679
f 2501//2680 2504//2680 2511//2680
f 2504//2681 2500//2681 2508//2681
f 2499//2682 2505//2682 2488//2682
f 2505//2683 2501//2683 2486//2683
f 2492//2684 2498//2684 2509//2684
f 2498//2685 2494//2685 2507//2685
f 2487//2686 2490//2686 2497//2686
f 2490//2687 2486//2687 2494//2687
f 2485//2688 2491//2688 2460//2688
f 2491//2689 2487//2689 2458//2689
f 2465//2690 2467//2690 2495//2690
f 2467//2691 2464//2691 2493//2691
f 2499//2692 2485//2692 2457//2692
f 2466//2693 2480//2693 2472//2693
f 2493//2694 2464//2694 2458//2694
f 2478//2695 2465//2695 2492//2695
f 2479//2696 2508//2696 2500//2696
f 2507//2697 2494//2697 2486//2697
o NorthernTemple_base_17
v 1.295000 0.840000 -30.144999
v 1.295000 0.860000 -30.125000
v 1.275000 0.860000 -30.144999
v 1.295000 0.845858 -30.130857
v 1.283453 0.848453 -30.133451
v 1.280858 0.860000 -30.130857
v 1.280858 0.845858 -30.144999
v 1.295000 1.180000 -30.125000
v 1.295000 1.200000 -30.144999
v 1.275000 1.180000 -30.144999
v 1.295000 1.194142 -30.130857
v 1.283453 1.191547 -30.133451
v 1.280858 1.194142 -30.144999
v 1.280858 1.180000 -30.130857
v 1.295000 0.840000 -30.955000
v 1.275000 0.860000 -30.955000
v 1.295000 0.860000 -30.974998
v 1.280858 0.845858 -30.955000
v 1.283453 0.848453 -30.966547
v 1.280858 0.860000 -30.969141
v 1.295000 0.845858 -30.969141
v 1.295000 1.200000 -30.955000
v 1.295000 1.180000 -30.974998
v 1.275000 1.180000 -30.955000
v 1.295000 1.194142 -30.969141
v 1.283453 1.191547 -30.966547
v 1.280858 1.180000 -30.969141
v 1.280858 1.194142 -30.955000
v 2.105000 0.840000 -30.144999
v 2.125000 0.860000 -30.144999
v 2.105000 0.860000 -30.125000
v 2.119142 0.845858 -30.144999
v 2.116547 0.848453 -30.133451
v 2.119142 0.860000 -30.130857
v 2.105000 0.845858 -30.130857
v 2.105000 1.200000 -30.144999
v 2.105000 1.180000 -30.125000
v 2.125000 1.180000 -30.144999
v 2.105000 1.194142 -30.130857
v 2.116547 1.191547 -30.133451
v 2.119142 1.180000 -30.130857
v 2.119142 1.194142 -30.144999
v 2.105000 0.840000 -30.955000
v 2.105000 0.860000 -30.974998
v 2.125000 0.860000 -30.955000
v 2.105000 0.845858 -30.969141
v 2.116547 0.848453 -30.966547
v 2.119142 0.860000 -30.969141
v 2.119142 0.845858 -30.955000
v 2.105000 1.200000 -30.955000
v 2.125000 1.180000 -30.955000
v 2.105000 1.180000 -30.974998
v 2.119142 1.194142 -30.955000
v 2.116547 1.191547 -30.966547
v 2.119142 1.180000 -30.969141
v 2.105000 1.194142 -30.969141
vn -0.3672 -0.8865 0.2817
vn -0.2817 -0.3672 0.8865
vn -0.8865 -0.2817 0.3672
vn -0.3672 0.2818 0.8864
vn -0.2817 0.8865 0.3672
vn -0.8865 0.3672 0.2817
vn -0.2817 -0.8865 -0.3672
vn -0.8865 -0.3672 -0.2817
vn -0.3672 -0.2818 -0.8865
vn -0.3672 0.8865 -0.2817
vn -0.2817 0.3672 -0.8865
vn -0.8865 0.2817 -0.3672
vn 0.2817 -0.8865 0.3672
vn 0.8865 -0.3672 0.2817
vn 0.3672 -0.2818 0.8864
vn 0.3672 0.8865 0.2817
vn 0.2817 0.3672 0.8865
vn 0.8865 0.2817 0.3672
vn 0.3672 -0.8865 -0.2817
vn 0.2817 -0.3672 -0.8865
vn 0.8865 -0.2817 -0.3672
vn 0.2817 0.8865 -0.3672
vn 0.8865 0.3672 -0.2817
vn 0.3672 0.2818 -0.8865
vn -0.3827 -0.9239 -0.0000
vn -0.9239 -0.3827 -0.0000
vn -0.3827 -0.0000 0.9239
vn -0.9239 -0.0000 0.3827
vn -0.3827 0.9239 -0.0000
vn -0.9239 0.3827 -0.0000
vn -0.3827 -0.0000 -0.9239
vn -0.9239 -0.0000 -0.3827
vn -0.0000 -0.9239 -0.3827
vn -0.0000 -0.3827 -0.9239
vn -0.0000 0.9239 -0.3827
vn -0.0000 0.3827 -0.9239
vn 0.9239 -0.0000 -0.3827
vn 0.3827 -0.0000 -0.9239
vn 0.3827 -0.9239 -0.0000
vn 0.9239 -0.3827 -0.0000
vn 0.3827 0.9239 -0.0000
vn 0.9239 0.3827 -0.0000
vn 0.3827 -0.0000 0.9239
vn 0.9239 -0.0000 0.3827
vn -0.0000 -0.9239 0.3827
vn -0.0000 -0.3827 0.9239
vn -0.0000 0.9239 0.3827
vn -0.0000 0.3827 0.9239
vn -0.0000 -1.0000 -0.0000
vn -1.0000 -0.0000 -0.0000
vn -0.0000 -0.0000 1.0000
vn -0.0000 1.0000 -0.0000
vn -0.0000 -0.0000 -1.0000
vn 1.0000 -0.0000 -0.0000
vn -0.2817 -0.8865 0.3672
vn -0.3672 -0.2818 0.8864
vn -0.8865 -0.3672 0.2817
vn -0.2817 0.3672 0.8865
vn -0.3672 0.8865 0.2817
vn -0.8865 0.2817 0.3672
vn -0.3672 -0.8865 -0.2817
vn -0.8865 -0.2817 -0.3672
vn -0.2817 -0.3672 -0.8865
vn -0.2817 0.8865 -0.3672
vn -0.3672 0.2818 -0.8865
vn -0.8865 0.3672 -0.2817
vn 0.3672 -0.8865 0.2817
vn 0.8865 -0.2817 0.3672
vn 0.2817 -0.3672 0.8865
vn 0.2817 0.8865 0.3672
vn 0.3672 0.2818 0.8864
vn 0.8865 0.3672 0.2817
vn 0.2817 -0.8865 -0.3672
vn 0.3672 -0.2818 -0.8865
vn 0.8865 -0.3672 -0.2817
vn 0.3672 0.8865 -0.2817
vn 0.8865 0.2817 -0.3672
vn 0.2817 0.3672 -0.8865
s 0
usemtl Stone_Warm
f 2513//2722 2517//2722 2519//2722
f 2514//2723 2517//2723 2516//2723
f 2515//2724 2517//2724 2518//2724
f 2520//2725 2524//2725 2526//2725
f 2521//2726 2524//2726 2523//2726
f 2522//2727 2524//2727 2525//2727
f 2527//2728 2531//2728 2533//2728
f 2528//2729 2531//2729 2530//2729
f 2529//2730 2531//2730 2532//2730
f 2534//2731 2538//2731 2540//2731
f 2535//2732 2538//2732 2537//2732
f 2536//2733 2538//2733 2539//2733
f 2541//2734 2545//2734 2547//2734
f 2542//2735 2545//2735 2544//2735
f 2543//2736 2545//2736 2546//2736
f 2548//2737 2552//2737 2554//2737
f 2549//2738 2552//2738 2551//2738
f 2550//2739 2552//2739 2553//2739
f 2555//2740 2559//2740 2561//2740
f 2556//2741 2559//2741 2558//2741
f 2557//2742 2559//2742 2560//2742
f 2562//2743 2566//2743 2568//2743
f 2563//2744 2566//2744 2565//2744
f 2564//2745 2566//2745 2567//2745
f 2513//2746 2530//2746 2527//2746
f 2519//2747 2528//2747 2530//2747
f 2520//2748 2518//2748 2514//2748
f 2526//2749 2515//2749 2518//2749
f 2534//2750 2525//2750 2521//2750
f 2540//2751 2522//2751 2525//2751
f 2529//2752 2539//2752 2535//2752
f 2532//2753 2536//2753 2539//2753
f 2527//2754 2558//2754 2555//2754
f 2533//2755 2556//2755 2558//2755
f 2562//2756 2537//2756 2534//2756
f 2568//2757 2535//2757 2537//2757
f 2557//2758 2567//2758 2563//2758
f 2560//2759 2564//2759 2567//2759
f 2555//2760 2544//2760 2541//2760
f 2561//2761 2542//2761 2544//2761
f 2548//2762 2565//2762 2562//2762
f 2554//2763 2563//2763 2565//2763
f 2543//2764 2553//2764 2549//2764
f 2546//2765 2550//2765 2553//2765
f 2541//2766 2516//2766 2513//2766
f 2547//2767 2514//2767 2516//2767
f 2521//2768 2551//2768 2548//2768
f 2523//2769 2549//2769 2551//2769
f 2555//2770 2513//2770 2527//2770
f 2522//2771 2528//2771 2515//2771
f 2549//2772 2514//2772 2543//2772
f 2534//2773 2548//2773 2562//2773
f 2535//2774 2556//2774 2529//2774
f 2563//2775 2542//2775 2557//2775
f 2513//2776 2516//2776 2517//2776
f 2514//2777 2518//2777 2517//2777
f 2515//2778 2519//2778 2517//2778
f 2520//2779 2523//2779 2524//2779
f 2521//2780 2525//2780 2524//2780
f 2522//2781 2526//2781 2524//2781
f 2527//2782 2530//2782 2531//2782
f 2528//2783 2532//2783 2531//2783
f 2529//2784 2533//2784 2531//2784
f 2534//2785 2537//2785 2538//2785
f 2535//2786 2539//2786 2538//2786
f 2536//2787 2540//2787 2538//2787
f 2541//2788 2544//2788 2545//2788
f 2542//2789 2546//2789 2545//2789
f 2543//2790 2547//2790 2545//2790
f 2548//2791 2551//2791 2552//2791
f 2549//2792 2553//2792 2552//2792
f 2550//2793 2554//2793 2552//2793
f 2555//2794 2558//2794 2559//2794
f 2556//2795 2560//2795 2559//2795
f 2557//2796 2561//2796 2559//2796
f 2562//2797 2565//2797 2566//2797
f 2563//2798 2567//2798 2566//2798
f 2564//2799 2568//2799 2566//2799
f 2513//2746 2519//2746 2530//2746
f 2519//2747 2515//2747 2528//2747
f 2520//2748 2526//2748 2518//2748
f 2526//2749 2522//2749 2515//2749
f 2534//2750 2540//2750 2525//2750
f 2540//2751 2536//2751 2522//2751
f 2529//2752 2532//2752 2539//2752
f 2532//2753 2528//2753 2536//2753
f 2527//2754 2533//2754 2558//2754
f 2533//2755 2529//2755 2556//2755
f 2562//2756 2568//2756 2537//2756
f 2568//2757 2564//2757 2535//2757
f 2557//2758 2560//2758 2567//2758
f 2560//2759 2556//2759 2564//2759
f 2555//2760 2561//2760 2544//2760
f 2561//2761 2557//2761 2542//2761
f 2548//2762 2554//2762 2565//2762
f 2554//2763 2550//2763 2563//2763
f 2543//2764 2546//2764 2553//2764
f 2546//2765 2542//2765 2550//2765
f 2541//2766 2547//2766 2516//2766
f 2547//2767 2543//2767 2514//2767
f 2521//2768 2523//2768 2551//2768
f 2523//2769 2520//2769 2549//2769
f 2555//2770 2541//2770 2513//2770
f 2522//2771 2536//2771 2528//2771
f 2549//2772 2520//2772 2514//2772
f 2534//2773 2521//2773 2548//2773
f 2535//2774 2564//2774 2556//2774
f 2563//2775 2550//2775 2542//2775
o NorthernTemple_base_52
v 4.795000 0.840000 -30.144999
v 4.795000 0.860000 -30.125000
v 4.775000 0.860000 -30.144999
v 4.795000 0.845858 -30.130857
v 4.783453 0.848453 -30.133451
v 4.780858 0.860000 -30.130857
v 4.780858 0.845858 -30.144999
v 4.795000 1.180000 -30.125000
v 4.795000 1.200000 -30.144999
v 4.775000 1.180000 -30.144999
v 4.795000 1.194142 -30.130857
v 4.783453 1.191547 -30.133451
v 4.780858 1.194142 -30.144999
v 4.780858 1.180000 -30.130857
v 4.795000 0.840000 -30.955000
v 4.775000 0.860000 -30.955000
v 4.795000 0.860000 -30.974998
v 4.780858 0.845858 -30.955000
v 4.783453 0.848453 -30.966547
v 4.780858 0.860000 -30.969141
v 4.795000 0.845858 -30.969141
v 4.795000 1.200000 -30.955000
v 4.795000 1.180000 -30.974998
v 4.775000 1.180000 -30.955000
v 4.795000 1.194142 -30.969141
v 4.783453 1.191547 -30.966547
v 4.780858 1.180000 -30.969141
v 4.780858 1.194142 -30.955000
v 5.605000 0.840000 -30.144999
v 5.625000 0.860000 -30.144999
v 5.605000 0.860000 -30.125000
v 5.619142 0.845858 -30.144999
v 5.616547 0.848453 -30.133451
v 5.619142 0.860000 -30.130857
v 5.605000 0.845858 -30.130857
v 5.605000 1.200000 -30.144999
v 5.605000 1.180000 -30.125000
v 5.625000 1.180000 -30.144999
v 5.605000 1.194142 -30.130857
v 5.616547 1.191547 -30.133451
v 5.619142 1.180000 -30.130857
v 5.619142 1.194142 -30.144999
v 5.605000 0.840000 -30.955000
v 5.605000 0.860000 -30.974998
v 5.625000 0.860000 -30.955000
v 5.605000 0.845858 -30.969141
v 5.616547 0.848453 -30.966547
v 5.619142 0.860000 -30.969141
v 5.619142 0.845858 -30.955000
v 5.605000 1.200000 -30.955000
v 5.625000 1.180000 -30.955000
v 5.605000 1.180000 -30.974998
v 5.619142 1.194142 -30.955000
v 5.616547 1.191547 -30.966547
v 5.619142 1.180000 -30.969141
v 5.605000 1.194142 -30.969141
vn -0.3672 -0.8865 0.2817
vn -0.2817 -0.3672 0.8865
vn -0.8865 -0.2817 0.3672
vn -0.3672 0.2818 0.8864
vn -0.2817 0.8865 0.3672
vn -0.8865 0.3672 0.2817
vn -0.2817 -0.8865 -0.3672
vn -0.8865 -0.3672 -0.2817
vn -0.3672 -0.2818 -0.8865
vn -0.3672 0.8865 -0.2817
vn -0.2817 0.3672 -0.8865
vn -0.8865 0.2817 -0.3672
vn 0.2817 -0.8865 0.3672
vn 0.8865 -0.3672 0.2817
vn 0.3672 -0.2818 0.8864
vn 0.3672 0.8865 0.2817
vn 0.2817 0.3672 0.8865
vn 0.8865 0.2817 0.3672
vn 0.3672 -0.8865 -0.2817
vn 0.2817 -0.3672 -0.8865
vn 0.8865 -0.2817 -0.3672
vn 0.2817 0.8865 -0.3672
vn 0.8865 0.3672 -0.2817
vn 0.3672 0.2818 -0.8865
vn -0.3827 -0.9239 -0.0000
vn -0.9239 -0.3827 -0.0000
vn -0.3827 -0.0000 0.9239
vn -0.9239 -0.0000 0.3827
vn -0.3827 0.9239 -0.0000
vn -0.9239 0.3827 -0.0000
vn -0.3827 -0.0000 -0.9239
vn -0.9239 -0.0000 -0.3827
vn -0.0000 -0.9239 -0.3827
vn -0.0000 -0.3827 -0.9239
vn -0.0000 0.9239 -0.3827
vn -0.0000 0.3827 -0.9239
vn 0.9239 -0.0000 -0.3827
vn 0.3827 -0.0000 -0.9239
vn 0.3827 -0.9239 -0.0000
vn 0.9239 -0.3827 -0.0000
vn 0.3827 0.9239 -0.0000
vn 0.9239 0.3827 -0.0000
vn 0.3827 -0.0000 0.9239
vn 0.9239 -0.0000 0.3827
vn -0.0000 -0.9239 0.3827
vn -0.0000 -0.3827 0.9239
vn -0.0000 0.9239 0.3827
vn -0.0000 0.3827 0.9239
vn -0.0000 -1.0000 -0.0000
vn -1.0000 -0.0000 -0.0000
vn -0.0000 -0.0000 1.0000
vn -0.0000 1.0000 -0.0000
vn -0.0000 -0.0000 -1.0000
vn 1.0000 -0.0000 -0.0000
vn -0.2817 -0.8865 0.3672
vn -0.3672 -0.2818 0.8864
vn -0.8865 -0.3672 0.2817
vn -0.2817 0.3672 0.8865
vn -0.3672 0.8865 0.2817
vn -0.8865 0.2817 0.3672
vn -0.3672 -0.8865 -0.2817
vn -0.8865 -0.2817 -0.3672
vn -0.2817 -0.3672 -0.8865
vn -0.2817 0.8865 -0.3672
vn -0.3672 0.2818 -0.8865
vn -0.8865 0.3672 -0.2817
vn 0.3672 -0.8865 0.2817
vn 0.8865 -0.2817 0.3672
vn 0.2817 -0.3672 0.8865
vn 0.2817 0.8865 0.3672
vn 0.3672 0.2818 0.8864
vn 0.8865 0.3672 0.2817
vn 0.2817 -0.8865 -0.3672
vn 0.3672 -0.2818 -0.8865
vn 0.8865 -0.3672 -0.2817
vn 0.3672 0.8865 -0.2817
vn 0.8865 0.2817 -0.3672
vn 0.2817 0.3672 -0.8865
s 0
usemtl Stone_Warm
f 2569//2800 2573//2800 2575//2800
f 2570//2801 2573//2801 2572//2801
f 2571//2802 2573//2802 2574//2802
f 2576//2803 2580//2803 2582//2803
f 2577//2804 2580//2804 2579//2804
f 2578//2805 2580//2805 2581//2805
f 2583//2806 2587//2806 2589//2806
f 2584//2807 2587//2807 2586//2807
f 2585//2808 2587//2808 2588//2808
f 2590//2809 2594//2809 2596//2809
f 2591//2810 2594//2810 2593//2810
f 2592//2811 2594//2811 2595//2811
f 2597//2812 2601//2812 2603//2812
f 2598//2813 2601//2813 2600//2813
f 2599//2814 2601//2814 2602//2814
f 2604//2815 2608//2815 2610//2815
f 2605//2816 2608//2816 2607//2816
f 2606//2817 2608//2817 2609//2817
f 2611//2818 2615//2818 2617//2818
f 2612//2819 2615//2819 2614//2819
f 2613//2820 2615//2820 2616//2820
f 2618//2821 2622//2821 2624//2821
f 2619//2822 2622//2822 2621//2822
f 2620//2823 2622//2823 2623//2823
f 2569//2824 2586//2824 2583//2824
f 2575//2825 2584//2825 2586//2825
f 2576//2826 2574//2826 2570//2826
f 2582//2827 2571//2827 2574//2827
f 2590//2828 2581//2828 2577//2828
f 2596//2829 2578//2829 2581//2829
f 2585//2830 2595//2830 2591//2830
f 2588//2831 2592//2831 2595//2831
f 2583//2832 2614//2832 2611//2832
f 2589//2833 2612//2833 2614//2833
f 2618//2834 2593//2834 2590//2834
f 2624//2835 2591//2835 2593//2835
f 2613//2836 2623//2836 2619//2836
f 2616//2837 2620//2837 2623//2837
f 2611//2838 2600//2838 2597//2838
f 2617//2839 2598//2839 2600//2839
f 2604//2840 2621//2840 2618//2840
f 2610//2841 2619//2841 2621//2841
f 2599//2842 2609//2842 2605//2842
f 2602//2843 2606//2843 2609//2843
f 2597//2844 2572//2844 2569//2844
f 2603//2845 2570//2845 2572//2845
f 2577//2846 2607//2846 2604//2846
f 2579//2847 2605//2847 2607//2847
f 2611//2848 2569//2848 2583//2848
f 2578//2849 2584//2849 2571//2849
f 2605//2850 2570//2850 2599//2850
f 2590//2851 2604//2851 2618//2851
f 2591//2852 2612//2852 2585//2852
f 2619//2853 2598//2853 2613//2853
f 2569//2854 2572//2854 2573//2854
f 2570//2855 2574//2855 2573//2855
f 2571//2856 2575//2856 2573//2856
f 2576//2857 2579//2857 2580//2857
f 2577//2858 2581//2858 2580//2858
f 2578//2859 2582//2859 2580//2859
f 2583//2860 2586//2860 2587//2860
f 2584//2861 2588//2861 2587//2861
f 2585//2862 2589//2862 2587//2862
f 2590//2863 2593//2863 2594//2863
f 2591//2864 2595//2864 2594//2864
f 2592//2865 2596//2865 2594//2865
f 2597//2866 2600//2866 2601//2866
f 2598//2867 2602//2867 2601//2867
f 2599//2868 2603//2868 2601//2868
f 2604//2869 2607//2869 2608//2869
f 2605//2870 2609//2870 2608//2870
f 2606//2871 2610//2871 2608//2871
f 2611//2872 2614//2872 2615//2872
f 2612//2873 2616//2873 2615//2873
f 2613//2874 2617//2874 2615//2874
f 2618//2875 2621//2875 2622//2875
f 2619//2876 2623//2876 2622//2876
f 2620//2877 2624//2877 2622//2877
f 2569//2824 2575//2824 2586//2824
f 2575//2825 2571//2825 2584//2825
f 2576//2826 2582//2826 2574//2826
f 2582//2827 2578//2827 2571//2827
f 2590//2828 2596//2828 2581//2828
f 2596//2829 2592//2829 2578//2829
f 2585//2830 2588//2830 2595//2830
f 2588//2831 2584//2831 2592//2831
f 2583//2832 2589//2832 2614//2832
f 2589//2833 2585//2833 2612//2833
f 2618//2834 2624//2834 2593//2834
f 2624//2835 2620//2835 2591//2835
f 2613//2836 2616//2836 2623//2836
f 2616//2837 2612//2837 2620//2837
f 2611//2838 2617//2838 2600//2838
f 2617//2839 2613//2839 2598//2839
f 2604//2840 2610//2840 2621//2840
f 2610//2841 2606//2841 2619//2841
f 2599//2842 2602//2842 2609//2842
f 2602//2843 2598//2843 2606//2843
f 2597//2844 2603//2844 2572//2844
f 2603//2845 2599//2845 2570//2845
f 2577//2846 2579//2846 2607//2846
f 2579//2847 2576//2847 2605//2847
f 2611//2848 2597//2848 2569//2848
f 2578//2849 2592//2849 2584//2849
f 2605//2850 2576//2850 2570//2850
f 2590//2851 2577//2851 2604//2851
f 2591//2852 2620//2852 2612//2852
f 2619//2853 2606//2853 2598//2853
o NorthernTemple_base_92
v 8.795000 0.840000 -30.144999
v 8.795000 0.860000 -30.125000
v 8.775000 0.860000 -30.144999
v 8.795000 0.845858 -30.130857
v 8.783453 0.848453 -30.133451
v 8.780858 0.860000 -30.130857
v 8.780858 0.845858 -30.144999
v 8.795000 1.180000 -30.125000
v 8.795000 1.200000 -30.144999
v 8.775000 1.180000 -30.144999
v 8.795000 1.194142 -30.130857
v 8.783453 1.191547 -30.133451
v 8.780858 1.194142 -30.144999
v 8.780858 1.180000 -30.130857
v 8.795000 0.840000 -30.955000
v 8.775000 0.860000 -30.955000
v 8.795000 0.860000 -30.974998
v 8.780858 0.845858 -30.955000
v 8.783453 0.848453 -30.966547
v 8.780858 0.860000 -30.969141
v 8.795000 0.845858 -30.969141
v 8.795000 1.200000 -30.955000
v 8.795000 1.180000 -30.974998
v 8.775000 1.180000 -30.955000
v 8.795000 1.194142 -30.969141
v 8.783453 1.191547 -30.966547
v 8.780858 1.180000 -30.969141
v 8.780858 1.194142 -30.955000
v 9.605000 0.840000 -30.144999
v 9.625000 0.860000 -30.144999
v 9.605000 0.860000 -30.125000
v 9.619142 0.845858 -30.144999
v 9.616547 0.848453 -30.133451
v 9.619142 0.860000 -30.130857
v 9.605000 0.845858 -30.130857
v 9.605000 1.200000 -30.144999
v 9.605000 1.180000 -30.125000
v 9.625000 1.180000 -30.144999
v 9.605000 1.194142 -30.130857
v 9.616547 1.191547 -30.133451
v 9.619142 1.180000 -30.130857
v 9.619142 1.194142 -30.144999
v 9.605000 0.840000 -30.955000
v 9.605000 0.860000 -30.974998
v 9.625000 0.860000 -30.955000
v 9.605000 0.845858 -30.969141
v 9.616547 0.848453 -30.966547
v 9.619142 0.860000 -30.969141
v 9.619142 0.845858 -30.955000
v 9.605000 1.200000 -30.955000
v 9.625000 1.180000 -30.955000
v 9.605000 1.180000 -30.974998
v 9.619142 1.194142 -30.955000
v 9.616547 1.191547 -30.966547
v 9.619142 1.180000 -30.969141
v 9.605000 1.194142 -30.969141
vn -0.3672 -0.8865 0.2817
vn -0.2817 -0.3672 0.8865
vn -0.8865 -0.2817 0.3672
vn -0.3672 0.2818 0.8864
vn -0.2817 0.8865 0.3672
vn -0.8865 0.3672 0.2817
vn -0.2817 -0.8865 -0.3672
vn -0.8865 -0.3672 -0.2817
vn -0.3672 -0.2818 -0.8865
vn -0.3672 0.8865 -0.2817
vn -0.2817 0.3672 -0.8865
vn -0.8865 0.2817 -0.3672
vn 0.2817 -0.8865 0.3672
vn 0.8865 -0.3672 0.2817
vn 0.3672 -0.2818 0.8864
vn 0.3672 0.8865 0.2817
vn 0.2817 0.3672 0.8865
vn 0.8865 0.2817 0.3672
vn 0.3672 -0.8865 -0.2817
vn 0.2817 -0.3672 -0.8865
vn 0.8865 -0.2817 -0.3672
vn 0.2817 0.8865 -0.3672
vn 0.8865 0.3672 -0.2817
vn 0.3672 0.2818 -0.8865
vn -0.3827 -0.9239 -0.0000
vn -0.9239 -0.3827 -0.0000
vn -0.3827 -0.0000 0.9239
vn -0.9239 -0.0000 0.3827
vn -0.3827 0.9239 -0.0000
vn -0.9239 0.3827 -0.0000
vn -0.3827 -0.0000 -0.9239
vn -0.9239 -0.0000 -0.3827
vn -0.0000 -0.9239 -0.3827
vn -0.0000 -0.3827 -0.9239
vn -0.0000 0.9239 -0.3827
vn -0.0000 0.3827 -0.9239
vn 0.9239 -0.0000 -0.3827
vn 0.3827 -0.0000 -0.9239
vn 0.3827 -0.9239 -0.0000
vn 0.9239 -0.3827 -0.0000
vn 0.3827 0.9239 -0.0000
vn 0.9239 0.3827 -0.0000
vn 0.3827 -0.0000 0.9239
vn 0.9239 -0.0000 0.3827
vn -0.0000 -0.9239 0.3827
vn -0.0000 -0.3827 0.9239
vn -0.0000 0.9239 0.3827
vn -0.0000 0.3827 0.9239
vn -0.0000 -1.0000 -0.0000
vn -1.0000 -0.0000 -0.0000
vn -0.0000 -0.0000 1.0000
vn -0.0000 1.0000 -0.0000
vn -0.0000 -0.0000 -1.0000
vn 1.0000 -0.0000 -0.0000
vn -0.2817 -0.8865 0.3672
vn -0.3672 -0.2818 0.8864
vn -0.8865 -0.3672 0.2817
vn -0.2817 0.3672 0.8865
vn -0.3672 0.8865 0.2817
vn -0.8865 0.2817 0.3672
vn -0.3672 -0.8865 -0.2817
vn -0.8865 -0.2817 -0.3672
vn -0.2817 -0.3672 -0.8865
vn -0.2817 0.8865 -0.3672
vn -0.3672 0.2818 -0.8865
vn -0.8865 0.3672 -0.2817
vn 0.3672 -0.8865 0.2817
vn 0.8865 -0.2817 0.3672
vn 0.2817 -0.3672 0.8865
vn 0.2817 0.8865 0.3672
vn 0.3672 0.2818 0.8864
vn 0.8865 0.3672 0.2817
vn 0.2817 -0.8865 -0.3672
vn 0.3672 -0.2818 -0.8865
vn 0.8865 -0.3672 -0.2817
vn 0.3672 0.8865 -0.2817
vn 0.8865 0.2817 -0.3672
vn 0.2817 0.3672 -0.8865
s 0
usemtl Stone_Warm
f 2625//2878 2629//2878 2631//2878
f 2626//2879 2629//2879 2628//2879
f 2627//2880 2629//2880 2630//2880
f 2632//2881 2636//2881 2638//2881
f 2633//2882 2636//2882 2635//2882
f 2634//2883 2636//2883 2637//2883
f 2639//2884 2643//2884 2645//2884
f 2640//2885 2643//2885 2642//2885
f 2641//2886 2643//2886 2644//2886
f 2646//2887 2650//2887 2652//2887
f 2647//2888 2650//2888 2649//2888
f 2648//2889 2650//2889 2651//2889
f 2653//2890 2657//2890 2659//2890
f 2654//2891 2657//2891 2656//2891
f 2655//2892 2657//2892 2658//2892
f 2660//2893 2664//2893 2666//2893
f 2661//2894 2664//2894 2663//2894
f 2662//2895 2664//2895 2665//2895
f 2667//2896 2671//2896 2673//2896
f 2668//2897 2671//2897 2670//2897
f 2669//2898 2671//2898 2672//2898
f 2674//2899 2678//2899 2680//2899
f 2675//2900 2678//2900 2677//2900
f 2676//2901 2678//2901 2679//2901
f 2625//2902 2642//2902 2639//2902
f 2631//2903 2640//2903 2642//2903
f 2632//2904 2630//2904 2626//2904
f 2638//2905 2627//2905 2630//2905
f 2646//2906 2637//2906 2633//2906
f 2652//2907 2634//2907 2637//2907
f 2641//2908 2651//2908 2647//2908
f 2644//2909 2648//2909 2651//2909
f 2639//2910 2670//2910 2667//2910
f 2645//2911 2668//2911 2670//2911
f 2674//2912 2649//2912 2646//2912
f 2680//2913 2647//2913 2649//2913
f 2669//2914 2679//2914 2675//2914
f 2672//2915 2676//2915 2679//2915
f 2667//2916 2656//2916 2653//2916
f 2673//2917 2654//2917 2656//2917
f 2660//2918 2677//2918 2674//2918
f 2666//2919 2675//2919 2677//2919
f 2655//2920 2665//2920 2661//2920
f 2658//2921 2662//2921 2665//2921
f 2653//2922 2628//2922 2625//2922
f 2659//2923 2626//2923 2628//2923
f 2633//2924 2663//2924 2660//2924
f 2635//2925 2661//2925 2663//2925
f 2667//2926 2625//2926 2639//2926
f 2634//2927 2640//2927 2627//2927
f 2661//2928 2626//2928 2655//2928
f 2646//2929 2660//2929 2674//2929
f 2647//2930 2668//2930 2641//2930
f 2675//2931 2654//2931 2669//2931
f 2625//2932 2628//2932 2629//2932
f 2626//2933 2630//2933 2629//2933
f 2627//2934 2631//2934 2629//2934
f 2632//2935 2635//2935 2636//2935
f 2633//2936 2637//2936 2636//2936
f 2634//2937 2638//2937 2636//2937
f 2639//2938 2642//2938 2643//2938
f 2640//2939 2644//2939 2643//2939
f 2641//2940 2645//2940 2643//2940
f 2646//2941 2649//2941 2650//2941
f 2647//2942 2651//2942 2650//2942
f 2648//2943 2652//2943 2650//2943
f 2653//2944 2656//2944 2657//2944
f 2654//2945 2658//2945 2657//2945
f 2655//2946 2659//2946 2657//2946
f 2660//2947 2663//2947 2664//2947
f 2661//2948 2665//2948 2664//2948
f 2662//2949 2666//2949 2664//2949
f 2667//2950 2670//2950 2671//2950
f 2668//2951 2672//2951 2671//2951
f 2669//2952 2673//2952 2671//2952
f 2674//2953 2677//2953 2678//2953
f 2675//2954 2679//2954 2678//2954
f 2676//2955 2680//2955 2678//2955
f 2625//2902 2631//2902 2642//2902
f 2631//2903 2627//2903 2640//2903
f 2632//2904 2638//2904 2630//2904
f 2638//2905 2634//2905 2627//2905
f 2646//2906 2652//2906 2637//2906
f 2652//2907 2648//2907 2634//2907
f 2641//2908 2644//2908 2651//2908
f 2644//2909 2640//2909 2648//2909
f 2639//2910 2645//2910 2670//2910
f 2645//2911 2641//2911 2668//2911
f 2674//2912 2680//2912 2649//2912
f 2680//2913 2676//2913 2647//2913
f 2669//2914 2672//2914 2679//2914
f 2672//2915 2668//2915 2676//2915
f 2667//2916 2673//2916 2656//2916
f 2673//2917 2669//2917 2654//2917
f 2660//2918 2666//2918 2677//2918
f 2666//2919 2662//2919 2675//2919
f 2655//2920 2658//2920 2665//2920
f 2658//2921 2654//2921 2662//2921
f 2653//2922 2659//2922 2628//2922
f 2659//2923 2655//2923 2626//2923
f 2633//2924 2635//2924 2663//2924
f 2635//2925 2632//2925 2661//2925
f 2667//2926 2653//2926 2625//2926
f 2634//2927 2648//2927 2640//2927
f 2661//2928 2632//2928 2626//2928
f 2646//2929 2633//2929 2660//2929
f 2647//2930 2676//2930 2668//2930
f 2675//2931 2662//2931 2654//2931
o NorthernTemple_base_140
v 13.595000 0.840000 -30.144999
v 13.595000 0.860000 -30.125000
v 13.575000 0.860000 -30.144999
v 13.595000 0.845858 -30.130857
v 13.583453 0.848453 -30.133451
v 13.580858 0.860000 -30.130857
v 13.580858 0.845858 -30.144999
v 13.595000 1.180000 -30.125000
v 13.595000 1.200000 -30.144999
v 13.575000 1.180000 -30.144999
v 13.595000 1.194142 -30.130857
v 13.583453 1.191547 -30.133451
v 13.580858 1.194142 -30.144999
v 13.580858 1.180000 -30.130857
v 13.595000 0.840000 -30.955000
v 13.575000 0.860000 -30.955000
v 13.595000 0.860000 -30.974998
v 13.580858 0.845858 -30.955000
v 13.583453 0.848453 -30.966547
v 13.580858 0.860000 -30.969141
v 13.595000 0.845858 -30.969141
v 13.595000 1.200000 -30.955000
v 13.595000 1.180000 -30.974998
v 13.575000 1.180000 -30.955000
v 13.595000 1.194142 -30.969141
v 13.583453 1.191547 -30.966547
v 13.580858 1.180000 -30.969141
v 13.580858 1.194142 -30.955000
v 14.405000 0.840000 -30.144999
v 14.425000 0.860000 -30.144999
v 14.405000 0.860000 -30.125000
v 14.419142 0.845858 -30.144999
v 14.416547 0.848453 -30.133451
v 14.419142 0.860000 -30.130857
v 14.405000 0.845858 -30.130857
v 14.405000 1.200000 -30.144999
v 14.405000 1.180000 -30.125000
v 14.425000 1.180000 -30.144999
v 14.405000 1.194142 -30.130857
v 14.416547 1.191547 -30.133451
v 14.419142 1.180000 -30.130857
v 14.419142 1.194142 -30.144999
v 14.405000 0.840000 -30.955000
v 14.405000 0.860000 -30.974998
v 14.425000 0.860000 -30.955000
v 14.405000 0.845858 -30.969141
v 14.416547 0.848453 -30.966547
v 14.419142 0.860000 -30.969141
v 14.419142 0.845858 -30.955000
v 14.405000 1.200000 -30.955000
v 14.425000 1.180000 -30.955000
v 14.405000 1.180000 -30.974998
v 14.419142 1.194142 -30.955000
v 14.416547 1.191547 -30.966547
v 14.419142 1.180000 -30.969141
v 14.405000 1.194142 -30.969141
vn -0.3672 -0.8865 0.2817
vn -0.2817 -0.3672 0.8865
vn -0.8865 -0.2817 0.3672
vn -0.3672 0.2818 0.8864
vn -0.2817 0.8865 0.3672
vn -0.8865 0.3672 0.2817
vn -0.2817 -0.8865 -0.3672
vn -0.8865 -0.3672 -0.2817
vn -0.3672 -0.2818 -0.8865
vn -0.3672 0.8865 -0.2817
vn -0.2817 0.3672 -0.8865
vn -0.8865 0.2817 -0.3672
vn 0.2817 -0.8865 0.3672
vn 0.8865 -0.3672 0.2817
vn 0.3672 -0.2818 0.8864
vn 0.3672 0.8865 0.2817
vn 0.2817 0.3672 0.8865
vn 0.8865 0.2817 0.3672
vn 0.3672 -0.8865 -0.2817
vn 0.2817 -0.3672 -0.8865
vn 0.8865 -0.2817 -0.3672
vn 0.2817 0.8865 -0.3672
vn 0.8865 0.3672 -0.2817
vn 0.3672 0.2818 -0.8865
vn -0.3827 -0.9239 -0.0000
vn -0.9239 -0.3827 -0.0000
vn -0.3827 -0.0000 0.9239
vn -0.9239 -0.0000 0.3827
vn -0.3827 0.9239 -0.0000
vn -0.9239 0.3827 -0.0000
vn -0.3827 -0.0000 -0.9239
vn -0.9239 -0.0000 -0.3827
vn -0.0000 -0.9239 -0.3827
vn -0.0000 -0.3827 -0.9239
vn -0.0000 0.9239 -0.3827
vn -0.0000 0.3827 -0.9239
vn 0.9239 -0.0000 -0.3827
vn 0.3827 -0.0000 -0.9239
vn 0.3827 -0.9239 -0.0000
vn 0.9239 -0.3827 -0.0000
vn 0.3827 0.9239 -0.0000
vn 0.9239 0.3827 -0.0000
vn 0.3827 -0.0000 0.9239
vn 0.9239 -0.0000 0.3827
vn -0.0000 -0.9239 0.3827
vn -0.0000 -0.3827 0.9239
vn -0.0000 0.9239 0.3827
vn -0.0000 0.3827 0.9239
vn -0.0000 -1.0000 -0.0000
vn -1.0000 -0.0000 -0.0000
vn -0.0000 -0.0000 1.0000
vn -0.0000 1.0000 -0.0000
vn -0.0000 -0.0000 -1.0000
vn 1.0000 -0.0000 -0.0000
vn -0.2817 -0.8865 0.3672
vn -0.3672 -0.2818 0.8864
vn -0.8865 -0.3672 0.2817
vn -0.2817 0.3672 0.8865
vn -0.3672 0.8865 0.2817
vn -0.8865 0.2817 0.3672
vn -0.3672 -0.8865 -0.2817
vn -0.8865 -0.2817 -0.3672
vn -0.2817 -0.3672 -0.8865
vn -0.2817 0.8865 -0.3672
vn -0.3672 0.2818 -0.8865
vn -0.8865 0.3672 -0.2817
vn 0.3672 -0.8865 0.2817
vn 0.8865 -0.2817 0.3672
vn 0.2817 -0.3672 0.8865
vn 0.2817 0.8865 0.3672
vn 0.3672 0.2818 0.8864
vn 0.8865 0.3672 0.2817
vn 0.2817 -0.8865 -0.3672
vn 0.3672 -0.2818 -0.8865
vn 0.8865 -0.3672 -0.2817
vn 0.3672 0.8865 -0.2817
vn 0.8865 0.2817 -0.3672
vn 0.2817 0.3672 -0.8865
s 0
usemtl Stone_Warm
f 2681//2956 2685//2956 2687//2956
f 2682//2957 2685//2957 2684//2957
f 2683//2958 2685//2958 2686//2958
f 2688//2959 2692//2959 2694//2959
f 2689//2960 2692//2960 2691//2960
f 2690//2961 2692//2961 2693//2961
f 2695//2962 2699//2962 2701//2962
f 2696//2963 2699//2963 2698//2963
f 2697//2964 2699//2964 2700//2964
f 2702//2965 2706//2965 2708//2965
f 2703//2966 2706//2966 2705//2966
f 2704//2967 2706//2967 2707//2967
f 2709//2968 2713//2968 2715//2968
f 2710//2969 2713//2969 2712//2969
f 2711//2970 2713//2970 2714//2970
f 2716//2971 2720//2971 2722//2971
f 2717//2972 2720//2972 2719//2972
f 2718//2973 2720//2973 2721//2973
f 2723//2974 2727//2974 2729//2974
f 2724//2975 2727//2975 2726//2975
f 2725//2976 2727//2976 2728//2976
f 2730//2977 2734//2977 2736//2977
f 2731//2978 2734//2978 2733//2978
f 2732//2979 2734//2979 2735//2979
f 2681//2980 2698//2980 2695//2980
f 2687//2981 2696//2981 2698//2981
f 2688//2982 2686//2982 2682//2982
f 2694//2983 2683//2983 2686//2983
f 2702//2984 2693//2984 2689//2984
f 2708//2985 2690//2985 2693//2985
f 2697//2986 2707//2986 2703//2986
f 2700//2987 2704//2987 2707//2987
f 2695//2988 2726//2988 2723//2988
f 2701//2989 2724//2989 2726//2989
f 2730//2990 2705//2990 2702//2990
f 2736//2991 2703//2991 2705//2991
f 2725//2992 2735//2992 2731//2992
f 2728//2993 2732//2993 2735//2993
f 2723//2994 2712//2994 2709//2994
f 2729//2995 2710//2995 2712//2995
f 2716//2996 2733//2996 2730//2996
f 2722//2997 2731//2997 2733//2997
f 2711//2998 2721//2998 2717//2998
f 2714//2999 2718//2999 2721//2999
f 2709//3000 2684//3000 2681//3000
f 2715//3001 2682//3001 2684//3001
f 2689//3002 2719//3002 2716//3002
f 2691//3003 2717//3003 2719//3003
f 2723//3004 2681//3004 2695//3004
f 2690//3005 2696//3005 2683//3005
f 2717//3006 2682//3006 2711//3006
f 2702//3007 2716//3007 2730//3007
f 2703//3008 2724//3008 2697//3008
f 2731//3009 2710//3009 2725//3009
f 2681//3010 2684//3010 2685//3010
f 2682//3011 2686//3011 2685//3011
f 2683//3012 2687//3012 2685//3012
f 2688//3013 2691//3013 2692//3013
f 2689//3014 2693//3014 2692//3014
f 2690//3015 2694//3015 2692//3015
f 2695//3016 2698//3016 2699//3016
f 2696//3017 2700//3017 2699//3017
f 2697//3018 2701//3018 2699//3018
f 2702//3019 2705//3019 2706//3019
f 2703//3020 2707//3020 2706//3020
f 2704//3021 2708//3021 2706//3021
f 2709//3022 2712//3022 2713//3022
f 2710//3023 2714//3023 2713//3023
f 2711//3024 2715//3024 2713//3024
f 2716//3025 2719//3025 2720//3025
f 2717//3026 2721//3026 2720//3026
f 2718//3027 2722//3027 2720//3027
f 2723//3028 2726//3028 2727//3028
f 2724//3029 2728//3029 2727//3029
f 2725//3030 2729//3030 2727//3030
f 2730//3031 2733//3031 2734//3031
f 2731//3032 2735//3032 2734//3032
f 2732//3033 2736//3033 2734//3033
f 2681//2980 2687//2980 2698//2980
f 2687//2981 2683//2981 2696//2981
f 2688//2982 2694//2982 2686//2982
f 2694//2983 2690//2983 2683//2983
f 2702//2984 2708//2984 2693//2984
f 2708//2985 2704//2985 2690//2985
f 2697//2986 2700//2986 2707//2986
f 2700//2987 2696//2987 2704//2987
f 2695//2988 2701//2988 2726//2988
f 2701//2989 2697//2989 2724//2989
f 2730//2990 2736//2990 2705//2990
f 2736//2991 2732//2991 2703//2991
f 2725//2992 2728//2992 2735//2992
f 2728//2993 2724//2993 2732//2993
f 2723//2994 2729//2994 2712//2994
f 2729//2995 2725//2995 2710//2995
f 2716//2996 2722//2996 2733//2996
f 2722//2997 2718//2997 2731//2997
f 2711//2998 2714//2998 2721//2998
f 2714//2999 2710//2999 2718//2999
f 2709//3000 2715//3000 2684//3000
f 2715//3001 2711//3001 2682//3001
f 2689//3002 2691//3002 2719//3002
f 2691//3003 2688//3003 2717//3003
f 2723//3004 2709//3004 2681//3004
f 2690//3005 2704//3005 2696//3005
f 2717//3006 2688//3006 2682//3006
f 2702//3007 2689//3007 2716//3007
f 2703//3008 2732//3008 2724//3008
f 2731//3009 2718//3009 2710//3009
o TempleSteps_00
v -6.975000 0.000000 -26.510000
v -6.975000 0.025000 -26.485001
v -7.000000 0.025000 -26.510000
v -6.975000 0.007322 -26.492323
v -6.989434 0.010566 -26.495567
v -6.992678 0.025000 -26.492323
v -6.992678 0.007322 -26.510000
v -6.975000 0.095000 -26.485001
v -6.975000 0.120000 -26.510000
v -7.000000 0.095000 -26.510000
v -6.975000 0.112678 -26.492323
v -6.989434 0.109434 -26.495567
v -6.992678 0.112678 -26.510000
v -6.992678 0.095000 -26.492323
v -6.975000 0.000000 -27.204287
v -7.000000 0.025000 -27.204287
v -6.975000 0.025000 -27.229286
v -6.992678 0.007322 -27.204287
v -6.989434 0.010566 -27.218719
v -6.992678 0.025000 -27.221964
v -6.975000 0.007322 -27.221964
v -6.975000 0.120000 -27.204287
v -6.975000 0.095000 -27.229286
v -7.000000 0.095000 -27.204287
v -6.975000 0.112678 -27.221964
v -6.989434 0.109434 -27.218719
v -6.992678 0.095000 -27.221964
v -6.992678 0.112678 -27.204287
v 6.975000 0.000000 -26.510000
v 7.000000 0.025000 -26.510000
v 6.975000 0.025000 -26.485001
v 6.992678 0.007322 -26.510000
v 6.989434 0.010566 -26.495567
v 6.992678 0.025000 -26.492323
v 6.975000 0.007322 -26.492323
v 6.975000 0.120000 -26.510000
v 6.975000 0.095000 -26.485001
v 7.000000 0.095000 -26.510000
v 6.975000 0.112678 -26.492323
v 6.989434 0.109434 -26.495567
v 6.992678 0.095000 -26.492323
v 6.992678 0.112678 -26.510000
v 6.975000 0.000000 -27.204287
v 6.975000 0.025000 -27.229286
v 7.000000 0.025000 -27.204287
v 6.975000 0.007322 -27.221964
v 6.989434 0.010566 -27.218719
v 6.992678 0.025000 -27.221964
v 6.992678 0.007322 -27.204287
v 6.975000 0.120000 -27.204287
v 7.000000 0.095000 -27.204287
v 6.975000 0.095000 -27.229286
v 6.992678 0.112678 -27.204287
v 6.989434 0.109434 -27.218719
v 6.992678 0.095000 -27.221964
v 6.975000 0.112678 -27.221964
vn -0.3672 -0.8865 0.2818
vn -0.2817 -0.3672 0.8865
vn -0.8865 -0.2817 0.3672
vn -0.3672 0.2817 0.8865
vn -0.2817 0.8865 0.3671
vn -0.8865 0.3672 0.2817
vn -0.2817 -0.8865 -0.3671
vn -0.8865 -0.3672 -0.2817
vn -0.3672 -0.2817 -0.8865
vn -0.3672 0.8865 -0.2818
vn -0.2817 0.3672 -0.8865
vn -0.8865 0.2817 -0.3672
vn 0.2817 -0.8865 0.3671
vn 0.8865 -0.3672 0.2817
vn 0.3672 -0.2817 0.8865
vn 0.3672 0.8865 0.2818
vn 0.2817 0.3672 0.8865
vn 0.8865 0.2817 0.3672
vn 0.3672 -0.8865 -0.2818
vn 0.2817 -0.3672 -0.8865
vn 0.8865 -0.2817 -0.3672
vn 0.2817 0.8865 -0.3671
vn 0.8865 0.3672 -0.2817
vn 0.3672 0.2817 -0.8865
vn -0.3827 -0.9239 -0.0000
vn -0.9239 -0.3827 -0.0000
vn -0.3827 -0.0000 0.9239
vn -0.9239 -0.0000 0.3827
vn -0.3827 0.9239 -0.0000
vn -0.9239 0.3827 -0.0000
vn -0.3827 -0.0000 -0.9239
vn -0.9239 -0.0000 -0.3827
vn -0.0000 -0.9239 -0.3827
vn -0.0000 -0.3827 -0.9239
vn -0.0000 0.9239 -0.3827
vn -0.0000 0.3827 -0.9239
vn 0.9239 -0.0000 -0.3827
vn 0.3827 -0.0000 -0.9239
vn 0.3827 -0.9239 -0.0000
vn 0.9239 -0.3827 -0.0000
vn 0.3827 0.9239 -0.0000
vn 0.9239 0.3827 -0.0000
vn 0.3827 -0.0000 0.9239
vn 0.9239 -0.0000 0.3827
vn -0.0000 -0.9239 0.3827
vn -0.0000 -0.3827 0.9239
vn -0.0000 0.9239 0.3827
vn -0.0000 0.3827 0.9239
vn -0.0000 -1.0000 -0.0000
vn -1.0000 -0.0000 -0.0000
vn -0.0000 -0.0000 1.0000
vn -0.0000 1.0000 -0.0000
vn -0.0000 -0.0000 -1.0000
vn 1.0000 -0.0000 -0.0000
vn -0.2817 -0.8865 0.3671
vn -0.3672 -0.2817 0.8865
vn -0.8865 -0.3672 0.2817
vn -0.2817 0.3672 0.8865
vn -0.3672 0.8865 0.2818
vn -0.8865 0.2817 0.3672
vn -0.3672 -0.8865 -0.2818
vn -0.8865 -0.2817 -0.3672
vn -0.2817 -0.3672 -0.8865
vn -0.2817 0.8865 -0.3671
vn -0.3672 0.2817 -0.8865
vn -0.8865 0.3672 -0.2817
vn 0.3672 -0.8865 0.2818
vn 0.8865 -0.2817 0.3672
vn 0.2817 -0.3672 0.8865
vn 0.2817 0.8865 0.3671
vn 0.3672 0.2817 0.8865
vn 0.8865 0.3672 0.2817
vn 0.2817 -0.8865 -0.3671
vn 0.3672 -0.2817 -0.8865
vn 0.8865 -0.3672 -0.2817
vn 0.3672 0.8865 -0.2818
vn 0.8865 0.2817 -0.3672
vn 0.2817 0.3672 -0.8865
s 0
usemtl Stone_Light
f 2737//3034 2741//3034 2743//3034
f 2738//3035 2741//3035 2740//3035
f 2739//3036 2741//3036 2742//3036
f 2744//3037 2748//3037 2750//3037
f 2745//3038 2748//3038 2747//3038
f 2746//3039 2748//3039 2749//3039
f 2751//3040 2755//3040 2757//3040
f 2752//3041 2755//3041 2754//3041
f 2753//3042 2755//3042 2756//3042
f 2758//3043 2762//3043 2764//3043
f 2759//3044 2762//3044 2761//3044
f 2760//3045 2762//3045 2763//3045
f 2765//3046 2769//3046 2771//3046
f 2766//3047 2769//3047 2768//3047
f 2767//3048 2769//3048 2770//3048
f 2772//3049 2776//3049 2778//3049
f 2773//3050 2776//3050 2775//3050
f 2774//3051 2776//3051 2777//3051
f 2779//3052 2783//3052 2785//3052
f 2780//3053 2783//3053 2782//3053
f 2781//3054 2783//3054 2784//3054
f 2786//3055 2790//3055 2792//3055
f 2787//3056 2790//3056 2789//3056
f 2788//3057 2790//3057 2791//3057
f 2737//3058 2754//3058 2751//3058
f 2743//3059 2752//3059 2754//3059
f 2744//3060 2742//3060 2738//3060
f 2750//3061 2739//3061 2742//3061
f 2758//3062 2749//3062 2745//3062
f 2764//3063 2746//3063 2749//3063
f 2753//3064 2763//3064 2759//3064
f 2756//3065 2760//3065 2763//3065
f 2751//3066 2782//3066 2779//3066
f 2757//3067 2780//3067 2782//3067
f 2786//3068 2761//3068 2758//3068
f 2792//3069 2759//3069 2761//3069
f 2781//3070 2791//3070 2787//3070
f 2784//3071 2788//3071 2791//3071
f 2779//3072 2768//3072 2765//3072
f 2785//3073 2766//3073 2768//3073
f 2772//3074 2789//3074 2786//3074
f 2778//3075 2787//3075 2789//3075
f 2767//3076 2777//3076 2773//3076
f 2770//3077 2774//3077 2777//3077
f 2765//3078 2740//3078 2737//3078
f 2771//3079 2738//3079 2740//3079
f 2745//3080 2775//3080 2772//3080
f 2747//3081 2773//3081 2775//3081
f 2779//3082 2737//3082 2751//3082
f 2746//3083 2752//3083 2739//3083
f 2773//3084 2738//3084 2767//3084
f 2758//3085 2772//3085 2786//3085
f 2759//3086 2780//3086 2753//3086
f 2787//3087 2766//3087 2781//3087
f 2737//3088 2740//3088 2741//3088
f 2738//3089 2742//3089 2741//3089
f 2739//3090 2743//3090 2741//3090
f 2744//3091 2747//3091 2748//3091
f 2745//3092 2749//3092 2748//3092
f 2746//3093 2750//3093 2748//3093
f 2751//3094 2754//3094 2755//3094
f 2752//3095 2756//3095 2755//3095
f 2753//3096 2757//3096 2755//3096
f 2758//3097 2761//3097 2762//3097
f 2759//3098 2763//3098 2762//3098
f 2760//3099 2764//3099 2762//3099
f 2765//3100 2768//3100 2769//3100
f 2766//3101 2770//3101 2769//3101
f 2767//3102 2771//3102 2769//3102
f 2772//3103 2775//3103 2776//3103
f 2773//3104 2777//3104 2776//3104
f 2774//3105 2778//3105 2776//3105
f 2779//3106 2782//3106 2783//3106
f 2780//3107 2784//3107 2783//3107
f 2781//3108 2785//3108 2783//3108
f 2786//3109 2789//3109 2790//3109
f 2787//3110 2791//3110 2790//3110
f 2788//3111 2792//3111 2790//3111
f 2737//3058 2743//3058 2754//3058
f 2743//3059 2739//3059 2752//3059
f 2744//3060 2750//3060 2742//3060
f 2750//3061 2746//3061 2739//3061
f 2758//3062 2764//3062 2749//3062
f 2764//3063 2760//3063 2746//3063
f 2753//3064 2756//3064 2763//3064
f 2756//3065 2752//3065 2760//3065
f 2751//3066 2757//3066 2782//3066
f 2757//3067 2753//3067 2780//3067
f 2786//3068 2792//3068 2761//3068
f 2792//3069 2788//3069 2759//3069
f 2781//3070 2784//3070 2791//3070
f 2784//3071 2780//3071 2788//3071
f 2779//3072 2785//3072 2768//3072
f 2785//3073 2781//3073 2766//3073
f 2772//3074 2778//3074 2789//3074
f 2778//3075 2774//3075 2787//3075
f 2767//3076 2770//3076 2777//3076
f 2770//3077 2766//3077 2774//3077
f 2765//3078 2771//3078 2740//3078
f 2771//3079 2767//3079 2738//3079
f 2745//3080 2747//3080 2775//3080
f 2747//3081 2744//3081 2773//3081
f 2779//3082 2765//3082 2737//3082
f 2746//3083 2760//3083 2752//3083
f 2773//3084 2744//3084 2738//3084
f 2758//3085 2745//3085 2772//3085
f 2759//3086 2788//3086 2780//3086
f 2787//3087 2774//3087 2766//3087
o TempleSteps_01
v -6.975000 0.000000 -27.224285
v -6.975000 0.025000 -27.199286
v -7.000000 0.025000 -27.224285
v -6.975000 0.007322 -27.206608
v -6.989434 0.010566 -27.209852
v -6.992678 0.025000 -27.206608
v -6.992678 0.007322 -27.224285
v -6.975000 0.215000 -27.199286
v -6.975000 0.240000 -27.224285
v -7.000000 0.215000 -27.224285
v -6.975000 0.232678 -27.206608
v -6.989434 0.229434 -27.209852
v -6.992678 0.232678 -27.224285
v -6.992678 0.215000 -27.206608
v -6.975000 0.000000 -27.918571
v -7.000000 0.025000 -27.918571
v -6.975000 0.025000 -27.943571
v -6.992678 0.007322 -27.918571
v -6.989434 0.010566 -27.933004
v -6.992678 0.025000 -27.936249
v -6.975000 0.007322 -27.936249
v -6.975000 0.240000 -27.918571
v -6.975000 0.215000 -27.943571
v -7.000000 0.215000 -27.918571
v -6.975000 0.232678 -27.936249
v -6.989434 0.229434 -27.933004
v -6.992678 0.215000 -27.936249
v -6.992678 0.232678 -27.918571
v 6.975000 0.000000 -27.224285
v 7.000000 0.025000 -27.224285
v 6.975000 0.025000 -27.199286
v 6.992678 0.007322 -27.224285
v 6.989434 0.010566 -27.209852
v 6.992678 0.025000 -27.206608
v 6.975000 0.007322 -27.206608
v 6.975000 0.240000 -27.224285
v 6.975000 0.215000 -27.199286
v 7.000000 0.215000 -27.224285
v 6.975000 0.232678 -27.206608
v 6.989434 0.229434 -27.209852
v 6.992678 0.215000 -27.206608
v 6.992678 0.232678 -27.224285
v 6.975000 0.000000 -27.918571
v 6.975000 0.025000 -27.943571
v 7.000000 0.025000 -27.918571
v 6.975000 0.007322 -27.936249
v 6.989434 0.010566 -27.933004
v 6.992678 0.025000 -27.936249
v 6.992678 0.007322 -27.918571
v 6.975000 0.240000 -27.918571
v 7.000000 0.215000 -27.918571
v 6.975000 0.215000 -27.943571
v 6.992678 0.232678 -27.918571
v 6.989434 0.229434 -27.933004
v 6.992678 0.215000 -27.936249
v 6.975000 0.232678 -27.936249
vn -0.3672 -0.8865 0.2818
vn -0.2818 -0.3672 0.8864
vn -0.8865 -0.2817 0.3672
vn -0.3671 0.2817 0.8865
vn -0.2817 0.8865 0.3671
vn -0.8865 0.3672 0.2817
vn -0.2817 -0.8865 -0.3671
vn -0.8865 -0.3672 -0.2817
vn -0.3671 -0.2817 -0.8865
vn -0.3672 0.8865 -0.2818
vn -0.2818 0.3672 -0.8864
vn -0.8865 0.2817 -0.3672
vn 0.2817 -0.8865 0.3671
vn 0.8865 -0.3672 0.2817
vn 0.3671 -0.2817 0.8865
vn 0.3672 0.8865 0.2818
vn 0.2818 0.3672 0.8864
vn 0.8865 0.2817 0.3672
vn 0.3672 -0.8865 -0.2818
vn 0.2818 -0.3672 -0.8864
vn 0.8865 -0.2817 -0.3672
vn 0.2817 0.8865 -0.3671
vn 0.8865 0.3672 -0.2817
vn 0.3671 0.2817 -0.8865
vn -0.3827 -0.9239 -0.0000
vn -0.9239 -0.3827 -0.0000
vn -0.3827 -0.0000 0.9239
vn -0.9239 -0.0000 0.3826
vn -0.3827 0.9239 -0.0000
vn -0.9239 0.3827 -0.0000
vn -0.3827 -0.0000 -0.9239
vn -0.9239 -0.0000 -0.3826
vn -0.0000 -0.9239 -0.3827
vn -0.0000 -0.3827 -0.9239
vn -0.0000 0.9239 -0.3827
vn -0.0000 0.3827 -0.9239
vn 0.9239 -0.0000 -0.3827
vn 0.3827 -0.0000 -0.9239
vn 0.3827 -0.9239 -0.0000
vn 0.9239 -0.3827 -0.0000
vn 0.3827 0.9239 -0.0000
vn 0.9239 0.3827 -0.0000
vn 0.3827 -0.0000 0.9239
vn 0.9239 -0.0000 0.3826
vn -0.0000 -0.9239 0.3827
vn -0.0000 -0.3827 0.9239
vn -0.0000 0.9239 0.3827
vn -0.0000 0.3827 0.9239
vn -0.0000 -1.0000 -0.0000
vn -1.0000 -0.0000 -0.0000
vn -0.0000 -0.0000 1.0000
vn -0.0000 1.0000 -0.0000
vn -0.0000 -0.0000 -1.0000
vn 1.0000 -0.0000 -0.0000
vn -0.2817 -0.8865 0.3671
vn -0.3671 -0.2817 0.8865
vn -0.8865 -0.3672 0.2817
vn -0.2818 0.3672 0.8864
vn -0.3672 0.8865 0.2818
vn -0.8865 0.2817 0.3672
vn -0.3672 -0.8865 -0.2818
vn -0.8865 -0.2817 -0.3672
vn -0.2818 -0.3672 -0.8864
vn -0.2817 0.8865 -0.3671
vn -0.3671 0.2817 -0.8865
vn -0.8865 0.3672 -0.2817
vn 0.3672 -0.8865 0.2818
vn 0.8865 -0.2817 0.3672
vn 0.2818 -0.3672 0.8864
vn 0.2817 0.8865 0.3671
vn 0.3671 0.2817 0.8865
vn 0.8865 0.3672 0.2817
vn 0.2817 -0.8865 -0.3671
vn 0.3671 -0.2817 -0.8865
vn 0.8865 -0.3672 -0.2817
vn 0.3672 0.8865 -0.2818
vn 0.8865 0.2817 -0.3672
vn 0.2818 0.3672 -0.8864
vn -0.9239 -0.0000 0.3827
vn -0.9239 -0.0000 -0.3827
vn 0.9239 -0.0000 -0.3826
vn 0.9239 -0.0000 0.3827
s 0
usemtl Stone_Light
f 2793//3112 2797//3112 2799//3112
f 2794//3113 2797//3113 2796//3113
f 2795//3114 2797//3114 2798//3114
f 2800//3115 2804//3115 2806//3115
f 2801//3116 2804//3116 2803//3116
f 2802//3117 2804//3117 2805//3117
f 2807//3118 2811//3118 2813//3118
f 2808//3119 2811//3119 2810//3119
f 2809//3120 2811//3120 2812//3120
f 2814//3121 2818//3121 2820//3121
f 2815//3122 2818//3122 2817//3122
f 2816//3123 2818//3123 2819//3123
f 2821//3124 2825//3124 2827//3124
f 2822//3125 2825//3125 2824//3125
f 2823//3126 2825//3126 2826//3126
f 2828//3127 2832//3127 2834//3127
f 2829//3128 2832//3128 2831//3128
f 2830//3129 2832//3129 2833//3129
f 2835//3130 2839//3130 2841//3130
f 2836//3131 2839//3131 2838//3131
f 2837//3132 2839//3132 2840//3132
f 2842//3133 2846//3133 2848//3133
f 2843//3134 2846//3134 2845//3134
f 2844//3135 2846//3135 2847//3135
f 2793//3136 2810//3136 2807//3136
f 2799//3137 2808//3137 2810//3137
f 2800//3138 2798//3138 2794//3138
f 2806//3139 2795//3139 2798//3139
f 2814//3140 2805//3140 2801//3140
f 2820//3141 2802//3141 2805//3141
f 2809//3142 2819//3142 2815//3142
f 2812//3143 2816//3143 2819//3143
f 2807//3144 2838//3144 2835//3144
f 2813//3145 2836//3145 2838//3145
f 2842//3146 2817//3146 2814//3146
f 2848//3147 2815//3147 2817//3147
f 2837//3148 2847//3148 2843//3148
f 2840//3149 2844//3149 2847//3149
f 2835//3150 2824//3150 2821//3150
f 2841//3151 2822//3151 2824//3151
f 2828//3152 2845//3152 2842//3152
f 2834//3153 2843//3153 2845//3153
f 2823//3154 2833//3154 2829//3154
f 2826//3155 2830//3155 2833//3155
f 2821//3156 2796//3156 2793//3156
f 2827//3157 2794//3157 2796//3157
f 2801//3158 2831//3158 2828//3158
f 2803//3159 2829//3159 2831//3159
f 2835//3160 2793//3160 2807//3160
f 2802//3161 2808//3161 2795//3161
f 2829//3162 2794//3162 2823//3162
f 2814//3163 2828//3163 2842//3163
f 2815//3164 2836//3164 2809//3164
f 2843//3165 2822//3165 2837//3165
f 2793//3166 2796//3166 2797//3166
f 2794//3167 2798//3167 2797//3167
f 2795//3168 2799//3168 2797//3168
f 2800//3169 2803//3169 2804//3169
f 2801//3170 2805//3170 2804//3170
f 2802//3171 2806//3171 2804//3171
f 2807//3172 2810//3172 2811//3172
f 2808//3173 2812//3173 2811//3173
f 2809//3174 2813//3174 2811//3174
f 2814//3175 2817//3175 2818//3175
f 2815//3176 2819//3176 2818//3176
f 2816//3177 2820//3177 2818//3177
f 2821//3178 2824//3178 2825//3178
f 2822//3179 2826//3179 2825//3179
f 2823//3180 2827//3180 2825//3180
f 2828//3181 2831//3181 2832//3181
f 2829//3182 2833//3182 2832//3182
f 2830//3183 2834//3183 2832//3183
f 2835//3184 2838//3184 2839//3184
f 2836//3185 2840//3185 2839//3185
f 2837//3186 2841//3186 2839//3186
f 2842//3187 2845//3187 2846//3187
f 2843//3188 2847//3188 2846//3188
f 2844//3189 2848//3189 2846//3189
f 2793//3136 2799//3136 2810//3136
f 2799//3137 2795//3137 2808//3137
f 2800//3138 2806//3138 2798//3138
f 2806//3190 2802//3190 2795//3190
f 2814//3140 2820//3140 2805//3140
f 2820//3141 2816//3141 2802//3141
f 2809//3142 2812//3142 2819//3142
f 2812//3191 2808//3191 2816//3191
f 2807//3144 2813//3144 2838//3144
f 2813//3145 2809//3145 2836//3145
f 2842//3146 2848//3146 2817//3146
f 2848//3147 2844//3147 2815//3147
f 2837//3192 2840//3192 2847//3192
f 2840//3149 2836//3149 2844//3149
f 2835//3150 2841//3150 2824//3150
f 2841//3151 2837//3151 2822//3151
f 2828//3152 2834//3152 2845//3152
f 2834//3153 2830//3153 2843//3153
f 2823//3154 2826//3154 2833//3154
f 2826//3193 2822//3193 2830//3193
f 2821//3156 2827//3156 2796//3156
f 2827//3157 2823//3157 2794//3157
f 2801//3158 2803//3158 2831//3158
f 2803//3159 2800//3159 2829//3159
f 2835//3160 2821//3160 2793//3160
f 2802//3161 2816//3161 2808//3161
f 2829//3162 2800//3162 2794//3162
f 2814//3163 2801//3163 2828//3163
f 2815//3164 2844//3164 2836//3164
f 2843//3165 2830//3165 2822//3165
o TempleSteps_02
v -6.975000 0.000000 -27.938572
v -6.975000 0.025000 -27.913572
v -7.000000 0.025000 -27.938572
v -6.975000 0.007322 -27.920895
v -6.989434 0.010566 -27.924139
v -6.992678 0.025000 -27.920895
v -6.992678 0.007322 -27.938572
v -6.975000 0.335000 -27.913572
v -6.975000 0.360000 -27.938572
v -7.000000 0.335000 -27.938572
v -6.975000 0.352678 -27.920895
v -6.989434 0.349434 -27.924139
v -6.992678 0.352678 -27.938572
v -6.992678 0.335000 -27.920895
v -6.975000 0.000000 -28.632858
v -7.000000 0.025000 -28.632858
v -6.975000 0.025000 -28.657858
v -6.992678 0.007322 -28.632858
v -6.989434 0.010566 -28.647291
v -6.992678 0.025000 -28.650536
v -6.975000 0.007322 -28.650536
v -6.975000 0.360000 -28.632858
v -6.975000 0.335000 -28.657858
v -7.000000 0.335000 -28.632858
v -6.975000 0.352678 -28.650536
v -6.989434 0.349434 -28.647291
v -6.992678 0.335000 -28.650536
v -6.992678 0.352678 -28.632858
v 6.975000 0.000000 -27.938572
v 7.000000 0.025000 -27.938572
v 6.975000 0.025000 -27.913572
v 6.992678 0.007322 -27.938572
v 6.989434 0.010566 -27.924139
v 6.992678 0.025000 -27.920895
v 6.975000 0.007322 -27.920895
v 6.975000 0.360000 -27.938572
v 6.975000 0.335000 -27.913572
v 7.000000 0.335000 -27.938572
v 6.975000 0.352678 -27.920895
v 6.989434 0.349434 -27.924139
v 6.992678 0.335000 -27.920895
v 6.992678 0.352678 -27.938572
v 6.975000 0.000000 -28.632858
v 6.975000 0.025000 -28.657858
v 7.000000 0.025000 -28.632858
v 6.975000 0.007322 -28.650536
v 6.989434 0.010566 -28.647291
v 6.992678 0.025000 -28.650536
v 6.992678 0.007322 -28.632858
v 6.975000 0.360000 -28.632858
v 7.000000 0.335000 -28.632858
v 6.975000 0.335000 -28.657858
v 6.992678 0.352678 -28.632858
v 6.989434 0.349434 -28.647291
v 6.992678 0.335000 -28.650536
v 6.975000 0.352678 -28.650536
vn -0.3672 -0.8865 0.2818
vn -0.2818 -0.3672 0.8864
vn -0.8865 -0.2817 0.3672
vn -0.3671 0.2817 0.8865
vn -0.2817 0.8865 0.3671
vn -0.8865 0.3672 0.2817
vn -0.2817 -0.8865 -0.3671
vn -0.8865 -0.3672 -0.2817
vn -0.3671 -0.2817 -0.8865
vn -0.3672 0.8865 -0.2818
vn -0.2818 0.3672 -0.8864
vn -0.8865 0.2817 -0.3672
vn 0.2817 -0.8865 0.3671
vn 0.8865 -0.3672 0.2817
vn 0.3671 -0.2817 0.8865
vn 0.3672 0.8865 0.2818
vn 0.2818 0.3672 0.8864
vn 0.8865 0.2817 0.3672
vn 0.3672 -0.8865 -0.2818
vn 0.2818 -0.3672 -0.8864
vn 0.8865 -0.2817 -0.3672
vn 0.2817 0.8865 -0.3671
vn 0.8865 0.3672 -0.2817
vn 0.3671 0.2817 -0.8865
vn -0.3827 -0.9239 -0.0000
vn -0.9239 -0.3827 -0.0000
vn -0.3827 -0.0000 0.9239
vn -0.9239 -0.0000 0.3826
vn -0.3827 0.9239 -0.0000
vn -0.9239 0.3827 -0.0000
vn -0.3827 -0.0000 -0.9239
vn -0.9239 -0.0000 -0.3826
vn -0.0000 -0.9239 -0.3827
vn -0.0000 -0.3827 -0.9239
vn -0.0000 0.9239 -0.3827
vn -0.0000 0.3827 -0.9239
vn 0.9239 -0.0000 -0.3827
vn 0.3827 -0.0000 -0.9239
vn 0.3827 -0.9239 -0.0000
vn 0.9239 -0.3827 -0.0000
vn 0.3827 0.9239 -0.0000
vn 0.9239 0.3827 -0.0000
vn 0.3827 -0.0000 0.9239
vn 0.9239 -0.0000 0.3826
vn -0.0000 -0.9239 0.3827
vn -0.0000 -0.3827 0.9239
vn -0.0000 0.9239 0.3827
vn -0.0000 0.3827 0.9239
vn -0.0000 -1.0000 -0.0000
vn -1.0000 -0.0000 -0.0000
vn -0.0000 -0.0000 1.0000
vn -0.0000 1.0000 -0.0000
vn -0.0000 -0.0000 -1.0000
vn 1.0000 -0.0000 -0.0000
vn -0.2817 -0.8865 0.3671
vn -0.3671 -0.2817 0.8865
vn -0.8865 -0.3672 0.2817
vn -0.2818 0.3672 0.8864
vn -0.3672 0.8865 0.2818
vn -0.8865 0.2817 0.3672
vn -0.3672 -0.8865 -0.2818
vn -0.8865 -0.2817 -0.3672
vn -0.2818 -0.3672 -0.8864
vn -0.2817 0.8865 -0.3671
vn -0.3671 0.2817 -0.8865
vn -0.8865 0.3672 -0.2817
vn 0.3672 -0.8865 0.2818
vn 0.8865 -0.2817 0.3672
vn 0.2818 -0.3672 0.8864
vn 0.2817 0.8865 0.3671
vn 0.3671 0.2817 0.8865
vn 0.8865 0.3672 0.2817
vn 0.2817 -0.8865 -0.3671
vn 0.3671 -0.2817 -0.8865
vn 0.8865 -0.3672 -0.2817
vn 0.3672 0.8865 -0.2818
vn 0.8865 0.2817 -0.3672
vn 0.2818 0.3672 -0.8864
vn -0.9239 -0.0000 0.3827
vn -0.9239 -0.0000 -0.3827
vn 0.9239 -0.0000 -0.3826
vn 0.9239 -0.0000 0.3827
s 0
usemtl Stone_Light
f 2849//3194 2853//3194 2855//3194
f 2850//3195 2853//3195 2852//3195
f 2851//3196 2853//3196 2854//3196
f 2856//3197 2860//3197 2862//3197
f 2857//3198 2860//3198 2859//3198
f 2858//3199 2860//3199 2861//3199
f 2863//3200 2867//3200 2869//3200
f 2864//3201 2867//3201 2866//3201
f 2865//3202 2867//3202 2868//3202
f 2870//3203 2874//3203 2876//3203
f 2871//3204 2874//3204 2873//3204
f 2872//3205 2874//3205 2875//3205
f 2877//3206 2881//3206 2883//3206
f 2878//3207 2881//3207 2880//3207
f 2879//3208 2881//3208 2882//3208
f 2884//3209 2888//3209 2890//3209
f 2885//3210 2888//3210 2887//3210
f 2886//3211 2888//3211 2889//3211
f 2891//3212 2895//3212 2897//3212
f 2892//3213 2895//3213 2894//3213
f 2893//3214 2895//3214 2896//3214
f 2898//3215 2902//3215 2904//3215
f 2899//3216 2902//3216 2901//3216
f 2900//3217 2902//3217 2903//3217
f 2849//3218 2866//3218 2863//3218
f 2855//3219 2864//3219 2866//3219
f 2856//3220 2854//3220 2850//3220
f 2862//3221 2851//3221 2854//3221
f 2870//3222 2861//3222 2857//3222
f 2876//3223 2858//3223 2861//3223
f 2865//3224 2875//3224 2871//3224
f 2868//3225 2872//3225 2875//3225
f 2863//3226 2894//3226 2891//3226
f 2869//3227 2892//3227 2894//3227
f 2898//3228 2873//3228 2870//3228
f 2904//3229 2871//3229 2873//3229
f 2893//3230 2903//3230 2899//3230
f 2896//3231 2900//3231 2903//3231
f 2891//3232 2880//3232 2877//3232
f 2897//3233 2878//3233 2880//3233
f 2884//3234 2901//3234 2898//3234
f 2890//3235 2899//3235 2901//3235
f 2879//3236 2889//3236 2885//3236
f 2882//3237 2886//3237 2889//3237
f 2877//3238 2852//3238 2849//3238
f 2883//3239 2850//3239 2852//3239
f 2857//3240 2887//3240 2884//3240
f 2859//3241 2885//3241 2887//3241
f 2891//3242 2849//3242 2863//3242
f 2858//3243 2864//3243 2851//3243
f 2885//3244 2850//3244 2879//3244
f 2870//3245 2884//3245 2898//3245
f 2871//3246 2892//3246 2865//3246
f 2899//3247 2878//3247 2893//3247
f 2849//3248 2852//3248 2853//3248
f 2850//3249 2854//3249 2853//3249
f 2851//3250 2855//3250 2853//3250
f 2856//3251 2859//3251 2860//3251
f 2857//3252 2861//3252 2860//3252
f 2858//3253 2862//3253 2860//3253
f 2863//3254 2866//3254 2867//3254
f 2864//3255 2868//3255 2867//3255
f 2865//3256 2869//3256 2867//3256
f 2870//3257 2873//3257 2874//3257
f 2871//3258 2875//3258 2874//3258
f 2872//3259 2876//3259 2874//3259
f 2877//3260 2880//3260 2881//3260
f 2878//3261 2882//3261 2881//3261
f 2879//3262 2883//3262 2881//3262
f 2884//3263 2887//3263 2888//3263
f 2885//3264 2889//3264 2888//3264
f 2886//3265 2890//3265 2888//3265
f 2891//3266 2894//3266 2895//3266
f 2892//3267 2896//3267 2895//3267
f 2893//3268 2897//3268 2895//3268
f 2898//3269 2901//3269 2902//3269
f 2899//3270 2903//3270 2902//3270
f 2900//3271 2904//3271 2902//3271
f 2849//3218 2855//3218 2866//3218
f 2855//3219 2851//3219 2864//3219
f 2856//3220 2862//3220 2854//3220
f 2862//3272 2858//3272 2851//3272
f 2870//3222 2876//3222 2861//3222
f 2876//3223 2872//3223 2858//3223
f 2865//3224 2868//3224 2875//3224
f 2868//3273 2864//3273 2872//3273
f 2863//3226 2869//3226 2894//3226
f 2869//3227 2865//3227 2892//3227
f 2898//3228 2904//3228 2873//3228
f 2904//3229 2900//3229 2871//3229
f 2893//3274 2896//3274 2903//3274
f 2896//3231 2892//3231 2900//3231
f 2891//3232 2897//3232 2880//3232
f 2897//3233 2893//3233 2878//3233
f 2884//3234 2890//3234 2901//3234
f 2890//3235 2886//3235 2899//3235
f 2879//3236 2882//3236 2889//3236
f 2882//3275 2878//3275 2886//3275
f 2877//3238 2883//3238 2852//3238
f 2883//3239 2879//3239 2850//3239
f 2857//3240 2859//3240 2887//3240
f 2859//3241 2856//3241 2885//3241
f 2891//3242 2877//3242 2849//3242
f 2858//3243 2872//3243 2864//3243
f 2885//3244 2856//3244 2850//3244
f 2870//3245 2857//3245 2884//3245
f 2871//3246 2900//3246 2892//3246
f 2899//3247 2886//3247 2878//3247
o TempleSteps_03
v -6.975000 0.000000 -28.652857
v -6.975000 0.025000 -28.627857
v -7.000000 0.025000 -28.652857
v -6.975000 0.007322 -28.635180
v -6.989434 0.010566 -28.638424
v -6.992678 0.025000 -28.635180
v -6.992678 0.007322 -28.652857
v -6.975000 0.455000 -28.627857
v -6.975000 0.480000 -28.652857
v -7.000000 0.455000 -28.652857
v -6.975000 0.472678 -28.635180
v -6.989434 0.469434 -28.638424
v -6.992678 0.472678 -28.652857
v -6.992678 0.455000 -28.635180
v -6.975000 0.000000 -29.347143
v -7.000000 0.025000 -29.347143
v -6.975000 0.025000 -29.372143
v -6.992678 0.007322 -29.347143
v -6.989434 0.010566 -29.361576
v -6.992678 0.025000 -29.364820
v -6.975000 0.007322 -29.364820
v -6.975000 0.480000 -29.347143
v -6.975000 0.455000 -29.372143
v -7.000000 0.455000 -29.347143
v -6.975000 0.472678 -29.364820
v -6.989434 0.469434 -29.361576
v -6.992678 0.455000 -29.364820
v -6.992678 0.472678 -29.347143
v 6.975000 0.000000 -28.652857
v 7.000000 0.025000 -28.652857
v 6.975000 0.025000 -28.627857
v 6.992678 0.007322 -28.652857
v 6.989434 0.010566 -28.638424
v 6.992678 0.025000 -28.635180
v 6.975000 0.007322 -28.635180
v 6.975000 0.480000 -28.652857
v 6.975000 0.455000 -28.627857
v 7.000000 0.455000 -28.652857
v 6.975000 0.472678 -28.635180
v 6.989434 0.469434 -28.638424
v 6.992678 0.455000 -28.635180
v 6.992678 0.472678 -28.652857
v 6.975000 0.000000 -29.347143
v 6.975000 0.025000 -29.372143
v 7.000000 0.025000 -29.347143
v 6.975000 0.007322 -29.364820
v 6.989434 0.010566 -29.361576
v 6.992678 0.025000 -29.364820
v 6.992678 0.007322 -29.347143
v 6.975000 0.480000 -29.347143
v 7.000000 0.455000 -29.347143
v 6.975000 0.455000 -29.372143
v 6.992678 0.472678 -29.347143
v 6.989434 0.469434 -29.361576
v 6.992678 0.455000 -29.364820
v 6.975000 0.472678 -29.364820
vn -0.3672 -0.8865 0.2818
vn -0.2818 -0.3672 0.8864
vn -0.8865 -0.2817 0.3672
vn -0.3672 0.2817 0.8865
vn -0.2817 0.8865 0.3671
vn -0.8865 0.3672 0.2817
vn -0.2817 -0.8865 -0.3671
vn -0.8865 -0.3672 -0.2817
vn -0.3672 -0.2817 -0.8865
vn -0.3672 0.8865 -0.2818
vn -0.2818 0.3672 -0.8864
vn -0.8865 0.2817 -0.3672
vn 0.2817 -0.8865 0.3671
vn 0.8865 -0.3672 0.2817
vn 0.3672 -0.2817 0.8865
vn 0.3672 0.8865 0.2818
vn 0.2818 0.3672 0.8864
vn 0.8865 0.2817 0.3672
vn 0.3672 -0.8865 -0.2818
vn 0.2818 -0.3672 -0.8864
vn 0.8865 -0.2817 -0.3672
vn 0.2817 0.8865 -0.3671
vn 0.8865 0.3672 -0.2817
vn 0.3672 0.2817 -0.8865
vn -0.3827 -0.9239 -0.0000
vn -0.9239 -0.3827 -0.0000
vn -0.3827 -0.0000 0.9239
vn -0.9239 -0.0000 0.3826
vn -0.3827 0.9239 -0.0000
vn -0.9239 0.3827 -0.0000
vn -0.3827 -0.0000 -0.9239
vn -0.9239 -0.0000 -0.3826
vn -0.0000 -0.9239 -0.3827
vn -0.0000 -0.3827 -0.9239
vn -0.0000 0.9239 -0.3827
vn -0.0000 0.3827 -0.9239
vn 0.9239 -0.0000 -0.3826
vn 0.3827 -0.0000 -0.9239
vn 0.3827 -0.9239 -0.0000
vn 0.9239 -0.3827 -0.0000
vn 0.3827 0.9239 -0.0000
vn 0.9239 0.3827 -0.0000
vn 0.3827 -0.0000 0.9239
vn 0.9239 -0.0000 0.3826
vn -0.0000 -0.9239 0.3827
vn -0.0000 -0.3827 0.9239
vn -0.0000 0.9239 0.3827
vn -0.0000 0.3827 0.9239
vn -0.0000 -1.0000 -0.0000
vn -1.0000 -0.0000 -0.0000
vn -0.0000 -0.0000 1.0000
vn -0.0000 1.0000 -0.0000
vn -0.0000 -0.0000 -1.0000
vn 1.0000 -0.0000 -0.0000
vn -0.2817 -0.8865 0.3671
vn -0.3672 -0.2817 0.8865
vn -0.8865 -0.3672 0.2817
vn -0.2818 0.3672 0.8864
vn -0.3672 0.8865 0.2818
vn -0.8865 0.2817 0.3672
vn -0.3672 -0.8865 -0.2818
vn -0.8865 -0.2817 -0.3672
vn -0.2818 -0.3672 -0.8864
vn -0.2817 0.8865 -0.3671
vn -0.3672 0.2817 -0.8865
vn -0.8865 0.3672 -0.2817
vn 0.3672 -0.8865 0.2818
vn 0.8865 -0.2817 0.3672
vn 0.2818 -0.3672 0.8864
vn 0.2817 0.8865 0.3671
vn 0.3672 0.2817 0.8865
vn 0.8865 0.3672 0.2817
vn 0.2817 -0.8865 -0.3671
vn 0.3672 -0.2817 -0.8865
vn 0.8865 -0.3672 -0.2817
vn 0.3672 0.8865 -0.2818
vn 0.8865 0.2817 -0.3672
vn 0.2818 0.3672 -0.8864
vn -0.9239 -0.0000 0.3827
vn -0.9239 -0.0000 -0.3827
vn 0.9239 -0.0000 -0.3827
vn 0.9239 -0.0000 0.3827
s 0
usemtl Stone_Light
f 2905//3276 2909//3276 2911//3276
f 2906//3277 2909//3277 2908//3277
f 2907//3278 2909//3278 2910//3278
f 2912//3279 2916//3279 2918//3279
f 2913//3280 2916//3280 2915//3280
f 2914//3281 2916//3281 2917//3281
f 2919//3282 2923//3282 2925//3282
f 2920//3283 2923//3283 2922//3283
f 2921//3284 2923//3284 2924//3284
f 2926//3285 2930//3285 2932//3285
f 2927//3286 2930//3286 2929//3286
f 2928//3287 2930//3287 2931//3287
f 2933//3288 2937//3288 2939//3288
f 2934//3289 2937//3289 2936//3289
f 2935//3290 2937//3290 2938//3290
f 2940//3291 2944//3291 2946//3291
f 2941//3292 2944//3292 2943//3292
f 2942//3293 2944//3293 2945//3293
f 2947//3294 2951//3294 2953//3294
f 2948//3295 2951//3295 2950//3295
f 2949//3296 2951//3296 2952//3296
f 2954//3297 2958//3297 2960//3297
f 2955//3298 2958//3298 2957//3298
f 2956//3299 2958//3299 2959//3299
f 2905//3300 2922//3300 2919//3300
f 2911//3301 2920//3301 2922//3301
f 2912//3302 2910//3302 2906//3302
f 2918//3303 2907//3303 2910//3303
f 2926//3304 2917//3304 2913//3304
f 2932//3305 2914//3305 2917//3305
f 2921//3306 2931//3306 2927//3306
f 2924//3307 2928//3307 2931//3307
f 2919//3308 2950//3308 2947//3308
f 2925//3309 2948//3309 2950//3309
f 2954//3310 2929//3310 2926//3310
f 2960//3311 2927//3311 2929//3311
f 2955//3312 2952//3312 2959//3312
f 2952//3313 2956//3313 2959//3313
f 2947//3314 2936//3314 2933//3314
f 2953//3315 2934//3315 2936//3315
f 2940//3316 2957//3316 2954//3316
f 2946//3317 2955//3317 2957//3317
f 2935//3318 2945//3318 2941//3318
f 2938//3319 2942//3319 2945//3319
f 2933//3320 2908//3320 2905//3320
f 2939//3321 2906//3321 2908//3321
f 2913//3322 2943//3322 2940//3322
f 2915//3323 2941//3323 2943//3323
f 2947//3324 2905//3324 2919//3324
f 2914//3325 2920//3325 2907//3325
f 2941//3326 2906//3326 2935//3326
f 2926//3327 2940//3327 2954//3327
f 2927//3328 2948//3328 2921//3328
f 2955//3329 2934//3329 2949//3329
f 2905//3330 2908//3330 2909//3330
f 2906//3331 2910//3331 2909//3331
f 2907//3332 2911//3332 2909//3332
f 2912//3333 2915//3333 2916//3333
f 2913//3334 2917//3334 2916//3334
f 2914//3335 2918//3335 2916//3335
f 2919//3336 2922//3336 2923//3336
f 2920//3337 2924//3337 2923//3337
f 2921//3338 2925//3338 2923//3338
f 2926//3339 2929//3339 2930//3339
f 2927//3340 2931//3340 2930//3340
f 2928//3341 2932//3341 2930//3341
f 2933//3342 2936//3342 2937//3342
f 2934//3343 2938//3343 2937//3343
f 2935//3344 2939//3344 2937//3344
f 2940//3345 2943//3345 2944//3345
f 2941//3346 2945//3346 2944//3346
f 2942//3347 2946//3347 2944//3347
f 2947//3348 2950//3348 2951//3348
f 2948//3349 2952//3349 2951//3349
f 2949//3350 2953//3350 2951//3350
f 2954//3351 2957//3351 2958//3351
f 2955//3352 2959//3352 2958//3352
f 2956//3353 2960//3353 2958//3353
f 2905//3300 2911//3300 2922//3300
f 2911//3301 2907//3301 2920//3301
f 2912//3302 2918//3302 2910//3302
f 2918//3354 2914//3354 2907//3354
f 2926//3304 2932//3304 2917//3304
f 2932//3305 2928//3305 2914//3305
f 2921//3306 2924//3306 2931//3306
f 2924//3355 2920//3355 2928//3355
f 2919//3308 2925//3308 2950//3308
f 2925//3309 2921//3309 2948//3309
f 2954//3310 2960//3310 2929//3310
f 2960//3311 2956//3311 2927//3311
f 2955//3356 2949//3356 2952//3356
f 2952//3313 2948//3313 2956//3313
f 2947//3314 2953//3314 2936//3314
f 2953//3315 2949//3315 2934//3315
f 2940//3316 2946//3316 2957//3316
f 2946//3317 2942//3317 2955//3317
f 2935//3318 2938//3318 2945//3318
f 2938//3357 2934//3357 2942//3357
f 2933//3320 2939//3320 2908//3320
f 2939//3321 2935//3321 2906//3321
f 2913//3322 2915//3322 2943//3322
f 2915//3323 2912//3323 2941//3323
f 2947//3324 2933//3324 2905//3324
f 2914//3325 2928//3325 2920//3325
f 2941//3326 2912//3326 2906//3326
f 2926//3327 2913//3327 2940//3327
f 2927//3328 2956//3328 2948//3328
f 2955//3329 2942//3329 2934//3329
o TempleSteps_04
v -6.975000 0.000000 -29.367142
v -6.975000 0.025000 -29.342142
v -7.000000 0.025000 -29.367142
v -6.975000 0.007322 -29.349464
v -6.989434 0.010566 -29.352709
v -6.992678 0.025000 -29.349464
v -6.992678 0.007322 -29.367142
v -6.975000 0.575000 -29.342142
v -6.975000 0.600000 -29.367142
v -7.000000 0.575000 -29.367142
v -6.975000 0.592678 -29.349464
v -6.989434 0.589434 -29.352709
v -6.992678 0.592678 -29.367142
v -6.992678 0.575000 -29.349464
v -6.975000 0.000000 -30.061428
v -7.000000 0.025000 -30.061428
v -6.975000 0.025000 -30.086428
v -6.992678 0.007322 -30.061428
v -6.989434 0.010566 -30.075861
v -6.992678 0.025000 -30.079105
v -6.975000 0.007322 -30.079105
v -6.975000 0.600000 -30.061428
v -6.975000 0.575000 -30.086428
v -7.000000 0.575000 -30.061428
v -6.975000 0.592678 -30.079105
v -6.989434 0.589434 -30.075861
v -6.992678 0.575000 -30.079105
v -6.992678 0.592678 -30.061428
v 6.975000 0.000000 -29.367142
v 7.000000 0.025000 -29.367142
v 6.975000 0.025000 -29.342142
v 6.992678 0.007322 -29.367142
v 6.989434 0.010566 -29.352709
v 6.992678 0.025000 -29.349464
v 6.975000 0.007322 -29.349464
v 6.975000 0.600000 -29.367142
v 6.975000 0.575000 -29.342142
v 7.000000 0.575000 -29.367142
v 6.975000 0.592678 -29.349464
v 6.989434 0.589434 -29.352709
v 6.992678 0.575000 -29.349464
v 6.992678 0.592678 -29.367142
v 6.975000 0.000000 -30.061428
v 6.975000 0.025000 -30.086428
v 7.000000 0.025000 -30.061428
v 6.975000 0.007322 -30.079105
v 6.989434 0.010566 -30.075861
v 6.992678 0.025000 -30.079105
v 6.992678 0.007322 -30.061428
v 6.975000 0.600000 -30.061428
v 7.000000 0.575000 -30.061428
v 6.975000 0.575000 -30.086428
v 6.992678 0.592678 -30.061428
v 6.989434 0.589434 -30.075861
v 6.992678 0.575000 -30.079105
v 6.975000 0.592678 -30.079105
vn -0.3672 -0.8865 0.2818
vn -0.2818 -0.3672 0.8864
vn -0.8865 -0.2817 0.3672
vn -0.3671 0.2817 0.8865
vn -0.2817 0.8865 0.3671
vn -0.8865 0.3672 0.2817
vn -0.2817 -0.8865 -0.3671
vn -0.8865 -0.3672 -0.2817
vn -0.3671 -0.2817 -0.8865
vn -0.3672 0.8865 -0.2818
vn -0.2818 0.3672 -0.8864
vn -0.8865 0.2817 -0.3672
vn 0.2817 -0.8865 0.3671
vn 0.8865 -0.3672 0.2817
vn 0.3671 -0.2817 0.8865
vn 0.3672 0.8865 0.2818
vn 0.2818 0.3672 0.8864
vn 0.8865 0.2817 0.3672
vn 0.3672 -0.8865 -0.2818
vn 0.2818 -0.3672 -0.8864
vn 0.8865 -0.2817 -0.3672
vn 0.2817 0.8865 -0.3671
vn 0.8865 0.3672 -0.2817
vn 0.3671 0.2817 -0.8865
vn -0.3827 -0.9239 -0.0000
vn -0.9239 -0.3827 -0.0000
vn -0.3827 -0.0000 0.9239
vn -0.9239 -0.0000 0.3827
vn -0.3827 0.9239 -0.0000
vn -0.9239 0.3827 -0.0000
vn -0.3827 -0.0000 -0.9239
vn -0.9239 -0.0000 -0.3827
vn -0.0000 -0.9239 -0.3827
vn -0.0000 -0.3827 -0.9239
vn -0.0000 0.9239 -0.3827
vn -0.0000 0.3827 -0.9239
vn 0.9239 -0.0000 -0.3827
vn 0.3827 -0.0000 -0.9239
vn 0.3827 -0.9239 -0.0000
vn 0.9239 -0.3827 -0.0000
vn 0.3827 0.9239 -0.0000
vn 0.9239 0.3827 -0.0000
vn 0.3827 -0.0000 0.9239
vn 0.9239 -0.0000 0.3827
vn -0.0000 -0.9239 0.3827
vn -0.0000 -0.3827 0.9239
vn -0.0000 0.9239 0.3827
vn -0.0000 0.3827 0.9239
vn -0.0000 -1.0000 -0.0000
vn -1.0000 -0.0000 -0.0000
vn -0.0000 -0.0000 1.0000
vn -0.0000 1.0000 -0.0000
vn -0.0000 -0.0000 -1.0000
vn 1.0000 -0.0000 -0.0000
vn -0.2817 -0.8865 0.3671
vn -0.3671 -0.2817 0.8865
vn -0.8865 -0.3672 0.2817
vn -0.2818 0.3672 0.8864
vn -0.3672 0.8865 0.2818
vn -0.8865 0.2817 0.3672
vn -0.3672 -0.8865 -0.2818
vn -0.8865 -0.2817 -0.3672
vn -0.2818 -0.3672 -0.8864
vn -0.2817 0.8865 -0.3671
vn -0.3671 0.2817 -0.8865
vn -0.8865 0.3672 -0.2817
vn 0.3672 -0.8865 0.2818
vn 0.8865 -0.2817 0.3672
vn 0.2818 -0.3672 0.8864
vn 0.2817 0.8865 0.3671
vn 0.3671 0.2817 0.8865
vn 0.8865 0.3672 0.2817
vn 0.2817 -0.8865 -0.3671
vn 0.3671 -0.2817 -0.8865
vn 0.8865 -0.3672 -0.2817
vn 0.3672 0.8865 -0.2818
vn 0.8865 0.2817 -0.3672
vn 0.2818 0.3672 -0.8864
s 0
usemtl Stone_Light
f 2961//3358 2965//3358 2967//3358
f 2962//3359 2965//3359 2964//3359
f 2963//3360 2965//3360 2966//3360
f 2968//3361 2972//3361 2974//3361
f 2969//3362 2972//3362 2971//3362
f 2970//3363 2972//3363 2973//3363
f 2975//3364 2979//3364 2981//3364
f 2976//3365 2979//3365 2978//3365
f 2977//3366 2979//3366 2980//3366
f 2982//3367 2986//3367 2988//3367
f 2983//3368 2986//3368 2985//3368
f 2984//3369 2986//3369 2987//3369
f 2989//3370 2993//3370 2995//3370
f 2990//3371 2993//3371 2992//3371
f 2991//3372 2993//3372 2994//3372
f 2996//3373 3000//3373 3002//3373
f 2997//3374 3000//3374 2999//3374
f 2998//3375 3000//3375 3001//3375
f 3003//3376 3007//3376 3009//3376
f 3004//3377 3007//3377 3006//3377
f 3005//3378 3007//3378 3008//3378
f 3010//3379 3014//3379 3016//3379
f 3011//3380 3014//3380 3013//3380
f 3012//3381 3014//3381 3015//3381
f 2961//3382 2978//3382 2975//3382
f 2967//3383 2976//3383 2978//3383
f 2968//3384 2966//3384 2962//3384
f 2974//3385 2963//3385 2966//3385
f 2982//3386 2973//3386 2969//3386
f 2988//3387 2970//3387 2973//3387
f 2977//3388 2987//3388 2983//3388
f 2980//3389 2984//3389 2987//3389
f 2975//3390 3006//3390 3003//3390
f 2981//3391 3004//3391 3006//3391
f 3010//3392 2985//3392 2982//3392
f 3016//3393 2983//3393 2985//3393
f 3005//3394 3015//3394 3011//3394
f 3008//3395 3012//3395 3015//3395
f 3003//3396 2992//3396 2989//3396
f 3009//3397 2990//3397 2992//3397
f 2996//3398 3013//3398 3010//3398
f 3002//3399 3011//3399 3013//3399
f 2991//3400 3001//3400 2997//3400
f 2994//3401 2998//3401 3001//3401
f 2989//3402 2964//3402 2961//3402
f 2995//3403 2962//3403 2964//3403
f 2969//3404 2999//3404 2996//3404
f 2971//3405 2997//3405 2999//3405
f 3003//3406 2961//3406 2975//3406
f 2970//3407 2976//3407 2963//3407
f 2997//3408 2962//3408 2991//3408
f 2982//3409 2996//3409 3010//3409
f 2983//3410 3004//3410 2977//3410
f 3011//3411 2990//3411 3005//3411
f 2961//3412 2964//3412 2965//3412
f 2962//3413 2966//3413 2965//3413
f 2963//3414 2967//3414 2965//3414
f 2968//3415 2971//3415 2972//3415
f 2969//3416 2973//3416 2972//3416
f 2970//3417 2974//3417 2972//3417
f 2975//3418 2978//3418 2979//3418
f 2976//3419 2980//3419 2979//3419
f 2977//3420 2981//3420 2979//3420
f 2982//3421 2985//3421 2986//3421
f 2983//3422 2987//3422 2986//3422
f 2984//3423 2988//3423 2986//3423
f 2989//3424 2992//3424 2993//3424
f 2990//3425 2994//3425 2993//3425
f 2991//3426 2995//3426 2993//3426
f 2996//3427 2999//3427 3000//3427
f 2997//3428 3001//3428 3000//3428
f 2998//3429 3002//3429 3000//3429
f 3003//3430 3006//3430 3007//3430
f 3004//3431 3008//3431 3007//3431
f 3005//3432 3009//3432 3007//3432
f 3010//3433 3013//3433 3014//3433
f 3011//3434 3015//3434 3014//3434
f 3012//3435 3016//3435 3014//3435
f 2961//3382 2967//3382 2978//3382
f 2967//3383 2963//3383 2976//3383
f 2968//3384 2974//3384 2966//3384
f 2974//3385 2970//3385 2963//3385
f 2982//3386 2988//3386 2973//3386
f 2988//3387 2984//3387 2970//3387
f 2977//3388 2980//3388 2987//3388
f 2980//3389 2976//3389 2984//3389
f 2975//3390 2981//3390 3006//3390
f 2981//3391 2977//3391 3004//3391
f 3010//3392 3016//3392 2985//3392
f 3016//3393 3012//3393 2983//3393
f 3005//3394 3008//3394 3015//3394
f 3008//3395 3004//3395 3012//3395
f 3003//3396 3009//3396 2992//3396
f 3009//3397 3005//3397 2990//3397
f 2996//3398 3002//3398 3013//3398
f 3002//3399 2998//3399 3011//3399
f 2991//3400 2994//3400 3001//3400
f 2994//3401 2990//3401 2998//3401
f 2989//3402 2995//3402 2964//3402
f 2995//3403 2991//3403 2962//3403
f 2969//3404 2971//3404 2999//3404
f 2971//3405 2968//3405 2997//3405
f 3003//3406 2989//3406 2961//3406
f 2970//3407 2984//3407 2976//3407
f 2997//3408 2968//3408 2962//3408
f 2982//3409 2969//3409 2996//3409
f 2983//3410 3012//3410 3004//3410
f 3011//3411 2998//3411 2990//3411
o TempleSteps_05
v -6.975000 0.000000 -30.081429
v -6.975000 0.025000 -30.056429
v -7.000000 0.025000 -30.081429
v -6.975000 0.007322 -30.063751
v -6.989434 0.010566 -30.066996
v -6.992678 0.025000 -30.063751
v -6.992678 0.007322 -30.081429
v -6.975000 0.695000 -30.056429
v -6.975000 0.720000 -30.081429
v -7.000000 0.695000 -30.081429
v -6.975000 0.712678 -30.063751
v -6.989434 0.709434 -30.066996
v -6.992678 0.712678 -30.081429
v -6.992678 0.695000 -30.063751
v -6.975000 0.000000 -30.775715
v -7.000000 0.025000 -30.775715
v -6.975000 0.025000 -30.800714
v -6.992678 0.007322 -30.775715
v -6.989434 0.010566 -30.790148
v -6.992678 0.025000 -30.793392
v -6.975000 0.007322 -30.793392
v -6.975000 0.720000 -30.775715
v -6.975000 0.695000 -30.800714
v -7.000000 0.695000 -30.775715
v -6.975000 0.712678 -30.793392
v -6.989434 0.709434 -30.790148
v -6.992678 0.695000 -30.793392
v -6.992678 0.712678 -30.775715
v 6.975000 0.000000 -30.081429
v 7.000000 0.025000 -30.081429
v 6.975000 0.025000 -30.056429
v 6.992678 0.007322 -30.081429
v 6.989434 0.010566 -30.066996
v 6.992678 0.025000 -30.063751
v 6.975000 0.007322 -30.063751
v 6.975000 0.720000 -30.081429
v 6.975000 0.695000 -30.056429
v 7.000000 0.695000 -30.081429
v 6.975000 0.712678 -30.063751
v 6.989434 0.709434 -30.066996
v 6.992678 0.695000 -30.063751
v 6.992678 0.712678 -30.081429
v 6.975000 0.000000 -30.775715
v 6.975000 0.025000 -30.800714
v 7.000000 0.025000 -30.775715
v 6.975000 0.007322 -30.793392
v 6.989434 0.010566 -30.790148
v 6.992678 0.025000 -30.793392
v 6.992678 0.007322 -30.775715
v 6.975000 0.720000 -30.775715
v 7.000000 0.695000 -30.775715
v 6.975000 0.695000 -30.800714
v 6.992678 0.712678 -30.775715
v 6.989434 0.709434 -30.790148
v 6.992678 0.695000 -30.793392
v 6.975000 0.712678 -30.793392
vn -0.3672 -0.8864 0.2818
vn -0.2818 -0.3672 0.8864
vn -0.8865 -0.2817 0.3672
vn -0.3671 0.2817 0.8865
vn -0.2818 0.8865 0.3671
vn -0.8865 0.3672 0.2817
vn -0.2818 -0.8865 -0.3671
vn -0.8865 -0.3672 -0.2817
vn -0.3671 -0.2817 -0.8865
vn -0.3672 0.8864 -0.2818
vn -0.2818 0.3672 -0.8864
vn -0.8865 0.2817 -0.3672
vn 0.2818 -0.8865 0.3671
vn 0.8865 -0.3672 0.2817
vn 0.3671 -0.2817 0.8865
vn 0.3672 0.8864 0.2818
vn 0.2818 0.3672 0.8864
vn 0.8865 0.2817 0.3672
vn 0.3672 -0.8864 -0.2818
vn 0.2818 -0.3672 -0.8864
vn 0.8865 -0.2817 -0.3672
vn 0.2818 0.8865 -0.3671
vn 0.8865 0.3672 -0.2817
vn 0.3671 0.2817 -0.8865
vn -0.3827 -0.9239 -0.0000
vn -0.9239 -0.3827 -0.0000
vn -0.3827 -0.0000 0.9239
vn -0.9239 -0.0000 0.3827
vn -0.3827 0.9239 -0.0000
vn -0.9239 0.3827 -0.0000
vn -0.3827 -0.0000 -0.9239
vn -0.9239 -0.0000 -0.3827
vn -0.0000 -0.9239 -0.3827
vn -0.0000 -0.3827 -0.9239
vn -0.0000 0.9239 -0.3827
vn -0.0000 0.3827 -0.9239
vn 0.9239 -0.0000 -0.3826
vn 0.3827 -0.0000 -0.9239
vn 0.3827 -0.9239 -0.0000
vn 0.9239 -0.3827 -0.0000
vn 0.3827 0.9239 -0.0000
vn 0.9239 0.3827 -0.0000
vn 0.3827 -0.0000 0.9239
vn 0.9239 -0.0000 0.3827
vn -0.0000 -0.9239 0.3827
vn -0.0000 -0.3827 0.9239
vn -0.0000 0.9239 0.3827
vn -0.0000 0.3827 0.9239
vn -0.0000 -1.0000 -0.0000
vn -1.0000 -0.0000 -0.0000
vn -0.0000 -0.0000 1.0000
vn -0.0000 1.0000 -0.0000
vn -0.0000 -0.0000 -1.0000
vn 1.0000 -0.0000 -0.0000
vn -0.2818 -0.8865 0.3671
vn -0.3671 -0.2817 0.8865
vn -0.8865 -0.3672 0.2817
vn -0.2818 0.3672 0.8864
vn -0.3672 0.8864 0.2818
vn -0.8865 0.2817 0.3672
vn -0.3672 -0.8864 -0.2818
vn -0.8865 -0.2817 -0.3672
vn -0.2818 -0.3672 -0.8864
vn -0.2818 0.8865 -0.3671
vn -0.3671 0.2817 -0.8865
vn -0.8865 0.3672 -0.2817
vn 0.3672 -0.8864 0.2818
vn 0.8865 -0.2817 0.3672
vn 0.2818 -0.3672 0.8864
vn 0.2818 0.8865 0.3671
vn 0.3671 0.2817 0.8865
vn 0.8865 0.3672 0.2817
vn 0.2818 -0.8865 -0.3671
vn 0.3671 -0.2817 -0.8865
vn 0.8865 -0.3672 -0.2817
vn 0.3672 0.8864 -0.2818
vn 0.8865 0.2817 -0.3672
vn 0.2818 0.3672 -0.8864
vn -0.9239 -0.0000 0.3826
vn -0.9239 -0.0000 -0.3826
vn 0.9239 -0.0000 -0.3827
vn 0.9239 -0.0000 0.3826
s 0
usemtl Stone_Light
f 3017//3436 3021//3436 3023//3436
f 3018//3437 3021//3437 3020//3437
f 3019//3438 3021//3438 3022//3438
f 3024//3439 3028//3439 3030//3439
f 3025//3440 3028//3440 3027//3440
f 3026//3441 3028//3441 3029//3441
f 3031//3442 3035//3442 3037//3442
f 3032//3443 3035//3443 3034//3443
f 3033//3444 3035//3444 3036//3444
f 3038//3445 3042//3445 3044//3445
f 3039//3446 3042//3446 3041//3446
f 3040//3447 3042//3447 3043//3447
f 3045//3448 3049//3448 3051//3448
f 3046//3449 3049//3449 3048//3449
f 3047//3450 3049//3450 3050//3450
f 3052//3451 3056//3451 3058//3451
f 3053//3452 3056//3452 3055//3452
f 3054//3453 3056//3453 3057//3453
f 3059//3454 3063//3454 3065//3454
f 3060//3455 3063//3455 3062//3455
f 3061//3456 3063//3456 3064//3456
f 3066//3457 3070//3457 3072//3457
f 3067//3458 3070//3458 3069//3458
f 3068//3459 3070//3459 3071//3459
f 3017//3460 3034//3460 3031//3460
f 3023//3461 3032//3461 3034//3461
f 3024//3462 3022//3462 3018//3462
f 3030//3463 3019//3463 3022//3463
f 3038//3464 3029//3464 3025//3464
f 3044//3465 3026//3465 3029//3465
f 3033//3466 3043//3466 3039//3466
f 3036//3467 3040//3467 3043//3467
f 3031//3468 3062//3468 3059//3468
f 3037//3469 3060//3469 3062//3469
f 3066//3470 3041//3470 3038//3470
f 3072//3471 3039//3471 3041//3471
f 3061//3472 3071//3472 3067//3472
f 3064//3473 3068//3473 3071//3473
f 3059//3474 3048//3474 3045//3474
f 3065//3475 3046//3475 3048//3475
f 3052//3476 3069//3476 3066//3476
f 3058//3477 3067//3477 3069//3477
f 3047//3478 3057//3478 3053//3478
f 3050//3479 3054//3479 3057//3479
f 3045//3480 3020//3480 3017//3480
f 3051//3481 3018//3481 3020//3481
f 3025//3482 3055//3482 3052//3482
f 3027//3483 3053//3483 3055//3483
f 3059//3484 3017//3484 3031//3484
f 3026//3485 3032//3485 3019//3485
f 3053//3486 3018//3486 3047//3486
f 3038//3487 3052//3487 3066//3487
f 3039//3488 3060//3488 3033//3488
f 3067//3489 3046//3489 3061//3489
f 3017//3490 3020//3490 3021//3490
f 3018//3491 3022//3491 3021//3491
f 3019//3492 3023//3492 3021//3492
f 3024//3493 3027//3493 3028//3493
f 3025//3494 3029//3494 3028//3494
f 3026//3495 3030//3495 3028//3495
f 3031//3496 3034//3496 3035//3496
f 3032//3497 3036//3497 3035//3497
f 3033//3498 3037//3498 3035//3498
f 3038//3499 3041//3499 3042//3499
f 3039//3500 3043//3500 3042//3500
f 3040//3501 3044//3501 3042//3501
f 3045//3502 3048//3502 3049//3502
f 3046//3503 3050//3503 3049//3503
f 3047//3504 3051//3504 3049//3504
f 3052//3505 3055//3505 3056//3505
f 3053//3506 3057//3506 3056//3506
f 3054//3507 3058//3507 3056//3507
f 3059//3508 3062//3508 3063//3508
f 3060//3509 3064//3509 3063//3509
f 3061//3510 3065//3510 3063//3510
f 3066//3511 3069//3511 3070//3511
f 3067//3512 3071//3512 3070//3512
f 3068//3513 3072//3513 3070//3513
f 3017//3460 3023//3460 3034//3460
f 3023//3461 3019//3461 3032//3461
f 3024//3462 3030//3462 3022//3462
f 3030//3514 3026//3514 3019//3514
f 3038//3464 3044//3464 3029//3464
f 3044//3465 3040//3465 3026//3465
f 3033//3466 3036//3466 3043//3466
f 3036//3515 3032//3515 3040//3515
f 3031//3468 3037//3468 3062//3468
f 3037//3469 3033//3469 3060//3469
f 3066//3470 3072//3470 3041//3470
f 3072//3471 3068//3471 3039//3471
f 3061//3516 3064//3516 3071//3516
f 3064//3473 3060//3473 3068//3473
f 3059//3474 3065//3474 3048//3474
f 3065//3475 3061//3475 3046//3475
f 3052//3476 3058//3476 3069//3476
f 3058//3477 3054//3477 3067//3477
f 3047//3478 3050//3478 3057//3478
f 3050//3517 3046//3517 3054//3517
f 3045//3480 3051//3480 3020//3480
f 3051//3481 3047//3481 3018//3481
f 3025//3482 3027//3482 3055//3482
f 3027//3483 3024//3483 3053//3483
f 3059//3484 3045//3484 3017//3484
f 3026//3485 3040//3485 3032//3485
f 3053//3486 3024//3486 3018//3486
f 3038//3487 3025//3487 3052//3487
f 3039//3488 3068//3488 3060//3488
f 3067//3489 3054//3489 3046//3489
o TempleSteps_06
v -6.975000 0.000000 -30.795713
v -6.975000 0.025000 -30.770714
v -7.000000 0.025000 -30.795713
v -6.975000 0.007322 -30.778036
v -6.989434 0.010566 -30.781281
v -6.992678 0.025000 -30.778036
v -6.992678 0.007322 -30.795713
v -6.975000 0.815000 -30.770714
v -6.975000 0.840000 -30.795713
v -7.000000 0.815000 -30.795713
v -6.975000 0.832678 -30.778036
v -6.989434 0.829434 -30.781281
v -6.992678 0.832678 -30.795713
v -6.992678 0.815000 -30.778036
v -6.975000 0.000000 -31.490000
v -7.000000 0.025000 -31.490000
v -6.975000 0.025000 -31.514999
v -6.992678 0.007322 -31.490000
v -6.989434 0.010566 -31.504433
v -6.992678 0.025000 -31.507677
v -6.975000 0.007322 -31.507677
v -6.975000 0.840000 -31.490000
v -6.975000 0.815000 -31.514999
v -7.000000 0.815000 -31.490000
v -6.975000 0.832678 -31.507677
v -6.989434 0.829434 -31.504433
v -6.992678 0.815000 -31.507677
v -6.992678 0.832678 -31.490000
v 6.975000 0.000000 -30.795713
v 7.000000 0.025000 -30.795713
v 6.975000 0.025000 -30.770714
v 6.992678 0.007322 -30.795713
v 6.989434 0.010566 -30.781281
v 6.992678 0.025000 -30.778036
v 6.975000 0.007322 -30.778036
v 6.975000 0.840000 -30.795713
v 6.975000 0.815000 -30.770714
v 7.000000 0.815000 -30.795713
v 6.975000 0.832678 -30.778036
v 6.989434 0.829434 -30.781281
v 6.992678 0.815000 -30.778036
v 6.992678 0.832678 -30.795713
v 6.975000 0.000000 -31.490000
v 6.975000 0.025000 -31.514999
v 7.000000 0.025000 -31.490000
v 6.975000 0.007322 -31.507677
v 6.989434 0.010566 -31.504433
v 6.992678 0.025000 -31.507677
v 6.992678 0.007322 -31.490000
v 6.975000 0.840000 -31.490000
v 7.000000 0.815000 -31.490000
v 6.975000 0.815000 -31.514999
v 6.992678 0.832678 -31.490000
v 6.989434 0.829434 -31.504433
v 6.992678 0.815000 -31.507677
v 6.975000 0.832678 -31.507677
vn -0.3672 -0.8864 0.2818
vn -0.2818 -0.3672 0.8864
vn -0.8865 -0.2817 0.3672
vn -0.3671 0.2817 0.8865
vn -0.2817 0.8865 0.3671
vn -0.8865 0.3672 0.2817
vn -0.2817 -0.8865 -0.3671
vn -0.8865 -0.3672 -0.2817
vn -0.3671 -0.2817 -0.8865
vn -0.3672 0.8864 -0.2818
vn -0.2818 0.3672 -0.8864
vn -0.8865 0.2817 -0.3672
vn 0.2817 -0.8865 0.3671
vn 0.8865 -0.3672 0.2817
vn 0.3671 -0.2817 0.8865
vn 0.3672 0.8864 0.2818
vn 0.2818 0.3672 0.8864
vn 0.8865 0.2817 0.3672
vn 0.3672 -0.8864 -0.2818
vn 0.2818 -0.3672 -0.8864
vn 0.8865 -0.2817 -0.3672
vn 0.2817 0.8865 -0.3671
vn 0.8865 0.3672 -0.2817
vn 0.3671 0.2817 -0.8865
vn -0.3827 -0.9239 -0.0000
vn -0.9239 -0.3827 -0.0000
vn -0.3827 -0.0000 0.9239
vn -0.9239 -0.0000 0.3826
vn -0.3827 0.9239 -0.0000
vn -0.9239 0.3827 -0.0000
vn -0.3827 -0.0000 -0.9239
vn -0.9239 -0.0000 -0.3826
vn -0.0000 -0.9239 -0.3827
vn -0.0000 -0.3827 -0.9239
vn -0.0000 0.9239 -0.3827
vn -0.0000 0.3827 -0.9239
vn 0.9239 -0.0000 -0.3827
vn 0.3827 -0.0000 -0.9239
vn 0.3827 -0.9239 -0.0000
vn 0.9239 -0.3827 -0.0000
vn 0.3827 0.9239 -0.0000
vn 0.9239 0.3827 -0.0000
vn 0.3827 -0.0000 0.9239
vn 0.9239 -0.0000 0.3826
vn -0.0000 -0.9239 0.3827
vn -0.0000 -0.3827 0.9239
vn -0.0000 0.9239 0.3827
vn -0.0000 0.3827 0.9239
vn -0.0000 -1.0000 -0.0000
vn -1.0000 -0.0000 -0.0000
vn -0.0000 -0.0000 1.0000
vn -0.0000 1.0000 -0.0000
vn -0.0000 -0.0000 -1.0000
vn 1.0000 -0.0000 -0.0000
vn -0.2817 -0.8865 0.3671
vn -0.3671 -0.2817 0.8865
vn -0.8865 -0.3672 0.2817
vn -0.2818 0.3672 0.8864
vn -0.3672 0.8864 0.2818
vn -0.8865 0.2817 0.3672
vn -0.3672 -0.8864 -0.2818
vn -0.8865 -0.2817 -0.3672
vn -0.2818 -0.3672 -0.8864
vn -0.2817 0.8865 -0.3671
vn -0.3671 0.2817 -0.8865
vn -0.8865 0.3672 -0.2817
vn 0.3672 -0.8864 0.2818
vn 0.8865 -0.2817 0.3672
vn 0.2818 -0.3672 0.8864
vn 0.2817 0.8865 0.3671
vn 0.3671 0.2817 0.8865
vn 0.8865 0.3672 0.2817
vn 0.2817 -0.8865 -0.3671
vn 0.3671 -0.2817 -0.8865
vn 0.8865 -0.3672 -0.2817
vn 0.3672 0.8864 -0.2818
vn 0.8865 0.2817 -0.3672
vn 0.2818 0.3672 -0.8864
vn -0.9239 -0.0000 0.3827
vn -0.9239 -0.0000 -0.3827
vn 0.9239 -0.0000 -0.3826
vn 0.9239 -0.0000 0.3827
s 0
usemtl Stone_Light
f 3073//3518 3077//3518 3079//3518
f 3074//3519 3077//3519 3076//3519
f 3075//3520 3077//3520 3078//3520
f 3080//3521 3084//3521 3086//3521
f 3081//3522 3084//3522 3083//3522
f 3082//3523 3084//3523 3085//3523
f 3087//3524 3091//3524 3093//3524
f 3088//3525 3091//3525 3090//3525
f 3089//3526 3091//3526 3092//3526
f 3094//3527 3098//3527 3100//3527
f 3095//3528 3098//3528 3097//3528
f 3096//3529 3098//3529 3099//3529
f 3101//3530 3105//3530 3107//3530
f 3102//3531 3105//3531 3104//3531
f 3103//3532 3105//3532 3106//3532
f 3108//3533 3112//3533 3114//3533
f 3109//3534 3112//3534 3111//3534
f 3110//3535 3112//3535 3113//3535
f 3115//3536 3119//3536 3121//3536
f 3116//3537 3119//3537 3118//3537
f 3117//3538 3119//3538 3120//3538
f 3122//3539 3126//3539 3128//3539
f 3123//3540 3126//3540 3125//3540
f 3124//3541 3126//3541 3127//3541
f 3073//3542 3090//3542 3087//3542
f 3079//3543 3088//3543 3090//3543
f 3080//3544 3078//3544 3074//3544
f 3086//3545 3075//3545 3078//3545
f 3094//3546 3085//3546 3081//3546
f 3100//3547 3082//3547 3085//3547
f 3089//3548 3099//3548 3095//3548
f 3092//3549 3096//3549 3099//3549
f 3087//3550 3118//3550 3115//3550
f 3093//3551 3116//3551 3118//3551
f 3122//3552 3097//3552 3094//3552
f 3128//3553 3095//3553 3097//3553
f 3117//3554 3127//3554 3123//3554
f 3120//3555 3124//3555 3127//3555
f 3115//3556 3104//3556 3101//3556
f 3121//3557 3102//3557 3104//3557
f 3108//3558 3125//3558 3122//3558
f 3114//3559 3123//3559 3125//3559
f 3103//3560 3113//3560 3109//3560
f 3106//3561 3110//3561 3113//3561
f 3101//3562 3076//3562 3073//3562
f 3107//3563 3074//3563 3076//3563
f 3081//3564 3111//3564 3108//3564
f 3083//3565 3109//3565 3111//3565
f 3115//3566 3073//3566 3087//3566
f 3082//3567 3088//3567 3075//3567
f 3109//3568 3074//3568 3103//3568
f 3094//3569 3108//3569 3122//3569
f 3095//3570 3116//3570 3089//3570
f 3123//3571 3102//3571 3117//3571
f 3073//3572 3076//3572 3077//3572
f 3074//3573 3078//3573 3077//3573
f 3075//3574 3079//3574 3077//3574
f 3080//3575 3083//3575 3084//3575
f 3081//3576 3085//3576 3084//3576
f 3082//3577 3086//3577 3084//3577
f 3087//3578 3090//3578 3091//3578
f 3088//3579 3092//3579 3091//3579
f 3089//3580 3093//3580 3091//3580
f 3094//3581 3097//3581 3098//3581
f 3095//3582 3099//3582 3098//3582
f 3096//3583 3100//3583 3098//3583
f 3101//3584 3104//3584 3105//3584
f 3102//3585 3106//3585 3105//3585
f 3103//3586 3107//3586 3105//3586
f 3108//3587 3111//3587 3112//3587
f 3109//3588 3113//3588 3112//3588
f 3110//3589 3114//3589 3112//3589
f 3115//3590 3118//3590 3119//3590
f 3116//3591 3120//3591 3119//3591
f 3117//3592 3121//3592 3119//3592
f 3122//3593 3125//3593 3126//3593
f 3123//3594 3127//3594 3126//3594
f 3124//3595 3128//3595 3126//3595
f 3073//3542 3079//3542 3090//3542
f 3079//3543 3075//3543 3088//3543
f 3080//3544 3086//3544 3078//3544
f 3086//3596 3082//3596 3075//3596
f 3094//3546 3100//3546 3085//3546
f 3100//3547 3096//3547 3082//3547
f 3089//3548 3092//3548 3099//3548
f 3092//3597 3088//3597 3096//3597
f 3087//3550 3093//3550 3118//3550
f 3093//3551 3089//3551 3116//3551
f 3122//3552 3128//3552 3097//3552
f 3128//3553 3124//3553 3095//3553
f 3117//3598 3120//3598 3127//3598
f 3120//3555 3116//3555 3124//3555
f 3115//3556 3121//3556 3104//3556
f 3121//3557 3117//3557 3102//3557
f 3108//3558 3114//3558 3125//3558
f 3114//3559 3110//3559 3123//3559
f 3103//3560 3106//3560 3113//3560
f 3106//3599 3102//3599 3110//3599
f 3101//3562 3107//3562 3076//3562
f 3107//3563 3103//3563 3074//3563
f 3081//3564 3083//3564 3111//3564
f 3083//3565 3080//3565 3109//3565
f 3115//3566 3101//3566 3073//3566
f 3082//3567 3096//3567 3088//3567
f 3109//3568 3080//3568 3074//3568
f 3094//3569 3081//3569 3108//3569
f 3095//3570 3124//3570 3116//3570
f 3123//3571 3110//3571 3102//3571
o WestPavilion_base
v -46.980000 0.000000 6.880000
v -46.980000 0.120000 7.000000
v -47.099998 0.120000 6.880000
v -46.980000 0.035147 6.964853
v -47.049282 0.050718 6.949282
v -47.064854 0.120000 6.964853
v -47.064854 0.035147 6.880000
v -46.980000 0.380000 7.000000
v -46.980000 0.500000 6.880000
v -47.099998 0.380000 6.880000
v -46.980000 0.464853 6.964853
v -47.049282 0.449282 6.949282
v -47.064854 0.464853 6.880000
v -47.064854 0.380000 6.964853
v -46.980000 0.000000 -2.880000
v -47.099998 0.120000 -2.880000
v -46.980000 0.120000 -3.000000
v -47.064854 0.035147 -2.880000
v -47.049282 0.050718 -2.949282
v -47.064854 0.120000 -2.964853
v -46.980000 0.035147 -2.964853
v -46.980000 0.500000 -2.880000
v -46.980000 0.380000 -3.000000
v -47.099998 0.380000 -2.880000
v -46.980000 0.464853 -2.964853
v -47.049282 0.449282 -2.949282
v -47.064854 0.380000 -2.964853
v -47.064854 0.464853 -2.880000
v -39.020000 0.000000 6.880000
v -38.900002 0.120000 6.880000
v -39.020000 0.120000 7.000000
v -38.935146 0.035147 6.880000
v -38.950718 0.050718 6.949282
v -38.935146 0.120000 6.964853
v -39.020000 0.035147 6.964853
v -39.020000 0.500000 6.880000
v -39.020000 0.380000 7.000000
v -38.900002 0.380000 6.880000
v -39.020000 0.464853 6.964853
v -38.950718 0.449282 6.949282
v -38.935146 0.380000 6.964853
v -38.935146 0.464853 6.880000
v -39.020000 0.000000 -2.880000
v -39.020000 0.120000 -3.000000
v -38.900002 0.120000 -2.880000
v -39.020000 0.035147 -2.964853
v -38.950718 0.050718 -2.949282
v -38.935146 0.120000 -2.964853
v -38.935146 0.035147 -2.880000
v -39.020000 0.500000 -2.880000
v -38.900002 0.380000 -2.880000
v -39.020000 0.380000 -3.000000
v -38.935146 0.464853 -2.880000
v -38.950718 0.449282 -2.949282
v -38.935146 0.380000 -2.964853
v -39.020000 0.464853 -2.964853
vn -0.3672 -0.8865 0.2817
vn -0.2817 -0.3672 0.8865
vn -0.8865 -0.2817 0.3672
vn -0.3672 0.2818 0.8864
vn -0.2817 0.8865 0.3672
vn -0.8865 0.3672 0.2817
vn -0.2817 -0.8865 -0.3672
vn -0.8865 -0.3672 -0.2817
vn -0.3672 -0.2818 -0.8864
vn -0.3672 0.8865 -0.2817
vn -0.2817 0.3672 -0.8865
vn -0.8865 0.2817 -0.3672
vn 0.2817 -0.8865 0.3672
vn 0.8865 -0.3672 0.2817
vn 0.3672 -0.2818 0.8864
vn 0.3672 0.8865 0.2817
vn 0.2817 0.3672 0.8865
vn 0.8865 0.2817 0.3672
vn 0.3672 -0.8865 -0.2817
vn 0.2817 -0.3672 -0.8865
vn 0.8865 -0.2817 -0.3672
vn 0.2817 0.8865 -0.3672
vn 0.8865 0.3672 -0.2817
vn 0.3672 0.2818 -0.8864
vn -0.3827 -0.9239 -0.0000
vn -0.9239 -0.3827 -0.0000
vn -0.3827 -0.0000 0.9239
vn -0.9239 -0.0000 0.3827
vn -0.3827 0.9239 -0.0000
vn -0.9239 0.3827 -0.0000
vn -0.3827 -0.0000 -0.9239
vn -0.9239 -0.0000 -0.3827
vn -0.0000 -0.9239 -0.3827
vn -0.0000 -0.3827 -0.9239
vn -0.0000 0.9239 -0.3827
vn -0.0000 0.3827 -0.9239
vn 0.9239 -0.0000 -0.3827
vn 0.3827 -0.0000 -0.9239
vn 0.3827 -0.9239 -0.0000
vn 0.9239 -0.3827 -0.0000
vn 0.3827 0.9239 -0.0000
vn 0.9239 0.3827 -0.0000
vn 0.3827 -0.0000 0.9239
vn 0.9239 -0.0000 0.3827
vn -0.0000 -0.9239 0.3827
vn -0.0000 -0.3827 0.9239
vn -0.0000 0.9239 0.3827
vn -0.0000 0.3827 0.9239
vn -0.0000 -1.0000 -0.0000
vn -1.0000 -0.0000 -0.0000
vn -0.0000 -0.0000 1.0000
vn -0.0000 1.0000 -0.0000
vn -0.0000 -0.0000 -1.0000
vn 1.0000 -0.0000 -0.0000
vn -0.2817 -0.8865 0.3672
vn -0.3672 -0.2818 0.8864
vn -0.8865 -0.3672 0.2817
vn -0.2817 0.3672 0.8865
vn -0.3672 0.8865 0.2817
vn -0.8865 0.2817 0.3672
vn -0.3672 -0.8865 -0.2817
vn -0.8865 -0.2817 -0.3672
vn -0.2817 -0.3672 -0.8865
vn -0.2817 0.8865 -0.3672
vn -0.3672 0.2818 -0.8864
vn -0.8865 0.3672 -0.2817
vn 0.3672 -0.8865 0.2817
vn 0.8865 -0.2817 0.3672
vn 0.2817 -0.3672 0.8865
vn 0.2817 0.8865 0.3672
vn 0.3672 0.2818 0.8864
vn 0.8865 0.3672 0.2817
vn 0.2817 -0.8865 -0.3672
vn 0.3672 -0.2818 -0.8864
vn 0.8865 -0.3672 -0.2817
vn 0.3672 0.8865 -0.2817
vn 0.8865 0.2817 -0.3672
vn 0.2817 0.3672 -0.8865
s 0
usemtl Stone_Warm
f 3129//3600 3133//3600 3135//3600
f 3130//3601 3133//3601 3132//3601
f 3131//3602 3133//3602 3134//3602
f 3136//3603 3140//3603 3142//3603
f 3137//3604 3140//3604 3139//3604
f 3138//3605 3140//3605 3141//3605
f 3143//3606 3147//3606 3149//3606
f 3144//3607 3147//3607 3146//3607
f 3145//3608 3147//3608 3148//3608
f 3150//3609 3154//3609 3156//3609
f 3151//3610 3154//3610 3153//3610
f 3152//3611 3154//3611 3155//3611
f 3157//3612 3161//3612 3163//3612
f 3158//3613 3161//3613 3160//3613
f 3159//3614 3161//3614 3162//3614
f 3164//3615 3168//3615 3170//3615
f 3165//3616 3168//3616 3167//3616
f 3166//3617 3168//3617 3169//3617
f 3171//3618 3175//3618 3177//3618
f 3172//3619 3175//3619 3174//3619
f 3173//3620 3175//3620 3176//3620
f 3178//3621 3182//3621 3184//3621
f 3179//3622 3182//3622 3181//3622
f 3180//3623 3182//3623 3183//3623
f 3129//3624 3146//3624 3143//3624
f 3135//3625 3144//3625 3146//3625
f 3136//3626 3134//3626 3130//3626
f 3142//3627 3131//3627 3134//3627
f 3150//3628 3141//3628 3137//3628
f 3156//3629 3138//3629 3141//3629
f 3145//3630 3155//3630 3151//3630
f 3148//3631 3152//3631 3155//3631
f 3143//3632 3174//3632 3171//3632
f 3149//3633 3172//3633 3174//3633
f 3178//3634 3153//3634 3150//3634
f 3184//3635 3151//3635 3153//3635
f 3173//3636 3183//3636 3179//3636
f 3176//3637 3180//3637 3183//3637
f 3171//3638 3160//3638 3157//3638
f 3177//3639 3158//3639 3160//3639
f 3164//3640 3181//3640 3178//3640
f 3170//3641 3179//3641 3181//3641
f 3159//3642 3169//3642 3165//3642
f 3162//3643 3166//3643 3169//3643
f 3157//3644 3132//3644 3129//3644
f 3163//3645 3130//3645 3132//3645
f 3137//3646 3167//3646 3164//3646
f 3139//3647 3165//3647 3167//3647
f 3171//3648 3129//3648 3143//3648
f 3138//3649 3144//3649 3131//3649
f 3165//3650 3130//3650 3159//3650
f 3150//3651 3164//3651 3178//3651
f 3151//3652 3172//3652 3145//3652
f 3179//3653 3158//3653 3173//3653
f 3129//3654 3132//3654 3133//3654
f 3130//3655 3134//3655 3133//3655
f 3131//3656 3135//3656 3133//3656
f 3136//3657 3139//3657 3140//3657
f 3137//3658 3141//3658 3140//3658
f 3138//3659 3142//3659 3140//3659
f 3143//3660 3146//3660 3147//3660
f 3144//3661 3148//3661 3147//3661
f 3145//3662 3149//3662 3147//3662
f 3150//3663 3153//3663 3154//3663
f 3151//3664 3155//3664 3154//3664
f 3152//3665 3156//3665 3154//3665
f 3157//3666 3160//3666 3161//3666
f 3158//3667 3162//3667 3161//3667
f 3159//3668 3163//3668 3161//3668
f 3164//3669 3167//3669 3168//3669
f 3165//3670 3169//3670 3168//3670
f 3166//3671 3170//3671 3168//3671
f 3171//3672 3174//3672 3175//3672
f 3172//3673 3176//3673 3175//3673
f 3173//3674 3177//3674 3175//3674
f 3178//3675 3181//3675 3182//3675
f 3179//3676 3183//3676 3182//3676
f 3180//3677 3184//3677 3182//3677
f 3129//3624 3135//3624 3146//3624
f 3135//3625 3131//3625 3144//3625
f 3136//3626 3142//3626 3134//3626
f 3142//3627 3138//3627 3131//3627
f 3150//3628 3156//3628 3141//3628
f 3156//3629 3152//3629 3138//3629
f 3145//3630 3148//3630 3155//3630
f 3148//3631 3144//3631 3152//3631
f 3143//3632 3149//3632 3174//3632
f 3149//3633 3145//3633 3172//3633
f 3178//3634 3184//3634 3153//3634
f 3184//3635 3180//3635 3151//3635
f 3173//3636 3176//3636 3183//3636
f 3176//3637 3172//3637 3180//3637
f 3171//3638 3177//3638 3160//3638
f 3177//3639 3173//3639 3158//3639
f 3164//3640 3170//3640 3181//3640
f 3170//3641 3166//3641 3179//3641
f 3159//3642 3162//3642 3169//3642
f 3162//3643 3158//3643 3166//3643
f 3157//3644 3163//3644 3132//3644
f 3163//3645 3159//3645 3130//3645
f 3137//3646 3139//3646 3167//3646
f 3139//3647 3136//3647 3165//3647
f 3171//3648 3157//3648 3129//3648
f 3138//3649 3152//3649 3144//3649
f 3165//3650 3136//3650 3130//3650
f 3150//3651 3137//3651 3164//3651
f 3151//3652 3180//3652 3172//3652
f 3179//3653 3166//3653 3158//3653
o WestPavilion_rail_-4.0
v -46.209999 0.650000 -1.960000
v -46.209999 0.690000 -1.920000
v -46.250000 0.690000 -1.960000
v -46.209999 0.661716 -1.931716
v -46.233093 0.666906 -1.936906
v -46.238285 0.690000 -1.931716
v -46.238285 0.661716 -1.960000
v -46.209999 1.410000 -1.920000
v -46.209999 1.450000 -1.960000
v -46.250000 1.410000 -1.960000
v -46.209999 1.438284 -1.931716
v -46.233093 1.433094 -1.936906
v -46.238285 1.438284 -1.960000
v -46.238285 1.410000 -1.931716
v -46.209999 0.650000 -2.040000
v -46.250000 0.690000 -2.040000
v -46.209999 0.690000 -2.080000
v -46.238285 0.661716 -2.040000
v -46.233093 0.666906 -2.063094
v -46.238285 0.690000 -2.068284
v -46.209999 0.661716 -2.068284
v -46.209999 1.450000 -2.040000
v -46.209999 1.410000 -2.080000
v -46.250000 1.410000 -2.040000
v -46.209999 1.438284 -2.068284
v -46.233093 1.433094 -2.063094
v -46.238285 1.410000 -2.068284
v -46.238285 1.438284 -2.040000
v -39.790001 0.650000 -1.960000
v -39.750000 0.690000 -1.960000
v -39.790001 0.690000 -1.920000
v -39.761715 0.661716 -1.960000
v -39.766907 0.666906 -1.936906
v -39.761715 0.690000 -1.931716
v -39.790001 0.661716 -1.931716
v -39.790001 1.450000 -1.960000
v -39.790001 1.410000 -1.920000
v -39.750000 1.410000 -1.960000
v -39.790001 1.438284 -1.931716
v -39.766907 1.433094 -1.936906
v -39.761715 1.410000 -1.931716
v -39.761715 1.438284 -1.960000
v -39.790001 0.650000 -2.040000
v -39.790001 0.690000 -2.080000
v -39.750000 0.690000 -2.040000
v -39.790001 0.661716 -2.068284
v -39.766907 0.666906 -2.063094
v -39.761715 0.690000 -2.068284
v -39.761715 0.661716 -2.040000
v -39.790001 1.450000 -2.040000
v -39.750000 1.410000 -2.040000
v -39.790001 1.410000 -2.080000
v -39.761715 1.438284 -2.040000
v -39.766907 1.433094 -2.063094
v -39.761715 1.410000 -2.068284
v -39.790001 1.438284 -2.068284
vn -0.3672 -0.8865 0.2817
vn -0.2817 -0.3672 0.8865
vn -0.8865 -0.2818 0.3672
vn -0.3672 0.2818 0.8864
vn -0.2817 0.8864 0.3672
vn -0.8865 0.3672 0.2817
vn -0.2817 -0.8864 -0.3672
vn -0.8865 -0.3672 -0.2817
vn -0.3672 -0.2818 -0.8864
vn -0.3672 0.8865 -0.2817
vn -0.2817 0.3672 -0.8865
vn -0.8865 0.2818 -0.3672
vn 0.2817 -0.8864 0.3672
vn 0.8865 -0.3672 0.2817
vn 0.3672 -0.2818 0.8864
vn 0.3672 0.8865 0.2817
vn 0.2817 0.3672 0.8865
vn 0.8865 0.2818 0.3672
vn 0.3672 -0.8865 -0.2817
vn 0.2817 -0.3672 -0.8865
vn 0.8865 -0.2818 -0.3672
vn 0.2817 0.8864 -0.3672
vn 0.8865 0.3672 -0.2817
vn 0.3672 0.2818 -0.8864
vn -0.3827 -0.9239 -0.0000
vn -0.9239 -0.3827 -0.0000
vn -0.3827 -0.0000 0.9239
vn -0.9239 -0.0000 0.3827
vn -0.3827 0.9239 -0.0000
vn -0.9239 0.3827 -0.0000
vn -0.3827 -0.0000 -0.9239
vn -0.9239 -0.0000 -0.3827
vn -0.0000 -0.9239 -0.3827
vn -0.0000 -0.3827 -0.9239
vn -0.0000 0.9239 -0.3827
vn -0.0000 0.3827 -0.9239
vn 0.9239 -0.0000 -0.3827
vn 0.3827 -0.0000 -0.9239
vn 0.3827 -0.9239 -0.0000
vn 0.9239 -0.3827 -0.0000
vn 0.3827 0.9239 -0.0000
vn 0.9239 0.3827 -0.0000
vn 0.3827 -0.0000 0.9239
vn 0.9239 -0.0000 0.3827
vn -0.0000 -0.9239 0.3827
vn -0.0000 -0.3827 0.9239
vn -0.0000 0.9239 0.3827
vn -0.0000 0.3827 0.9239
vn -0.0000 -1.0000 -0.0000
vn -1.0000 -0.0000 -0.0000
vn -0.0000 -0.0000 1.0000
vn -0.0000 1.0000 -0.0000
vn -0.0000 -0.0000 -1.0000
vn 1.0000 -0.0000 -0.0000
vn -0.2817 -0.8864 0.3672
vn -0.3672 -0.2818 0.8864
vn -0.8865 -0.3672 0.2817
vn -0.2817 0.3672 0.8865
vn -0.3672 0.8865 0.2817
vn -0.8865 0.2818 0.3672
vn -0.3672 -0.8865 -0.2817
vn -0.8865 -0.2818 -0.3672
vn -0.2817 -0.3672 -0.8865
vn -0.2817 0.8864 -0.3672
vn -0.3672 0.2818 -0.8864
vn -0.8865 0.3672 -0.2817
vn 0.3672 -0.8865 0.2817
vn 0.8865 -0.2818 0.3672
vn 0.2817 -0.3672 0.8865
vn 0.2817 0.8864 0.3672
vn 0.3672 0.2818 0.8864
vn 0.8865 0.3672 0.2817
vn 0.2817 -0.8864 -0.3672
vn 0.3672 -0.2818 -0.8864
vn 0.8865 -0.3672 -0.2817
vn 0.3672 0.8865 -0.2817
vn 0.8865 0.2818 -0.3672
vn 0.2817 0.3672 -0.8865
s 0
usemtl Dark_Timber
f 3185//3678 3189//3678 3191//3678
f 3186//3679 3189//3679 3188//3679
f 3187//3680 3189//3680 3190//3680
f 3192//3681 3196//3681 3198//3681
f 3193//3682 3196//3682 3195//3682
f 3194//3683 3196//3683 3197//3683
f 3199//3684 3203//3684 3205//3684
f 3200//3685 3203//3685 3202//3685
f 3201//3686 3203//3686 3204//3686
f 3206//3687 3210//3687 3212//3687
f 3207//3688 3210//3688 3209//3688
f 3208//3689 3210//3689 3211//3689
f 3213//3690 3217//3690 3219//3690
f 3214//3691 3217//3691 3216//3691
f 3215//3692 3217//3692 3218//3692
f 3220//3693 3224//3693 3226//3693
f 3221//3694 3224//3694 3223//3694
f 3222//3695 3224//3695 3225//3695
f 3227//3696 3231//3696 3233//3696
f 3228//3697 3231//3697 3230//3697
f 3229//3698 3231//3698 3232//3698
f 3234//3699 3238//3699 3240//3699
f 3235//3700 3238//3700 3237//3700
f 3236//3701 3238//3701 3239//3701
f 3185//3702 3202//3702 3199//3702
f 3191//3703 3200//3703 3202//3703
f 3192//3704 3190//3704 3186//3704
f 3198//3705 3187//3705 3190//3705
f 3206//3706 3197//3706 3193//3706
f 3212//3707 3194//3707 3197//3707
f 3201//3708 3211//3708 3207//3708
f 3204//3709 3208//3709 3211//3709
f 3199//3710 3230//3710 3227//3710
f 3205//3711 3228//3711 3230//3711
f 3234//3712 3209//3712 3206//3712
f 3240//3713 3207//3713 3209//3713
f 3229//3714 3239//3714 3235//3714
f 3232//3715 3236//3715 3239//3715
f 3227//3716 3216//3716 3213//3716
f 3233//3717 3214//3717 3216//3717
f 3220//3718 3237//3718 3234//3718
f 3226//3719 3235//3719 3237//3719
f 3215//3720 3225//3720 3221//3720
f 3218//3721 3222//3721 3225//3721
f 3213//3722 3188//3722 3185//3722
f 3219//3723 3186//3723 3188//3723
f 3193//3724 3223//3724 3220//3724
f 3195//3725 3221//3725 3223//3725
f 3227//3726 3185//3726 3199//3726
f 3194//3727 3200//3727 3187//3727
f 3221//3728 3186//3728 3215//3728
f 3206//3729 3220//3729 3234//3729
f 3207//3730 3228//3730 3201//3730
f 3235//3731 3214//3731 3229//3731
f 3185//3732 3188//3732 3189//3732
f 3186//3733 3190//3733 3189//3733
f 3187//3734 3191//3734 3189//3734
f 3192//3735 3195//3735 3196//3735
f 3193//3736 3197//3736 3196//3736
f 3194//3737 3198//3737 3196//3737
f 3199//3738 3202//3738 3203//3738
f 3200//3739 3204//3739 3203//3739
f 3201//3740 3205//3740 3203//3740
f 3206//3741 3209//3741 3210//3741
f 3207//3742 3211//3742 3210//3742
f 3208//3743 3212//3743 3210//3743
f 3213//3744 3216//3744 3217//3744
f 3214//3745 3218//3745 3217//3745
f 3215//3746 3219//3746 3217//3746
f 3220//3747 3223//3747 3224//3747
f 3221//3748 3225//3748 3224//3748
f 3222//3749 3226//3749 3224//3749
f 3227//3750 3230//3750 3231//3750
f 3228//3751 3232//3751 3231//3751
f 3229//3752 3233//3752 3231//3752
f 3234//3753 3237//3753 3238//3753
f 3235//3754 3239//3754 3238//3754
f 3236//3755 3240//3755 3238//3755
f 3185//3702 3191//3702 3202//3702
f 3191//3703 3187//3703 3200//3703
f 3192//3704 3198//3704 3190//3704
f 3198//3705 3194//3705 3187//3705
f 3206//3706 3212//3706 3197//3706
f 3212//3707 3208//3707 3194//3707
f 3201//3708 3204//3708 3211//3708
f 3204//3709 3200//3709 3208//3709
f 3199//3710 3205//3710 3230//3710
f 3205//3711 3201//3711 3228//3711
f 3234//3712 3240//3712 3209//3712
f 3240//3713 3236//3713 3207//3713
f 3229//3714 3232//3714 3239//3714
f 3232//3715 3228//3715 3236//3715
f 3227//3716 3233//3716 3216//3716
f 3233//3717 3229//3717 3214//3717
f 3220//3718 3226//3718 3237//3718
f 3226//3719 3222//3719 3235//3719
f 3215//3720 3218//3720 3225//3720
f 3218//3721 3214//3721 3222//3721
f 3213//3722 3219//3722 3188//3722
f 3219//3723 3215//3723 3186//3723
f 3193//3724 3195//3724 3223//3724
f 3195//3725 3192//3725 3221//3725
f 3227//3726 3213//3726 3185//3726
f 3194//3727 3208//3727 3200//3727
f 3221//3728 3192//3728 3186//3728
f 3206//3729 3193//3729 3220//3729
f 3207//3730 3236//3730 3228//3730
f 3235//3731 3222//3731 3214//3731
o WestPavilion_rail_4.0
v -46.209999 0.650000 6.040000
v -46.209999 0.690000 6.080000
v -46.250000 0.690000 6.040000
v -46.209999 0.661716 6.068284
v -46.233093 0.666906 6.063094
v -46.238285 0.690000 6.068284
v -46.238285 0.661716 6.040000
v -46.209999 1.410000 6.080000
v -46.209999 1.450000 6.040000
v -46.250000 1.410000 6.040000
v -46.209999 1.438284 6.068284
v -46.233093 1.433094 6.063094
v -46.238285 1.438284 6.040000
v -46.238285 1.410000 6.068284
v -46.209999 0.650000 5.960000
v -46.250000 0.690000 5.960000
v -46.209999 0.690000 5.920000
v -46.238285 0.661716 5.960000
v -46.233093 0.666906 5.936906
v -46.238285 0.690000 5.931716
v -46.209999 0.661716 5.931716
v -46.209999 1.450000 5.960000
v -46.209999 1.410000 5.920000
v -46.250000 1.410000 5.960000
v -46.209999 1.438284 5.931716
v -46.233093 1.433094 5.936906
v -46.238285 1.410000 5.931716
v -46.238285 1.438284 5.960000
v -39.790001 0.650000 6.040000
v -39.750000 0.690000 6.040000
v -39.790001 0.690000 6.080000
v -39.761715 0.661716 6.040000
v -39.766907 0.666906 6.063094
v -39.761715 0.690000 6.068284
v -39.790001 0.661716 6.068284
v -39.790001 1.450000 6.040000
v -39.790001 1.410000 6.080000
v -39.750000 1.410000 6.040000
v -39.790001 1.438284 6.068284
v -39.766907 1.433094 6.063094
v -39.761715 1.410000 6.068284
v -39.761715 1.438284 6.040000
v -39.790001 0.650000 5.960000
v -39.790001 0.690000 5.920000
v -39.750000 0.690000 5.960000
v -39.790001 0.661716 5.931716
v -39.766907 0.666906 5.936906
v -39.761715 0.690000 5.931716
v -39.761715 0.661716 5.960000
v -39.790001 1.450000 5.960000
v -39.750000 1.410000 5.960000
v -39.790001 1.410000 5.920000
v -39.761715 1.438284 5.960000
v -39.766907 1.433094 5.936906
v -39.761715 1.410000 5.931716
v -39.790001 1.438284 5.931716
vn -0.3672 -0.8865 0.2817
vn -0.2817 -0.3672 0.8865
vn -0.8865 -0.2818 0.3672
vn -0.3672 0.2818 0.8864
vn -0.2817 0.8864 0.3672
vn -0.8865 0.3672 0.2817
vn -0.2817 -0.8864 -0.3672
vn -0.8865 -0.3672 -0.2817
vn -0.3672 -0.2818 -0.8864
vn -0.3672 0.8865 -0.2817
vn -0.2817 0.3672 -0.8865
vn -0.8865 0.2818 -0.3672
vn 0.2817 -0.8864 0.3672
vn 0.8865 -0.3672 0.2817
vn 0.3672 -0.2818 0.8864
vn 0.3672 0.8865 0.2817
vn 0.2817 0.3672 0.8865
vn 0.8865 0.2818 0.3672
vn 0.3672 -0.8865 -0.2817
vn 0.2817 -0.3672 -0.8865
vn 0.8865 -0.2818 -0.3672
vn 0.2817 0.8864 -0.3672
vn 0.8865 0.3672 -0.2817
vn 0.3672 0.2818 -0.8864
vn -0.3827 -0.9239 -0.0000
vn -0.9239 -0.3827 -0.0000
vn -0.3827 -0.0000 0.9239
vn -0.9239 -0.0000 0.3827
vn -0.3827 0.9239 -0.0000
vn -0.9239 0.3827 -0.0000
vn -0.3827 -0.0000 -0.9239
vn -0.9239 -0.0000 -0.3827
vn -0.0000 -0.9239 -0.3827
vn -0.0000 -0.3827 -0.9239
vn -0.0000 0.9239 -0.3827
vn -0.0000 0.3827 -0.9239
vn 0.9239 -0.0000 -0.3827
vn 0.3827 -0.0000 -0.9239
vn 0.3827 -0.9239 -0.0000
vn 0.9239 -0.3827 -0.0000
vn 0.3827 0.9239 -0.0000
vn 0.9239 0.3827 -0.0000
vn 0.3827 -0.0000 0.9239
vn 0.9239 -0.0000 0.3827
vn -0.0000 -0.9239 0.3827
vn -0.0000 -0.3827 0.9239
vn -0.0000 0.9239 0.3827
vn -0.0000 0.3827 0.9239
vn -0.0000 -1.0000 -0.0000
vn -1.0000 -0.0000 -0.0000
vn -0.0000 -0.0000 1.0000
vn -0.0000 1.0000 -0.0000
vn -0.0000 -0.0000 -1.0000
vn 1.0000 -0.0000 -0.0000
vn -0.2817 -0.8864 0.3672
vn -0.3672 -0.2818 0.8864
vn -0.8865 -0.3672 0.2817
vn -0.2817 0.3672 0.8865
vn -0.3672 0.8865 0.2817
vn -0.8865 0.2818 0.3672
vn -0.3672 -0.8865 -0.2817
vn -0.8865 -0.2818 -0.3672
vn -0.2817 -0.3672 -0.8865
vn -0.2817 0.8864 -0.3672
vn -0.3672 0.2818 -0.8864
vn -0.8865 0.3672 -0.2817
vn 0.3672 -0.8865 0.2817
vn 0.8865 -0.2818 0.3672
vn 0.2817 -0.3672 0.8865
vn 0.2817 0.8864 0.3672
vn 0.3672 0.2818 0.8864
vn 0.8865 0.3672 0.2817
vn 0.2817 -0.8864 -0.3672
vn 0.3672 -0.2818 -0.8864
vn 0.8865 -0.3672 -0.2817
vn 0.3672 0.8865 -0.2817
vn 0.8865 0.2818 -0.3672
vn 0.2817 0.3672 -0.8865
s 0
usemtl Dark_Timber
f 3241//3756 3245//3756 3247//3756
f 3242//3757 3245//3757 3244//3757
f 3243//3758 3245//3758 3246//3758
f 3248//3759 3252//3759 3254//3759
f 3249//3760 3252//3760 3251//3760
f 3250//3761 3252//3761 3253//3761
f 3255//3762 3259//3762 3261//3762
f 3256//3763 3259//3763 3258//3763
f 3257//3764 3259//3764 3260//3764
f 3262//3765 3266//3765 3268//3765
f 3263//3766 3266//3766 3265//3766
f 3264//3767 3266//3767 3267//3767
f 3269//3768 3273//3768 3275//3768
f 3270//3769 3273//3769 3272//3769
f 3271//3770 3273//3770 3274//3770
f 3276//3771 3280//3771 3282//3771
f 3277//3772 3280//3772 3279//3772
f 3278//3773 3280//3773 3281//3773
f 3283//3774 3287//3774 3289//3774
f 3284//3775 3287//3775 3286//3775
f 3285//3776 3287//3776 3288//3776
f 3290//3777 3294//3777 3296//3777
f 3291//3778 3294//3778 3293//3778
f 3292//3779 3294//3779 3295//3779
f 3241//3780 3258//3780 3255//3780
f 3247//3781 3256//3781 3258//3781
f 3248//3782 3246//3782 3242//3782
f 3254//3783 3243//3783 3246//3783
f 3262//3784 3253//3784 3249//3784
f 3268//3785 3250//3785 3253//3785
f 3257//3786 3267//3786 3263//3786
f 3260//3787 3264//3787 3267//3787
f 3255//3788 3286//3788 3283//3788
f 3261//3789 3284//3789 3286//3789
f 3290//3790 3265//3790 3262//3790
f 3296//3791 3263//3791 3265//3791
f 3285//3792 3295//3792 3291//3792
f 3288//3793 3292//3793 3295//3793
f 3283//3794 3272//3794 3269//3794
f 3289//3795 3270//3795 3272//3795
f 3276//3796 3293//3796 3290//3796
f 3282//3797 3291//3797 3293//3797
f 3271//3798 3281//3798 3277//3798
f 3274//3799 3278//3799 3281//3799
f 3269//3800 3244//3800 3241//3800
f 3275//3801 3242//3801 3244//3801
f 3249//3802 3279//3802 3276//3802
f 3251//3803 3277//3803 3279//3803
f 3283//3804 3241//3804 3255//3804
f 3250//3805 3256//3805 3243//3805
f 3277//3806 3242//3806 3271//3806
f 3262//3807 3276//3807 3290//3807
f 3263//3808 3284//3808 3257//3808
f 3291//3809 3270//3809 3285//3809
f 3241//3810 3244//3810 3245//3810
f 3242//3811 3246//3811 3245//3811
f 3243//3812 3247//3812 3245//3812
f 3248//3813 3251//3813 3252//3813
f 3249//3814 3253//3814 3252//3814
f 3250//3815 3254//3815 3252//3815
f 3255//3816 3258//3816 3259//3816
f 3256//3817 3260//3817 3259//3817
f 3257//3818 3261//3818 3259//3818
f 3262//3819 3265//3819 3266//3819
f 3263//3820 3267//3820 3266//3820
f 3264//3821 3268//3821 3266//3821
f 3269//3822 3272//3822 3273//3822
f 3270//3823 3274//3823 3273//3823
f 3271//3824 3275//3824 3273//3824
f 3276//3825 3279//3825 3280//3825
f 3277//3826 3281//3826 3280//3826
f 3278//3827 3282//3827 3280//3827
f 3283//3828 3286//3828 3287//3828
f 3284//3829 3288//3829 3287//3829
f 3285//3830 3289//3830 3287//3830
f 3290//3831 3293//3831 3294//3831
f 3291//3832 3295//3832 3294//3832
f 3292//3833 3296//3833 3294//3833
f 3241//3780 3247//3780 3258//3780
f 3247//3781 3243//3781 3256//3781
f 3248//3782 3254//3782 3246//3782
f 3254//3783 3250//3783 3243//3783
f 3262//3784 3268//3784 3253//3784
f 3268//3785 3264//3785 3250//3785
f 3257//3786 3260//3786 3267//3786
f 3260//3787 3256//3787 3264//3787
f 3255//3788 3261//3788 3286//3788
f 3261//3789 3257//3789 3284//3789
f 3290//3790 3296//3790 3265//3790
f 3296//3791 3292//3791 3263//3791
f 3285//3792 3288//3792 3295//3792
f 3288//3793 3284//3793 3292//3793
f 3283//3794 3289//3794 3272//3794
f 3289//3795 3285//3795 3270//3795
f 3276//3796 3282//3796 3293//3796
f 3282//3797 3278//3797 3291//3797
f 3271//3798 3274//3798 3281//3798
f 3274//3799 3270//3799 3278//3799
f 3269//3800 3275//3800 3244//3800
f 3275//3801 3271//3801 3242//3801
f 3249//3802 3251//3802 3279//3802
f 3251//3803 3248//3803 3277//3803
f 3283//3804 3269//3804 3241//3804
f 3250//3805 3264//3805 3256//3805
f 3277//3806 3248//3806 3242//3806
f 3262//3807 3249//3807 3276//3807
f 3263//3808 3292//3808 3284//3808
f 3291//3809 3278//3809 3270//3809
o EastPavilion_base
v 39.020000 0.000000 6.880000
v 39.020000 0.120000 7.000000
v 38.900002 0.120000 6.880000
v 39.020000 0.035147 6.964853
v 38.950718 0.050718 6.949282
v 38.935146 0.120000 6.964853
v 38.935146 0.035147 6.880000
v 39.020000 0.380000 7.000000
v 39.020000 0.500000 6.880000
v 38.900002 0.380000 6.880000
v 39.020000 0.464853 6.964853
v 38.950718 0.449282 6.949282
v 38.935146 0.464853 6.880000
v 38.935146 0.380000 6.964853
v 39.020000 0.000000 -2.880000
v 38.900002 0.120000 -2.880000
v 39.020000 0.120000 -3.000000
v 38.935146 0.035147 -2.880000
v 38.950718 0.050718 -2.949282
v 38.935146 0.120000 -2.964853
v 39.020000 0.035147 -2.964853
v 39.020000 0.500000 -2.880000
v 39.020000 0.380000 -3.000000
v 38.900002 0.380000 -2.880000
v 39.020000 0.464853 -2.964853
v 38.950718 0.449282 -2.949282
v 38.935146 0.380000 -2.964853
v 38.935146 0.464853 -2.880000
v 46.980000 0.000000 6.880000
v 47.099998 0.120000 6.880000
v 46.980000 0.120000 7.000000
v 47.064854 0.035147 6.880000
v 47.049282 0.050718 6.949282
v 47.064854 0.120000 6.964853
v 46.980000 0.035147 6.964853
v 46.980000 0.500000 6.880000
v 46.980000 0.380000 7.000000
v 47.099998 0.380000 6.880000
v 46.980000 0.464853 6.964853
v 47.049282 0.449282 6.949282
v 47.064854 0.380000 6.964853
v 47.064854 0.464853 6.880000
v 46.980000 0.000000 -2.880000
v 46.980000 0.120000 -3.000000
v 47.099998 0.120000 -2.880000
v 46.980000 0.035147 -2.964853
v 47.049282 0.050718 -2.949282
v 47.064854 0.120000 -2.964853
v 47.064854 0.035147 -2.880000
v 46.980000 0.500000 -2.880000
v 47.099998 0.380000 -2.880000
v 46.980000 0.380000 -3.000000
v 47.064854 0.464853 -2.880000
v 47.049282 0.449282 -2.949282
v 47.064854 0.380000 -2.964853
v 46.980000 0.464853 -2.964853
vn -0.3672 -0.8865 0.2817
vn -0.2817 -0.3672 0.8865
vn -0.8865 -0.2817 0.3672
vn -0.3672 0.2818 0.8864
vn -0.2817 0.8865 0.3672
vn -0.8865 0.3672 0.2817
vn -0.2817 -0.8865 -0.3672
vn -0.8865 -0.3672 -0.2817
vn -0.3672 -0.2818 -0.8864
vn -0.3672 0.8865 -0.2817
vn -0.2817 0.3672 -0.8865
vn -0.8865 0.2817 -0.3672
vn 0.2817 -0.8865 0.3672
vn 0.8865 -0.3672 0.2817
vn 0.3672 -0.2818 0.8864
vn 0.3672 0.8865 0.2817
vn 0.2817 0.3672 0.8865
vn 0.8865 0.2817 0.3672
vn 0.3672 -0.8865 -0.2817
vn 0.2817 -0.3672 -0.8865
vn 0.8865 -0.2817 -0.3672
vn 0.2817 0.8865 -0.3672
vn 0.8865 0.3672 -0.2817
vn 0.3672 0.2818 -0.8864
vn -0.3827 -0.9239 -0.0000
vn -0.9239 -0.3827 -0.0000
vn -0.3827 -0.0000 0.9239
vn -0.9239 -0.0000 0.3827
vn -0.3827 0.9239 -0.0000
vn -0.9239 0.3827 -0.0000
vn -0.3827 -0.0000 -0.9239
vn -0.9239 -0.0000 -0.3827
vn -0.0000 -0.9239 -0.3827
vn -0.0000 -0.3827 -0.9239
vn -0.0000 0.9239 -0.3827
vn -0.0000 0.3827 -0.9239
vn 0.9239 -0.0000 -0.3827
vn 0.3827 -0.0000 -0.9239
vn 0.3827 -0.9239 -0.0000
vn 0.9239 -0.3827 -0.0000
vn 0.3827 0.9239 -0.0000
vn 0.9239 0.3827 -0.0000
vn 0.3827 -0.0000 0.9239
vn 0.9239 -0.0000 0.3827
vn -0.0000 -0.9239 0.3827
vn -0.0000 -0.3827 0.9239
vn -0.0000 0.9239 0.3827
vn -0.0000 0.3827 0.9239
vn -0.0000 -1.0000 -0.0000
vn -1.0000 -0.0000 -0.0000
vn -0.0000 -0.0000 1.0000
vn -0.0000 1.0000 -0.0000
vn -0.0000 -0.0000 -1.0000
vn 1.0000 -0.0000 -0.0000
vn -0.2817 -0.8865 0.3672
vn -0.3672 -0.2818 0.8864
vn -0.8865 -0.3672 0.2817
vn -0.2817 0.3672 0.8865
vn -0.3672 0.8865 0.2817
vn -0.8865 0.2817 0.3672
vn -0.3672 -0.8865 -0.2817
vn -0.8865 -0.2817 -0.3672
vn -0.2817 -0.3672 -0.8865
vn -0.2817 0.8865 -0.3672
vn -0.3672 0.2818 -0.8864
vn -0.8865 0.3672 -0.2817
vn 0.3672 -0.8865 0.2817
vn 0.8865 -0.2817 0.3672
vn 0.2817 -0.3672 0.8865
vn 0.2817 0.8865 0.3672
vn 0.3672 0.2818 0.8864
vn 0.8865 0.3672 0.2817
vn 0.2817 -0.8865 -0.3672
vn 0.3672 -0.2818 -0.8864
vn 0.8865 -0.3672 -0.2817
vn 0.3672 0.8865 -0.2817
vn 0.8865 0.2817 -0.3672
vn 0.2817 0.3672 -0.8865
s 0
usemtl Stone_Warm
f 3297//3834 3301//3834 3303//3834
f 3298//3835 3301//3835 3300//3835
f 3299//3836 3301//3836 3302//3836
f 3304//3837 3308//3837 3310//3837
f 3305//3838 3308//3838 3307//3838
f 3306//3839 3308//3839 3309//3839
f 3311//3840 3315//3840 3317//3840
f 3312//3841 3315//3841 3314//3841
f 3313//3842 3315//3842 3316//3842
f 3318//3843 3322//3843 3324//3843
f 3319//3844 3322//3844 3321//3844
f 3320//3845 3322//3845 3323//3845
f 3325//3846 3329//3846 3331//3846
f 3326//3847 3329//3847 3328//3847
f 3327//3848 3329//3848 3330//3848
f 3332//3849 3336//3849 3338//3849
f 3333//3850 3336//3850 3335//3850
f 3334//3851 3336//3851 3337//3851
f 3339//3852 3343//3852 3345//3852
f 3340//3853 3343//3853 3342//3853
f 3341//3854 3343//3854 3344//3854
f 3346//3855 3350//3855 3352//3855
f 3347//3856 3350//3856 3349//3856
f 3348//3857 3350//3857 3351//3857
f 3297//3858 3314//3858 3311//3858
f 3303//3859 3312//3859 3314//3859
f 3304//3860 3302//3860 3298//3860
f 3310//3861 3299//3861 3302//3861
f 3318//3862 3309//3862 3305//3862
f 3324//3863 3306//3863 3309//3863
f 3313//3864 3323//3864 3319//3864
f 3316//3865 3320//3865 3323//3865
f 3311//3866 3342//3866 3339//3866
f 3317//3867 3340//3867 3342//3867
f 3346//3868 3321//3868 3318//3868
f 3352//3869 3319//3869 3321//3869
f 3341//3870 3351//3870 3347//3870
f 3344//3871 3348//3871 3351//3871
f 3339//3872 3328//3872 3325//3872
f 3345//3873 3326//3873 3328//3873
f 3332//3874 3349//3874 3346//3874
f 3338//3875 3347//3875 3349//3875
f 3327//3876 3337//3876 3333//3876
f 3330//3877 3334//3877 3337//3877
f 3325//3878 3300//3878 3297//3878
f 3331//3879 3298//3879 3300//3879
f 3305//3880 3335//3880 3332//3880
f 3307//3881 3333//3881 3335//3881
f 3339//3882 3297//3882 3311//3882
f 3306//3883 3312//3883 3299//3883
f 3333//3884 3298//3884 3327//3884
f 3318//3885 3332//3885 3346//3885
f 3319//3886 3340//3886 3313//3886
f 3347//3887 3326//3887 3341//3887
f 3297//3888 3300//3888 3301//3888
f 3298//3889 3302//3889 3301//3889
f 3299//3890 3303//3890 3301//3890
f 3304//3891 3307//3891 3308//3891
f 3305//3892 3309//3892 3308//3892
f 3306//3893 3310//3893 3308//3893
f 3311//3894 3314//3894 3315//3894
f 3312//3895 3316//3895 3315//3895
f 3313//3896 3317//3896 3315//3896
f 3318//3897 3321//3897 3322//3897
f 3319//3898 3323//3898 3322//3898
f 3320//3899 3324//3899 3322//3899
f 3325//3900 3328//3900 3329//3900
f 3326//3901 3330//3901 3329//3901
f 3327//3902 3331//3902 3329//3902
f 3332//3903 3335//3903 3336//3903
f 3333//3904 3337//3904 3336//3904
f 3334//3905 3338//3905 3336//3905
f 3339//3906 3342//3906 3343//3906
f 3340//3907 3344//3907 3343//3907
f 3341//3908 3345//3908 3343//3908
f 3346//3909 3349//3909 3350//3909
f 3347//3910 3351//3910 3350//3910
f 3348//3911 3352//3911 3350//3911
f 3297//3858 3303//3858 3314//3858
f 3303//3859 3299//3859 3312//3859
f 3304//3860 3310//3860 3302//3860
f 3310//3861 3306//3861 3299//3861
f 3318//3862 3324//3862 3309//3862
f 3324//3863 3320//3863 3306//3863
f 3313//3864 3316//3864 3323//3864
f 3316//3865 3312//3865 3320//3865
f 3311//3866 3317//3866 3342//3866
f 3317//3867 3313//3867 3340//3867
f 3346//3868 3352//3868 3321//3868
f 3352//3869 3348//3869 3319//3869
f 3341//3870 3344//3870 3351//3870
f 3344//3871 3340//3871 3348//3871
f 3339//3872 3345//3872 3328//3872
f 3345//3873 3341//3873 3326//3873
f 3332//3874 3338//3874 3349//3874
f 3338//3875 3334//3875 3347//3875
f 3327//3876 3330//3876 3337//3876
f 3330//3877 3326//3877 3334//3877
f 3325//3878 3331//3878 3300//3878
f 3331//3879 3327//3879 3298//3879
f 3305//3880 3307//3880 3335//3880
f 3307//3881 3304//3881 3333//3881
f 3339//3882 3325//3882 3297//3882
f 3306//3883 3320//3883 3312//3883
f 3333//3884 3304//3884 3298//3884
f 3318//3885 3305//3885 3332//3885
f 3319//3886 3348//3886 3340//3886
f 3347//3887 3334//3887 3326//3887
o EastPavilion_rail_-4.0
v 39.790001 0.650000 -1.960000
v 39.790001 0.690000 -1.920000
v 39.750000 0.690000 -1.960000
v 39.790001 0.661716 -1.931716
v 39.766907 0.666906 -1.936906
v 39.761715 0.690000 -1.931716
v 39.761715 0.661716 -1.960000
v 39.790001 1.410000 -1.920000
v 39.790001 1.450000 -1.960000
v 39.750000 1.410000 -1.960000
v 39.790001 1.438284 -1.931716
v 39.766907 1.433094 -1.936906
v 39.761715 1.438284 -1.960000
v 39.761715 1.410000 -1.931716
v 39.790001 0.650000 -2.040000
v 39.750000 0.690000 -2.040000
v 39.790001 0.690000 -2.080000
v 39.761715 0.661716 -2.040000
v 39.766907 0.666906 -2.063094
v 39.761715 0.690000 -2.068284
v 39.790001 0.661716 -2.068284
v 39.790001 1.450000 -2.040000
v 39.790001 1.410000 -2.080000
v 39.750000 1.410000 -2.040000
v 39.790001 1.438284 -2.068284
v 39.766907 1.433094 -2.063094
v 39.761715 1.410000 -2.068284
v 39.761715 1.438284 -2.040000
v 46.209999 0.650000 -1.960000
v 46.250000 0.690000 -1.960000
v 46.209999 0.690000 -1.920000
v 46.238285 0.661716 -1.960000
v 46.233093 0.666906 -1.936906
v 46.238285 0.690000 -1.931716
v 46.209999 0.661716 -1.931716
v 46.209999 1.450000 -1.960000
v 46.209999 1.410000 -1.920000
v 46.250000 1.410000 -1.960000
v 46.209999 1.438284 -1.931716
v 46.233093 1.433094 -1.936906
v 46.238285 1.410000 -1.931716
v 46.238285 1.438284 -1.960000
v 46.209999 0.650000 -2.040000
v 46.209999 0.690000 -2.080000
v 46.250000 0.690000 -2.040000
v 46.209999 0.661716 -2.068284
v 46.233093 0.666906 -2.063094
v 46.238285 0.690000 -2.068284
v 46.238285 0.661716 -2.040000
v 46.209999 1.450000 -2.040000
v 46.250000 1.410000 -2.040000
v 46.209999 1.410000 -2.080000
v 46.238285 1.438284 -2.040000
v 46.233093 1.433094 -2.063094
v 46.238285 1.410000 -2.068284
v 46.209999 1.438284 -2.068284
vn -0.3672 -0.8865 0.2817
vn -0.2817 -0.3672 0.8865
vn -0.8865 -0.2818 0.3672
vn -0.3672 0.2818 0.8864
vn -0.2817 0.8864 0.3672
vn -0.8865 0.3672 0.2817
vn -0.2817 -0.8864 -0.3672
vn -0.8865 -0.3672 -0.2817
vn -0.3672 -0.2818 -0.8864
vn -0.3672 0.8865 -0.2817
vn -0.2817 0.3672 -0.8865
vn -0.8865 0.2818 -0.3672
vn 0.2817 -0.8864 0.3672
vn 0.8865 -0.3672 0.2817
vn 0.3672 -0.2818 0.8864
vn 0.3672 0.8865 0.2817
vn 0.2817 0.3672 0.8865
vn 0.8865 0.2818 0.3672
vn 0.3672 -0.8865 -0.2817
vn 0.2817 -0.3672 -0.8865
vn 0.8865 -0.2818 -0.3672
vn 0.2817 0.8864 -0.3672
vn 0.8865 0.3672 -0.2817
vn 0.3672 0.2818 -0.8864
vn -0.3827 -0.9239 -0.0000
vn -0.9239 -0.3827 -0.0000
vn -0.3827 -0.0000 0.9239
vn -0.9239 -0.0000 0.3827
vn -0.3827 0.9239 -0.0000
vn -0.9239 0.3827 -0.0000
vn -0.3827 -0.0000 -0.9239
vn -0.9239 -0.0000 -0.3827
vn -0.0000 -0.9239 -0.3827
vn -0.0000 -0.3827 -0.9239
vn -0.0000 0.9239 -0.3827
vn -0.0000 0.3827 -0.9239
vn 0.9239 -0.0000 -0.3827
vn 0.3827 -0.0000 -0.9239
vn 0.3827 -0.9239 -0.0000
vn 0.9239 -0.3827 -0.0000
vn 0.3827 0.9239 -0.0000
vn 0.9239 0.3827 -0.0000
vn 0.3827 -0.0000 0.9239
vn 0.9239 -0.0000 0.3827
vn -0.0000 -0.9239 0.3827
vn -0.0000 -0.3827 0.9239
vn -0.0000 0.9239 0.3827
vn -0.0000 0.3827 0.9239
vn -0.0000 -1.0000 -0.0000
vn -1.0000 -0.0000 -0.0000
vn -0.0000 -0.0000 1.0000
vn -0.0000 1.0000 -0.0000
vn -0.0000 -0.0000 -1.0000
vn 1.0000 -0.0000 -0.0000
vn -0.2817 -0.8864 0.3672
vn -0.3672 -0.2818 0.8864
vn -0.8865 -0.3672 0.2817
vn -0.2817 0.3672 0.8865
vn -0.3672 0.8865 0.2817
vn -0.8865 0.2818 0.3672
vn -0.3672 -0.8865 -0.2817
vn -0.8865 -0.2818 -0.3672
vn -0.2817 -0.3672 -0.8865
vn -0.2817 0.8864 -0.3672
vn -0.3672 0.2818 -0.8864
vn -0.8865 0.3672 -0.2817
vn 0.3672 -0.8865 0.2817
vn 0.8865 -0.2818 0.3672
vn 0.2817 -0.3672 0.8865
vn 0.2817 0.8864 0.3672
vn 0.3672 0.2818 0.8864
vn 0.8865 0.3672 0.2817
vn 0.2817 -0.8864 -0.3672
vn 0.3672 -0.2818 -0.8864
vn 0.8865 -0.3672 -0.2817
vn 0.3672 0.8865 -0.2817
vn 0.8865 0.2818 -0.3672
vn 0.2817 0.3672 -0.8865
s 0
usemtl Dark_Timber
f 3353//3912 3357//3912 3359//3912
f 3354//3913 3357//3913 3356//3913
f 3355//3914 3357//3914 3358//3914
f 3360//3915 3364//3915 3366//3915
f 3361//3916 3364//3916 3363//3916
f 3362//3917 3364//3917 3365//3917
f 3367//3918 3371//3918 3373//3918
f 3368//3919 3371//3919 3370//3919
f 3369//3920 3371//3920 3372//3920
f 3374//3921 3378//3921 3380//3921
f 3375//3922 3378//3922 3377//3922
f 3376//3923 3378//3923 3379//3923
f 3381//3924 3385//3924 3387//3924
f 3382//3925 3385//3925 3384//3925
f 3383//3926 3385//3926 3386//3926
f 3388//3927 3392//3927 3394//3927
f 3389//3928 3392//3928 3391//3928
f 3390//3929 3392//3929 3393//3929
f 3395//3930 3399//3930 3401//3930
f 3396//3931 3399//3931 3398//3931
f 3397//3932 3399//3932 3400//3932
f 3402//3933 3406//3933 3408//3933
f 3403//3934 3406//3934 3405//3934
f 3404//3935 3406//3935 3407//3935
f 3353//3936 3370//3936 3367//3936
f 3359//3937 3368//3937 3370//3937
f 3360//3938 3358//3938 3354//3938
f 3366//3939 3355//3939 3358//3939
f 3374//3940 3365//3940 3361//3940
f 3380//3941 3362//3941 3365//3941
f 3369//3942 3379//3942 3375//3942
f 3372//3943 3376//3943 3379//3943
f 3367//3944 3398//3944 3395//3944
f 3373//3945 3396//3945 3398//3945
f 3402//3946 3377//3946 3374//3946
f 3408//3947 3375//3947 3377//3947
f 3397//3948 3407//3948 3403//3948
f 3400//3949 3404//3949 3407//3949
f 3395//3950 3384//3950 3381//3950
f 3401//3951 3382//3951 3384//3951
f 3388//3952 3405//3952 3402//3952
f 3394//3953 3403//3953 3405//3953
f 3383//3954 3393//3954 3389//3954
f 3386//3955 3390//3955 3393//3955
f 3381//3956 3356//3956 3353//3956
f 3387//3957 3354//3957 3356//3957
f 3361//3958 3391//3958 3388//3958
f 3363//3959 3389//3959 3391//3959
f 3395//3960 3353//3960 3367//3960
f 3362//3961 3368//3961 3355//3961
f 3389//3962 3354//3962 3383//3962
f 3374//3963 3388//3963 3402//3963
f 3375//3964 3396//3964 3369//3964
f 3403//3965 3382//3965 3397//3965
f 3353//3966 3356//3966 3357//3966
f 3354//3967 3358//3967 3357//3967
f 3355//3968 3359//3968 3357//3968
f 3360//3969 3363//3969 3364//3969
f 3361//3970 3365//3970 3364//3970
f 3362//3971 3366//3971 3364//3971
f 3367//3972 3370//3972 3371//3972
f 3368//3973 3372//3973 3371//3973
f 3369//3974 3373//3974 3371//3974
f 3374//3975 3377//3975 3378//3975
f 3375//3976 3379//3976 3378//3976
f 3376//3977 3380//3977 3378//3977
f 3381//3978 3384//3978 3385//3978
f 3382//3979 3386//3979 3385//3979
f 3383//3980 3387//3980 3385//3980
f 3388//3981 3391//3981 3392//3981
f 3389//3982 3393//3982 3392//3982
f 3390//3983 3394//3983 3392//3983
f 3395//3984 3398//3984 3399//3984
f 3396//3985 3400//3985 3399//3985
f 3397//3986 3401//3986 3399//3986
f 3402//3987 3405//3987 3406//3987
f 3403//3988 3407//3988 3406//3988
f 3404//3989 3408//3989 3406//3989
f 3353//3936 3359//3936 3370//3936
f 3359//3937 3355//3937 3368//3937
f 3360//3938 3366//3938 3358//3938
f 3366//3939 3362//3939 3355//3939
f 3374//3940 3380//3940 3365//3940
f 3380//3941 3376//3941 3362//3941
f 3369//3942 3372//3942 3379//3942
f 3372//3943 3368//3943 3376//3943
f 3367//3944 3373//3944 3398//3944
f 3373//3945 3369//3945 3396//3945
f 3402//3946 3408//3946 3377//3946
f 3408//3947 3404//3947 3375//3947
f 3397//3948 3400//3948 3407//3948
f 3400//3949 3396//3949 3404//3949
f 3395//3950 3401//3950 3384//3950
f 3401//3951 3397//3951 3382//3951
f 3388//3952 3394//3952 3405//3952
f 3394//3953 3390//3953 3403//3953
f 3383//3954 3386//3954 3393//3954
f 3386//3955 3382//3955 3390//3955
f 3381//3956 3387//3956 3356//3956
f 3387//3957 3383//3957 3354//3957
f 3361//3958 3363//3958 3391//3958
f 3363//3959 3360//3959 3389//3959
f 3395//3960 3381//3960 3353//3960
f 3362//3961 3376//3961 3368//3961
f 3389//3962 3360//3962 3354//3962
f 3374//3963 3361//3963 3388//3963
f 3375//3964 3404//3964 3396//3964
f 3403//3965 3390//3965 3382//3965
o EastPavilion_rail_4.0
v 39.790001 0.650000 6.040000
v 39.790001 0.690000 6.080000
v 39.750000 0.690000 6.040000
v 39.790001 0.661716 6.068284
v 39.766907 0.666906 6.063094
v 39.761715 0.690000 6.068284
v 39.761715 0.661716 6.040000
v 39.790001 1.410000 6.080000
v 39.790001 1.450000 6.040000
v 39.750000 1.410000 6.040000
v 39.790001 1.438284 6.068284
v 39.766907 1.433094 6.063094
v 39.761715 1.438284 6.040000
v 39.761715 1.410000 6.068284
v 39.790001 0.650000 5.960000
v 39.750000 0.690000 5.960000
v 39.790001 0.690000 5.920000
v 39.761715 0.661716 5.960000
v 39.766907 0.666906 5.936906
v 39.761715 0.690000 5.931716
v 39.790001 0.661716 5.931716
v 39.790001 1.450000 5.960000
v 39.790001 1.410000 5.920000
v 39.750000 1.410000 5.960000
v 39.790001 1.438284 5.931716
v 39.766907 1.433094 5.936906
v 39.761715 1.410000 5.931716
v 39.761715 1.438284 5.960000
v 46.209999 0.650000 6.040000
v 46.250000 0.690000 6.040000
v 46.209999 0.690000 6.080000
v 46.238285 0.661716 6.040000
v 46.233093 0.666906 6.063094
v 46.238285 0.690000 6.068284
v 46.209999 0.661716 6.068284
v 46.209999 1.450000 6.040000
v 46.209999 1.410000 6.080000
v 46.250000 1.410000 6.040000
v 46.209999 1.438284 6.068284
v 46.233093 1.433094 6.063094
v 46.238285 1.410000 6.068284
v 46.238285 1.438284 6.040000
v 46.209999 0.650000 5.960000
v 46.209999 0.690000 5.920000
v 46.250000 0.690000 5.960000
v 46.209999 0.661716 5.931716
v 46.233093 0.666906 5.936906
v 46.238285 0.690000 5.931716
v 46.238285 0.661716 5.960000
v 46.209999 1.450000 5.960000
v 46.250000 1.410000 5.960000
v 46.209999 1.410000 5.920000
v 46.238285 1.438284 5.960000
v 46.233093 1.433094 5.936906
v 46.238285 1.410000 5.931716
v 46.209999 1.438284 5.931716
vn -0.3672 -0.8865 0.2817
vn -0.2817 -0.3672 0.8865
vn -0.8865 -0.2818 0.3672
vn -0.3672 0.2818 0.8864
vn -0.2817 0.8864 0.3672
vn -0.8865 0.3672 0.2817
vn -0.2817 -0.8864 -0.3672
vn -0.8865 -0.3672 -0.2817
vn -0.3672 -0.2818 -0.8864
vn -0.3672 0.8865 -0.2817
vn -0.2817 0.3672 -0.8865
vn -0.8865 0.2818 -0.3672
vn 0.2817 -0.8864 0.3672
vn 0.8865 -0.3672 0.2817
vn 0.3672 -0.2818 0.8864
vn 0.3672 0.8865 0.2817
vn 0.2817 0.3672 0.8865
vn 0.8865 0.2818 0.3672
vn 0.3672 -0.8865 -0.2817
vn 0.2817 -0.3672 -0.8865
vn 0.8865 -0.2818 -0.3672
vn 0.2817 0.8864 -0.3672
vn 0.8865 0.3672 -0.2817
vn 0.3672 0.2818 -0.8864
vn -0.3827 -0.9239 -0.0000
vn -0.9239 -0.3827 -0.0000
vn -0.3827 -0.0000 0.9239
vn -0.9239 -0.0000 0.3827
vn -0.3827 0.9239 -0.0000
vn -0.9239 0.3827 -0.0000
vn -0.3827 -0.0000 -0.9239
vn -0.9239 -0.0000 -0.3827
vn -0.0000 -0.9239 -0.3827
vn -0.0000 -0.3827 -0.9239
vn -0.0000 0.9239 -0.3827
vn -0.0000 0.3827 -0.9239
vn 0.9239 -0.0000 -0.3827
vn 0.3827 -0.0000 -0.9239
vn 0.3827 -0.9239 -0.0000
vn 0.9239 -0.3827 -0.0000
vn 0.3827 0.9239 -0.0000
vn 0.9239 0.3827 -0.0000
vn 0.3827 -0.0000 0.9239
vn 0.9239 -0.0000 0.3827
vn -0.0000 -0.9239 0.3827
vn -0.0000 -0.3827 0.9239
vn -0.0000 0.9239 0.3827
vn -0.0000 0.3827 0.9239
vn -0.0000 -1.0000 -0.0000
vn -1.0000 -0.0000 -0.0000
vn -0.0000 -0.0000 1.0000
vn -0.0000 1.0000 -0.0000
vn -0.0000 -0.0000 -1.0000
vn 1.0000 -0.0000 -0.0000
vn -0.2817 -0.8864 0.3672
vn -0.3672 -0.2818 0.8864
vn -0.8865 -0.3672 0.2817
vn -0.2817 0.3672 0.8865
vn -0.3672 0.8865 0.2817
vn -0.8865 0.2818 0.3672
vn -0.3672 -0.8865 -0.2817
vn -0.8865 -0.2818 -0.3672
vn -0.2817 -0.3672 -0.8865
vn -0.2817 0.8864 -0.3672
vn -0.3672 0.2818 -0.8864
vn -0.8865 0.3672 -0.2817
vn 0.3672 -0.8865 0.2817
vn 0.8865 -0.2818 0.3672
vn 0.2817 -0.3672 0.8865
vn 0.2817 0.8864 0.3672
vn 0.3672 0.2818 0.8864
vn 0.8865 0.3672 0.2817
vn 0.2817 -0.8864 -0.3672
vn 0.3672 -0.2818 -0.8864
vn 0.8865 -0.3672 -0.2817
vn 0.3672 0.8865 -0.2817
vn 0.8865 0.2818 -0.3672
vn 0.2817 0.3672 -0.8865
s 0
usemtl Dark_Timber
f 3409//3990 3413//3990 3415//3990
f 3410//3991 3413//3991 3412//3991
f 3411//3992 3413//3992 3414//3992
f 3416//3993 3420//3993 3422//3993
f 3417//3994 3420//3994 3419//3994
f 3418//3995 3420//3995 3421//3995
f 3423//3996 3427//3996 3429//3996
f 3424//3997 3427//3997 3426//3997
f 3425//3998 3427//3998 3428//3998
f 3430//3999 3434//3999 3436//3999
f 3431//4000 3434//4000 3433//4000
f 3432//4001 3434//4001 3435//4001
f 3437//4002 3441//4002 3443//4002
f 3438//4003 3441//4003 3440//4003
f 3439//4004 3441//4004 3442//4004
f 3444//4005 3448//4005 3450//4005
f 3445//4006 3448//4006 3447//4006
f 3446//4007 3448//4007 3449//4007
f 3451//4008 3455//4008 3457//4008
f 3452//4009 3455//4009 3454//4009
f 3453//4010 3455//4010 3456//4010
f 3458//4011 3462//4011 3464//4011
f 3459//4012 3462//4012 3461//4012
f 3460//4013 3462//4013 3463//4013
f 3409//4014 3426//4014 3423//4014
f 3415//4015 3424//4015 3426//4015
f 3416//4016 3414//4016 3410//4016
f 3422//4017 3411//4017 3414//4017
f 3430//4018 3421//4018 3417//4018
f 3436//4019 3418//4019 3421//4019
f 3425//4020 3435//4020 3431//4020
f 3428//4021 3432//4021 3435//4021
f 3423//4022 3454//4022 3451//4022
f 3429//4023 3452//4023 3454//4023
f 3458//4024 3433//4024 3430//4024
f 3464//4025 3431//4025 3433//4025
f 3453//4026 3463//4026 3459//4026
f 3456//4027 3460//4027 3463//4027
f 3451//4028 3440//4028 3437//4028
f 3457//4029 3438//4029 3440//4029
f 3444//4030 3461//4030 3458//4030
f 3450//4031 3459//4031 3461//4031
f 3439//4032 3449//4032 3445//4032
f 3442//4033 3446//4033 3449//4033
f 3437//4034 3412//4034 3409//4034
f 3443//4035 3410//4035 3412//4035
f 3417//4036 3447//4036 3444//4036
f 3419//4037 3445//4037 3447//4037
f 3451//4038 3409//4038 3423//4038
f 3418//4039 3424//4039 3411//4039
f 3445//4040 3410//4040 3439//4040
f 3430//4041 3444//4041 3458//4041
f 3431//4042 3452//4042 3425//4042
f 3459//4043 3438//4043 3453//4043
f 3409//4044 3412//4044 3413//4044
f 3410//4045 3414//4045 3413//4045
f 3411//4046 3415//4046 3413//4046
f 3416//4047 3419//4047 3420//4047
f 3417//4048 3421//4048 3420//4048
f 3418//4049 3422//4049 3420//4049
f 3423//4050 3426//4050 3427//4050
f 3424//4051 3428//4051 3427//4051
f 3425//4052 3429//4052 3427//4052
f 3430//4053 3433//4053 3434//4053
f 3431//4054 3435//4054 3434//4054
f 3432//4055 3436//4055 3434//4055
f 3437//4056 3440//4056 3441//4056
f 3438//4057 3442//4057 3441//4057
f 3439//4058 3443//4058 3441//4058
f 3444//4059 3447//4059 3448//4059
f 3445//4060 3449//4060 3448//4060
f 3446//4061 3450//4061 3448//4061
f 3451//4062 3454//4062 3455//4062
f 3452//4063 3456//4063 3455//4063
f 3453//4064 3457//4064 3455//4064
f 3458//4065 3461//4065 3462//4065
f 3459//4066 3463//4066 3462//4066
f 3460//4067 3464//4067 3462//4067
f 3409//4014 3415//4014 3426//4014
f 3415//4015 3411//4015 3424//4015
f 3416//4016 3422//4016 3414//4016
f 3422//4017 3418//4017 3411//4017
f 3430//4018 3436//4018 3421//4018
f 3436//4019 3432//4019 3418//4019
f 3425//4020 3428//4020 3435//4020
f 3428//4021 3424//4021 3432//4021
f 3423//4022 3429//4022 3454//4022
f 3429//4023 3425//4023 3452//4023
f 3458//4024 3464//4024 3433//4024
f 3464//4025 3460//4025 3431//4025
f 3453//4026 3456//4026 3463//4026
f 3456//4027 3452//4027 3460//4027
f 3451//4028 3457//4028 3440//4028
f 3457//4029 3453//4029 3438//4029
f 3444//4030 3450//4030 3461//4030
f 3450//4031 3446//4031 3459//4031
f 3439//4032 3442//4032 3449//4032
f 3442//4033 3438//4033 3446//4033
f 3437//4034 3443//4034 3412//4034
f 3443//4035 3439//4035 3410//4035
f 3417//4036 3419//4036 3447//4036
f 3419//4037 3416//4037 3445//4037
f 3451//4038 3437//4038 3409//4038
f 3418//4039 3432//4039 3424//4039
f 3445//4040 3416//4040 3410//4040
f 3430//4041 3417//4041 3444//4041
f 3431//4042 3460//4042 3452//4042
f 3459//4043 3446//4043 3438//4043
o GateTower_-6.1
v -10.020000 0.000000 41.119999
v -10.020000 0.080000 41.200001
v -10.100000 0.080000 41.119999
v -10.020000 0.023432 41.176567
v -10.066188 0.033812 41.166187
v -10.076569 0.080000 41.176567
v -10.076569 0.023432 41.119999
v -10.020000 4.920000 41.200001
v -10.020000 5.000000 41.119999
v -10.100000 4.920000 41.119999
v -10.020000 4.976568 41.176567
v -10.066188 4.966188 41.166187
v -10.076569 4.976568 41.119999
v -10.076569 4.920000 41.176567
v -10.020000 0.000000 34.880001
v -10.100000 0.080000 34.880001
v -10.020000 0.080000 34.799999
v -10.076569 0.023432 34.880001
v -10.066188 0.033812 34.833813
v -10.076569 0.080000 34.823433
v -10.020000 0.023432 34.823433
v -10.020000 5.000000 34.880001
v -10.020000 4.920000 34.799999
v -10.100000 4.920000 34.880001
v -10.020000 4.976568 34.823433
v -10.066188 4.966188 34.833813
v -10.076569 4.920000 34.823433
v -10.076569 4.976568 34.880001
v -2.180000 0.000000 41.119999
v -2.100000 0.080000 41.119999
v -2.180000 0.080000 41.200001
v -2.123431 0.023432 41.119999
v -2.133812 0.033812 41.166187
v -2.123431 0.080000 41.176567
v -2.180000 0.023432 41.176567
v -2.180000 5.000000 41.119999
v -2.180000 4.920000 41.200001
v -2.100000 4.920000 41.119999
v -2.180000 4.976568 41.176567
v -2.133812 4.966188 41.166187
v -2.123431 4.920000 41.176567
v -2.123431 4.976568 41.119999
v -2.180000 0.000000 34.880001
v -2.180000 0.080000 34.799999
v -2.100000 0.080000 34.880001
v -2.180000 0.023432 34.823433
v -2.133812 0.033812 34.833813
v -2.123431 0.080000 34.823433
v -2.123431 0.023432 34.880001
v -2.180000 5.000000 34.880001
v -2.100000 4.920000 34.880001
v -2.180000 4.920000 34.799999
v -2.123431 4.976568 34.880001
v -2.133812 4.966188 34.833813
v -2.123431 4.920000 34.823433
v -2.180000 4.976568 34.823433
vn -0.3672 -0.8865 0.2817
vn -0.2818 -0.3672 0.8865
vn -0.8865 -0.2818 0.3672
vn -0.3672 0.2818 0.8865
vn -0.2817 0.8865 0.3672
vn -0.8865 0.3672 0.2817
vn -0.2817 -0.8865 -0.3672
vn -0.8865 -0.3672 -0.2817
vn -0.3672 -0.2818 -0.8865
vn -0.3672 0.8865 -0.2818
vn -0.2818 0.3672 -0.8865
vn -0.8865 0.2818 -0.3672
vn 0.2817 -0.8865 0.3672
vn 0.8865 -0.3672 0.2817
vn 0.3672 -0.2818 0.8865
vn 0.3672 0.8865 0.2817
vn 0.2818 0.3672 0.8865
vn 0.8865 0.2818 0.3672
vn 0.3672 -0.8865 -0.2818
vn 0.2818 -0.3672 -0.8865
vn 0.8865 -0.2818 -0.3672
vn 0.2817 0.8865 -0.3672
vn 0.8865 0.3672 -0.2817
vn 0.3672 0.2818 -0.8865
vn -0.3827 -0.9239 -0.0000
vn -0.9239 -0.3827 -0.0000
vn -0.3827 -0.0000 0.9239
vn -0.9239 -0.0000 0.3827
vn -0.3827 0.9239 -0.0000
vn -0.9239 0.3827 -0.0000
vn -0.3827 -0.0000 -0.9239
vn -0.9239 -0.0000 -0.3827
vn -0.0000 -0.9239 -0.3827
vn -0.0000 -0.3827 -0.9239
vn -0.0000 0.9239 -0.3827
vn -0.0000 0.3827 -0.9239
vn 0.9239 -0.0000 -0.3827
vn 0.3827 -0.0000 -0.9239
vn 0.3827 -0.9239 -0.0000
vn 0.9239 -0.3827 -0.0000
vn 0.3827 0.9239 -0.0000
vn 0.9239 0.3827 -0.0000
vn 0.3827 -0.0000 0.9239
vn 0.9239 -0.0000 0.3827
vn -0.0000 -0.9239 0.3827
vn -0.0000 -0.3827 0.9239
vn -0.0000 0.9239 0.3827
vn -0.0000 0.3827 0.9239
vn -0.0000 -1.0000 -0.0000
vn -1.0000 -0.0000 -0.0000
vn -0.0000 -0.0000 1.0000
vn -0.0000 1.0000 -0.0000
vn -0.0000 -0.0000 -1.0000
vn 1.0000 -0.0000 -0.0000
vn -0.2817 -0.8865 0.3672
vn -0.3672 -0.2818 0.8865
vn -0.8865 -0.3672 0.2817
vn -0.2818 0.3672 0.8865
vn -0.3672 0.8865 0.2817
vn -0.8865 0.2818 0.3672
vn -0.3672 -0.8865 -0.2818
vn -0.8865 -0.2818 -0.3672
vn -0.2818 -0.3672 -0.8865
vn -0.2817 0.8865 -0.3672
vn -0.3672 0.2818 -0.8865
vn -0.8865 0.3672 -0.2817
vn 0.3672 -0.8865 0.2817
vn 0.8865 -0.2818 0.3672
vn 0.2818 -0.3672 0.8865
vn 0.2817 0.8865 0.3672
vn 0.3672 0.2818 0.8865
vn 0.8865 0.3672 0.2817
vn 0.2817 -0.8865 -0.3672
vn 0.3672 -0.2818 -0.8865
vn 0.8865 -0.3672 -0.2817
vn 0.3672 0.8865 -0.2818
vn 0.8865 0.2818 -0.3672
vn 0.2818 0.3672 -0.8865
s 0
usemtl Warm_Plaster
f 3465//4068 3469//4068 3471//4068
f 3466//4069 3469//4069 3468//4069
f 3467//4070 3469//4070 3470//4070
f 3472//4071 3476//4071 3478//4071
f 3473//4072 3476//4072 3475//4072
f 3474//4073 3476//4073 3477//4073
f 3479//4074 3483//4074 3485//4074
f 3480//4075 3483//4075 3482//4075
f 3481//4076 3483//4076 3484//4076
f 3486//4077 3490//4077 3492//4077
f 3487//4078 3490//4078 3489//4078
f 3488//4079 3490//4079 3491//4079
f 3493//4080 3497//4080 3499//4080
f 3494//4081 3497//4081 3496//4081
f 3495//4082 3497//4082 3498//4082
f 3500//4083 3504//4083 3506//4083
f 3501//4084 3504//4084 3503//4084
f 3502//4085 3504//4085 3505//4085
f 3507//4086 3511//4086 3513//4086
f 3508//4087 3511//4087 3510//4087
f 3509//4088 3511//4088 3512//4088
f 3514//4089 3518//4089 3520//4089
f 3515//4090 3518//4090 3517//4090
f 3516//4091 3518//4091 3519//4091
f 3465//4092 3482//4092 3479//4092
f 3471//4093 3480//4093 3482//4093
f 3472//4094 3470//4094 3466//4094
f 3478//4095 3467//4095 3470//4095
f 3486//4096 3477//4096 3473//4096
f 3492//4097 3474//4097 3477//4097
f 3481//4098 3491//4098 3487//4098
f 3484//4099 3488//4099 3491//4099
f 3479//4100 3510//4100 3507//4100
f 3485//4101 3508//4101 3510//4101
f 3514//4102 3489//4102 3486//4102
f 3520//4103 3487//4103 3489//4103
f 3509//4104 3519//4104 3515//4104
f 3512//4105 3516//4105 3519//4105
f 3507//4106 3496//4106 3493//4106
f 3513//4107 3494//4107 3496//4107
f 3500//4108 3517//4108 3514//4108
f 3506//4109 3515//4109 3517//4109
f 3495//4110 3505//4110 3501//4110
f 3498//4111 3502//4111 3505//4111
f 3493//4112 3468//4112 3465//4112
f 3499//4113 3466//4113 3468//4113
f 3473//4114 3503//4114 3500//4114
f 3475//4115 3501//4115 3503//4115
f 3507//4116 3465//4116 3479//4116
f 3474//4117 3480//4117 3467//4117
f 3501//4118 3466//4118 3495//4118
f 3486//4119 3500//4119 3514//4119
f 3487//4120 3508//4120 3481//4120
f 3515//4121 3494//4121 3509//4121
f 3465//4122 3468//4122 3469//4122
f 3466//4123 3470//4123 3469//4123
f 3467//4124 3471//4124 3469//4124
f 3472//4125 3475//4125 3476//4125
f 3473//4126 3477//4126 3476//4126
f 3474//4127 3478//4127 3476//4127
f 3479//4128 3482//4128 3483//4128
f 3480//4129 3484//4129 3483//4129
f 3481//4130 3485//4130 3483//4130
f 3486//4131 3489//4131 3490//4131
f 3487//4132 3491//4132 3490//4132
f 3488//4133 3492//4133 3490//4133
f 3493//4134 3496//4134 3497//4134
f 3494//4135 3498//4135 3497//4135
f 3495//4136 3499//4136 3497//4136
f 3500//4137 3503//4137 3504//4137
f 3501//4138 3505//4138 3504//4138
f 3502//4139 3506//4139 3504//4139
f 3507//4140 3510//4140 3511//4140
f 3508//4141 3512//4141 3511//4141
f 3509//4142 3513//4142 3511//4142
f 3514//4143 3517//4143 3518//4143
f 3515//4144 3519//4144 3518//4144
f 3516//4145 3520//4145 3518//4145
f 3465//4092 3471//4092 3482//4092
f 3471//4093 3467//4093 3480//4093
f 3472//4094 3478//4094 3470//4094
f 3478//4095 3474//4095 3467//4095
f 3486//4096 3492//4096 3477//4096
f 3492//4097 3488//4097 3474//4097
f 3481//4098 3484//4098 3491//4098
f 3484//4099 3480//4099 3488//4099
f 3479//4100 3485//4100 3510//4100
f 3485//4101 3481//4101 3508//4101
f 3514//4102 3520//4102 3489//4102
f 3520//4103 3516//4103 3487//4103
f 3509//4104 3512//4104 3519//4104
f 3512//4105 3508//4105 3516//4105
f 3507//4106 3513//4106 3496//4106
f 3513//4107 3509//4107 3494//4107
f 3500//4108 3506//4108 3517//4108
f 3506//4109 3502//4109 3515//4109
f 3495//4110 3498//4110 3505//4110
f 3498//4111 3494//4111 3502//4111
f 3493//4112 3499//4112 3468//4112
f 3499//4113 3495//4113 3466//4113
f 3473//4114 3475//4114 3503//4114
f 3475//4115 3472//4115 3501//4115
f 3507//4116 3493//4116 3465//4116
f 3474//4117 3488//4117 3480//4117
f 3501//4118 3472//4118 3466//4118
f 3486//4119 3473//4119 3500//4119
f 3487//4120 3516//4120 3508//4120
f 3515//4121 3502//4121 3494//4121
o GateTower_6.1
v 2.180000 0.000000 41.119999
v 2.180000 0.080000 41.200001
v 2.100000 0.080000 41.119999
v 2.180000 0.023432 41.176567
v 2.133812 0.033812 41.166187
v 2.123431 0.080000 41.176567
v 2.123431 0.023432 41.119999
v 2.180000 4.920000 41.200001
v 2.180000 5.000000 41.119999
v 2.100000 4.920000 41.119999
v 2.180000 4.976568 41.176567
v 2.133812 4.966188 41.166187
v 2.123431 4.976568 41.119999
v 2.123431 4.920000 41.176567
v 2.180000 0.000000 34.880001
v 2.100000 0.080000 34.880001
v 2.180000 0.080000 34.799999
v 2.123431 0.023432 34.880001
v 2.133812 0.033812 34.833813
v 2.123431 0.080000 34.823433
v 2.180000 0.023432 34.823433
v 2.180000 5.000000 34.880001
v 2.180000 4.920000 34.799999
v 2.100000 4.920000 34.880001
v 2.180000 4.976568 34.823433
v 2.133812 4.966188 34.833813
v 2.123431 4.920000 34.823433
v 2.123431 4.976568 34.880001
v 10.020000 0.000000 41.119999
v 10.100000 0.080000 41.119999
v 10.020000 0.080000 41.200001
v 10.076569 0.023432 41.119999
v 10.066188 0.033812 41.166187
v 10.076569 0.080000 41.176567
v 10.020000 0.023432 41.176567
v 10.020000 5.000000 41.119999
v 10.020000 4.920000 41.200001
v 10.100000 4.920000 41.119999
v 10.020000 4.976568 41.176567
v 10.066188 4.966188 41.166187
v 10.076569 4.920000 41.176567
v 10.076569 4.976568 41.119999
v 10.020000 0.000000 34.880001
v 10.020000 0.080000 34.799999
v 10.100000 0.080000 34.880001
v 10.020000 0.023432 34.823433
v 10.066188 0.033812 34.833813
v 10.076569 0.080000 34.823433
v 10.076569 0.023432 34.880001
v 10.020000 5.000000 34.880001
v 10.100000 4.920000 34.880001
v 10.020000 4.920000 34.799999
v 10.076569 4.976568 34.880001
v 10.066188 4.966188 34.833813
v 10.076569 4.920000 34.823433
v 10.020000 4.976568 34.823433
vn -0.3672 -0.8865 0.2817
vn -0.2818 -0.3672 0.8865
vn -0.8865 -0.2818 0.3672
vn -0.3672 0.2818 0.8865
vn -0.2817 0.8865 0.3672
vn -0.8865 0.3672 0.2817
vn -0.2817 -0.8865 -0.3672
vn -0.8865 -0.3672 -0.2817
vn -0.3672 -0.2818 -0.8865
vn -0.3672 0.8865 -0.2818
vn -0.2818 0.3672 -0.8865
vn -0.8865 0.2818 -0.3672
vn 0.2817 -0.8865 0.3672
vn 0.8865 -0.3672 0.2817
vn 0.3672 -0.2818 0.8865
vn 0.3672 0.8865 0.2817
vn 0.2818 0.3672 0.8865
vn 0.8865 0.2818 0.3672
vn 0.3672 -0.8865 -0.2818
vn 0.2818 -0.3672 -0.8865
vn 0.8865 -0.2818 -0.3672
vn 0.2817 0.8865 -0.3672
vn 0.8865 0.3672 -0.2817
vn 0.3672 0.2818 -0.8865
vn -0.3827 -0.9239 -0.0000
vn -0.9239 -0.3827 -0.0000
vn -0.3827 -0.0000 0.9239
vn -0.9239 -0.0000 0.3827
vn -0.3827 0.9239 -0.0000
vn -0.9239 0.3827 -0.0000
vn -0.3827 -0.0000 -0.9239
vn -0.9239 -0.0000 -0.3827
vn -0.0000 -0.9239 -0.3827
vn -0.0000 -0.3827 -0.9239
vn -0.0000 0.9239 -0.3827
vn -0.0000 0.3827 -0.9239
vn 0.9239 -0.0000 -0.3827
vn 0.3827 -0.0000 -0.9239
vn 0.3827 -0.9239 -0.0000
vn 0.9239 -0.3827 -0.0000
vn 0.3827 0.9239 -0.0000
vn 0.9239 0.3827 -0.0000
vn 0.3827 -0.0000 0.9239
vn 0.9239 -0.0000 0.3827
vn -0.0000 -0.9239 0.3827
vn -0.0000 -0.3827 0.9239
vn -0.0000 0.9239 0.3827
vn -0.0000 0.3827 0.9239
vn -0.0000 -1.0000 -0.0000
vn -1.0000 -0.0000 -0.0000
vn -0.0000 -0.0000 1.0000
vn -0.0000 1.0000 -0.0000
vn -0.0000 -0.0000 -1.0000
vn 1.0000 -0.0000 -0.0000
vn -0.2817 -0.8865 0.3672
vn -0.3672 -0.2818 0.8865
vn -0.8865 -0.3672 0.2817
vn -0.2818 0.3672 0.8865
vn -0.3672 0.8865 0.2817
vn -0.8865 0.2818 0.3672
vn -0.3672 -0.8865 -0.2818
vn -0.8865 -0.2818 -0.3672
vn -0.2818 -0.3672 -0.8865
vn -0.2817 0.8865 -0.3672
vn -0.3672 0.2818 -0.8865
vn -0.8865 0.3672 -0.2817
vn 0.3672 -0.8865 0.2817
vn 0.8865 -0.2818 0.3672
vn 0.2818 -0.3672 0.8865
vn 0.2817 0.8865 0.3672
vn 0.3672 0.2818 0.8865
vn 0.8865 0.3672 0.2817
vn 0.2817 -0.8865 -0.3672
vn 0.3672 -0.2818 -0.8865
vn 0.8865 -0.3672 -0.2817
vn 0.3672 0.8865 -0.2818
vn 0.8865 0.2818 -0.3672
vn 0.2818 0.3672 -0.8865
s 0
usemtl Warm_Plaster
f 3521//4146 3525//4146 3527//4146
f 3522//4147 3525//4147 3524//4147
f 3523//4148 3525//4148 3526//4148
f 3528//4149 3532//4149 3534//4149
f 3529//4150 3532//4150 3531//4150
f 3530//4151 3532//4151 3533//4151
f 3535//4152 3539//4152 3541//4152
f 3536//4153 3539//4153 3538//4153
f 3537//4154 3539//4154 3540//4154
f 3542//4155 3546//4155 3548//4155
f 3543//4156 3546//4156 3545//4156
f 3544//4157 3546//4157 3547//4157
f 3549//4158 3553//4158 3555//4158
f 3550//4159 3553//4159 3552//4159
f 3551//4160 3553//4160 3554//4160
f 3556//4161 3560//4161 3562//4161
f 3557//4162 3560//4162 3559//4162
f 3558//4163 3560//4163 3561//4163
f 3563//4164 3567//4164 3569//4164
f 3564//4165 3567//4165 3566//4165
f 3565//4166 3567//4166 3568//4166
f 3570//4167 3574//4167 3576//4167
f 3571//4168 3574//4168 3573//4168
f 3572//4169 3574//4169 3575//4169
f 3521//4170 3538//4170 3535//4170
f 3527//4171 3536//4171 3538//4171
f 3528//4172 3526//4172 3522//4172
f 3534//4173 3523//4173 3526//4173
f 3542//4174 3533//4174 3529//4174
f 3548//4175 3530//4175 3533//4175
f 3537//4176 3547//4176 3543//4176
f 3540//4177 3544//4177 3547//4177
f 3535//4178 3566//4178 3563//4178
f 3541//4179 3564//4179 3566//4179
f 3570//4180 3545//4180 3542//4180
f 3576//4181 3543//4181 3545//4181
f 3565//4182 3575//4182 3571//4182
f 3568//4183 3572//4183 3575//4183
f 3563//4184 3552//4184 3549//4184
f 3569//4185 3550//4185 3552//4185
f 3556//4186 3573//4186 3570//4186
f 3562//4187 3571//4187 3573//4187
f 3551//4188 3561//4188 3557//4188
f 3554//4189 3558//4189 3561//4189
f 3549//4190 3524//4190 3521//4190
f 3555//4191 3522//4191 3524//4191
f 3529//4192 3559//4192 3556//4192
f 3531//4193 3557//4193 3559//4193
f 3563//4194 3521//4194 3535//4194
f 3530//4195 3536//4195 3523//4195
f 3557//4196 3522//4196 3551//4196
f 3542//4197 3556//4197 3570//4197
f 3543//4198 3564//4198 3537//4198
f 3571//4199 3550//4199 3565//4199
f 3521//4200 3524//4200 3525//4200
f 3522//4201 3526//4201 3525//4201
f 3523//4202 3527//4202 3525//4202
f 3528//4203 3531//4203 3532//4203
f 3529//4204 3533//4204 3532//4204
f 3530//4205 3534//4205 3532//4205
f 3535//4206 3538//4206 3539//4206
f 3536//4207 3540//4207 3539//4207
f 3537//4208 3541//4208 3539//4208
f 3542//4209 3545//4209 3546//4209
f 3543//4210 3547//4210 3546//4210
f 3544//4211 3548//4211 3546//4211
f 3549//4212 3552//4212 3553//4212
f 3550//4213 3554//4213 3553//4213
f 3551//4214 3555//4214 3553//4214
f 3556//4215 3559//4215 3560//4215
f 3557//4216 3561//4216 3560//4216
f 3558//4217 3562//4217 3560//4217
f 3563//4218 3566//4218 3567//4218
f 3564//4219 3568//4219 3567//4219
f 3565//4220 3569//4220 3567//4220
f 3570//4221 3573//4221 3574//4221
f 3571//4222 3575//4222 3574//4222
f 3572//4223 3576//4223 3574//4223
f 3521//4170 3527//4170 3538//4170
f 3527//4171 3523//4171 3536//4171
f 3528//4172 3534//4172 3526//4172
f 3534//4173 3530//4173 3523//4173
f 3542//4174 3548//4174 3533//4174
f 3548//4175 3544//4175 3530//4175
f 3537//4176 3540//4176 3547//4176
f 3540//4177 3536//4177 3544//4177
f 3535//4178 3541//4178 3566//4178
f 3541//4179 3537//4179 3564//4179
f 3570//4180 3576//4180 3545//4180
f 3576//4181 3572//4181 3543//4181
f 3565//4182 3568//4182 3575//4182
f 3568//4183 3564//4183 3572//4183
f 3563//4184 3569//4184 3552//4184
f 3569//4185 3565//4185 3550//4185
f 3556//4186 3562//4186 3573//4186
f 3562//4187 3558//4187 3571//4187
f 3551//4188 3554//4188 3561//4188
f 3554//4189 3550//4189 3558//4189
f 3549//4190 3555//4190 3524//4190
f 3555//4191 3551//4191 3522//4191
f 3529//4192 3531//4192 3559//4192
f 3531//4193 3528//4193 3557//4193
f 3563//4194 3549//4194 3521//4194
f 3530//4195 3544//4195 3536//4195
f 3557//4196 3528//4196 3522//4196
f 3542//4197 3529//4197 3556//4197
f 3543//4198 3572//4198 3564//4198
f 3571//4199 3558//4199 3550//4199
o GateBeam
v -4.170000 4.500000 37.619999
v -4.170000 4.580000 37.700001
v -4.250000 4.580000 37.619999
v -4.170000 4.523431 37.676571
v -4.216188 4.533812 37.666187
v -4.226569 4.580000 37.676571
v -4.226569 4.523431 37.619999
v -4.170000 5.420000 37.700001
v -4.170000 5.500000 37.619999
v -4.250000 5.420000 37.619999
v -4.170000 5.476569 37.676571
v -4.216188 5.466188 37.666187
v -4.226569 5.476569 37.619999
v -4.226569 5.420000 37.676571
v -4.170000 4.500000 36.780003
v -4.250000 4.580000 36.780003
v -4.170000 4.580000 36.700001
v -4.226569 4.523431 36.780003
v -4.216188 4.533812 36.733814
v -4.226569 4.580000 36.723431
v -4.170000 4.523431 36.723431
v -4.170000 5.500000 36.780003
v -4.170000 5.420000 36.700001
v -4.250000 5.420000 36.780003
v -4.170000 5.476569 36.723431
v -4.216188 5.466188 36.733814
v -4.226569 5.420000 36.723431
v -4.226569 5.476569 36.780003
v 4.170000 4.500000 37.619999
v 4.250000 4.580000 37.619999
v 4.170000 4.580000 37.700001
v 4.226569 4.523431 37.619999
v 4.216188 4.533812 37.666187
v 4.226569 4.580000 37.676571
v 4.170000 4.523431 37.676571
v 4.170000 5.500000 37.619999
v 4.170000 5.420000 37.700001
v 4.250000 5.420000 37.619999
v 4.170000 5.476569 37.676571
v 4.216188 5.466188 37.666187
v 4.226569 5.420000 37.676571
v 4.226569 5.476569 37.619999
v 4.170000 4.500000 36.780003
v 4.170000 4.580000 36.700001
v 4.250000 4.580000 36.780003
v 4.170000 4.523431 36.723431
v 4.216188 4.533812 36.733814
v 4.226569 4.580000 36.723431
v 4.226569 4.523431 36.780003
v 4.170000 5.500000 36.780003
v 4.250000 5.420000 36.780003
v 4.170000 5.420000 36.700001
v 4.226569 5.476569 36.780003
v 4.216188 5.466188 36.733814
v 4.226569 5.420000 36.723431
v 4.170000 5.476569 36.723431
vn -0.3672 -0.8865 0.2817
vn -0.2817 -0.3672 0.8865
vn -0.8864 -0.2818 0.3672
vn -0.3672 0.2818 0.8865
vn -0.2817 0.8864 0.3672
vn -0.8865 0.3672 0.2817
vn -0.2817 -0.8864 -0.3672
vn -0.8865 -0.3672 -0.2817
vn -0.3672 -0.2818 -0.8865
vn -0.3672 0.8865 -0.2817
vn -0.2817 0.3672 -0.8865
vn -0.8864 0.2818 -0.3672
vn 0.2817 -0.8864 0.3672
vn 0.8865 -0.3672 0.2817
vn 0.3672 -0.2818 0.8865
vn 0.3672 0.8865 0.2817
vn 0.2817 0.3672 0.8865
vn 0.8864 0.2818 0.3672
vn 0.3672 -0.8865 -0.2817
vn 0.2817 -0.3672 -0.8865
vn 0.8864 -0.2818 -0.3672
vn 0.2817 0.8864 -0.3672
vn 0.8865 0.3672 -0.2817
vn 0.3672 0.2818 -0.8865
vn -0.3827 -0.9239 -0.0000
vn -0.9239 -0.3827 -0.0000
vn -0.3827 -0.0000 0.9239
vn -0.9239 -0.0000 0.3827
vn -0.3827 0.9239 -0.0000
vn -0.9239 0.3827 -0.0000
vn -0.3827 -0.0000 -0.9239
vn -0.9239 -0.0000 -0.3827
vn -0.0000 -0.9239 -0.3827
vn -0.0000 -0.3827 -0.9239
vn -0.0000 0.9239 -0.3827
vn -0.0000 0.3827 -0.9239
vn 0.9239 -0.0000 -0.3827
vn 0.3827 -0.0000 -0.9239
vn 0.3827 -0.9239 -0.0000
vn 0.9239 -0.3827 -0.0000
vn 0.3827 0.9239 -0.0000
vn 0.9239 0.3827 -0.0000
vn 0.3827 -0.0000 0.9239
vn 0.9239 -0.0000 0.3827
vn -0.0000 -0.9239 0.3827
vn -0.0000 -0.3827 0.9239
vn -0.0000 0.9239 0.3827
vn -0.0000 0.3827 0.9239
vn -0.0000 -1.0000 -0.0000
vn -1.0000 -0.0000 -0.0000
vn -0.0000 -0.0000 1.0000
vn -0.0000 1.0000 -0.0000
vn -0.0000 -0.0000 -1.0000
vn 1.0000 -0.0000 -0.0000
vn -0.2817 -0.8864 0.3672
vn -0.3672 -0.2818 0.8865
vn -0.8865 -0.3672 0.2817
vn -0.2817 0.3672 0.8865
vn -0.3672 0.8865 0.2817
vn -0.8864 0.2818 0.3672
vn -0.3672 -0.8865 -0.2817
vn -0.8864 -0.2818 -0.3672
vn -0.2817 -0.3672 -0.8865
vn -0.2817 0.8864 -0.3672
vn -0.3672 0.2818 -0.8865
vn -0.8865 0.3672 -0.2817
vn 0.3672 -0.8865 0.2817
vn 0.8864 -0.2818 0.3672
vn 0.2817 -0.3672 0.8865
vn 0.2817 0.8864 0.3672
vn 0.3672 0.2818 0.8865
vn 0.8865 0.3672 0.2817
vn 0.2817 -0.8864 -0.3672
vn 0.3672 -0.2818 -0.8865
vn 0.8865 -0.3672 -0.2817
vn 0.3672 0.8865 -0.2817
vn 0.8864 0.2818 -0.3672
vn 0.2817 0.3672 -0.8865
s 0
usemtl Dark_Timber
f 3577//4224 3581//4224 3583//4224
f 3578//4225 3581//4225 3580//4225
f 3579//4226 3581//4226 3582//4226
f 3584//4227 3588//4227 3590//4227
f 3585//4228 3588//4228 3587//4228
f 3586//4229 3588//4229 3589//4229
f 3591//4230 3595//4230 3597//4230
f 3592//4231 3595//4231 3594//4231
f 3593//4232 3595//4232 3596//4232
f 3598//4233 3602//4233 3604//4233
f 3599//4234 3602//4234 3601//4234
f 3600//4235 3602//4235 3603//4235
f 3605//4236 3609//4236 3611//4236
f 3606//4237 3609//4237 3608//4237
f 3607//4238 3609//4238 3610//4238
f 3612//4239 3616//4239 3618//4239
f 3613//4240 3616//4240 3615//4240
f 3614//4241 3616//4241 3617//4241
f 3619//4242 3623//4242 3625//4242
f 3620//4243 3623//4243 3622//4243
f 3621//4244 3623//4244 3624//4244
f 3626//4245 3630//4245 3632//4245
f 3627//4246 3630//4246 3629//4246
f 3628//4247 3630//4247 3631//4247
f 3577//4248 3594//4248 3591//4248
f 3583//4249 3592//4249 3594//4249
f 3584//4250 3582//4250 3578//4250
f 3590//4251 3579//4251 3582//4251
f 3598//4252 3589//4252 3585//4252
f 3604//4253 3586//4253 3589//4253
f 3593//4254 3603//4254 3599//4254
f 3596//4255 3600//4255 3603//4255
f 3591//4256 3622//4256 3619//4256
f 3597//4257 3620//4257 3622//4257
f 3626//4258 3601//4258 3598//4258
f 3632//4259 3599//4259 3601//4259
f 3621//4260 3631//4260 3627//4260
f 3624//4261 3628//4261 3631//4261
f 3619//4262 3608//4262 3605//4262
f 3625//4263 3606//4263 3608//4263
f 3612//4264 3629//4264 3626//4264
f 3618//4265 3627//4265 3629//4265
f 3607//4266 3617//4266 3613//4266
f 3610//4267 3614//4267 3617//4267
f 3605//4268 3580//4268 3577//4268
f 3611//4269 3578//4269 3580//4269
f 3585//4270 3615//4270 3612//4270
f 3587//4271 3613//4271 3615//4271
f 3619//4272 3577//4272 3591//4272
f 3586//4273 3592//4273 3579//4273
f 3613//4274 3578//4274 3607//4274
f 3598//4275 3612//4275 3626//4275
f 3599//4276 3620//4276 3593//4276
f 3627//4277 3606//4277 3621//4277
f 3577//4278 3580//4278 3581//4278
f 3578//4279 3582//4279 3581//4279
f 3579//4280 3583//4280 3581//4280
f 3584//4281 3587//4281 3588//4281
f 3585//4282 3589//4282 3588//4282
f 3586//4283 3590//4283 3588//4283
f 3591//4284 3594//4284 3595//4284
f 3592//4285 3596//4285 3595//4285
f 3593//4286 3597//4286 3595//4286
f 3598//4287 3601//4287 3602//4287
f 3599//4288 3603//4288 3602//4288
f 3600//4289 3604//4289 3602//4289
f 3605//4290 3608//4290 3609//4290
f 3606//4291 3610//4291 3609//4291
f 3607//4292 3611//4292 3609//4292
f 3612//4293 3615//4293 3616//4293
f 3613//4294 3617//4294 3616//4294
f 3614//4295 3618//4295 3616//4295
f 3619//4296 3622//4296 3623//4296
f 3620//4297 3624//4297 3623//4297
f 3621//4298 3625//4298 3623//4298
f 3626//4299 3629//4299 3630//4299
f 3627//4300 3631//4300 3630//4300
f 3628//4301 3632//4301 3630//4301
f 3577//4248 3583//4248 3594//4248
f 3583//4249 3579//4249 3592//4249
f 3584//4250 3590//4250 3582//4250
f 3590//4251 3586//4251 3579//4251
f 3598//4252 3604//4252 3589//4252
f 3604//4253 3600//4253 3586//4253
f 3593//4254 3596//4254 3603//4254
f 3596//4255 3592//4255 3600//4255
f 3591//4256 3597//4256 3622//4256
f 3597//4257 3593//4257 3620//4257
f 3626//4258 3632//4258 3601//4258
f 3632//4259 3628//4259 3599//4259
f 3621//4260 3624//4260 3631//4260
f 3624//4261 3620//4261 3628//4261
f 3619//4262 3625//4262 3608//4262
f 3625//4263 3621//4263 3606//4263
f 3612//4264 3618//4264 3629//4264
f 3618//4265 3614//4265 3627//4265
f 3607//4266 3610//4266 3617//4266
f 3610//4267 3606//4267 3614//4267
f 3605//4268 3611//4268 3580//4268
f 3611//4269 3607//4269 3578//4269
f 3585//4270 3587//4270 3615//4270
f 3587//4271 3584//4271 3613//4271
f 3619//4272 3605//4272 3577//4272
f 3586//4273 3600//4273 3592//4273
f 3613//4274 3584//4274 3578//4274
f 3598//4275 3585//4275 3612//4275
f 3599//4276 3628//4276 3620//4276
f 3627//4277 3614//4277 3606//4277
o GatePlaque
v -2.150000 4.325000 36.590000
v -2.150000 4.375000 36.639999
v -2.200000 4.375000 36.590000
v -2.150000 4.339644 36.625355
v -2.178868 4.346132 36.618866
v -2.185355 4.375000 36.625355
v -2.185355 4.339644 36.590000
v -2.150000 5.625000 36.639999
v -2.150000 5.675000 36.590000
v -2.200000 5.625000 36.590000
v -2.150000 5.660356 36.625355
v -2.178868 5.653868 36.618866
v -2.185355 5.660356 36.590000
v -2.185355 5.625000 36.625355
v -2.150000 4.325000 36.509998
v -2.200000 4.375000 36.509998
v -2.150000 4.375000 36.459999
v -2.185355 4.339644 36.509998
v -2.178868 4.346132 36.481133
v -2.185355 4.375000 36.474644
v -2.150000 4.339644 36.474644
v -2.150000 5.675000 36.509998
v -2.150000 5.625000 36.459999
v -2.200000 5.625000 36.509998
v -2.150000 5.660356 36.474644
v -2.178868 5.653868 36.481133
v -2.185355 5.625000 36.474644
v -2.185355 5.660356 36.509998
v 2.150000 4.325000 36.590000
v 2.200000 4.375000 36.590000
v 2.150000 4.375000 36.639999
v 2.185355 4.339644 36.590000
v 2.178868 4.346132 36.618866
v 2.185355 4.375000 36.625355
v 2.150000 4.339644 36.625355
v 2.150000 5.675000 36.590000
v 2.150000 5.625000 36.639999
v 2.200000 5.625000 36.590000
v 2.150000 5.660356 36.625355
v 2.178868 5.653868 36.618866
v 2.185355 5.625000 36.625355
v 2.185355 5.660356 36.590000
v 2.150000 4.325000 36.509998
v 2.150000 4.375000 36.459999
v 2.200000 4.375000 36.509998
v 2.150000 4.339644 36.474644
v 2.178868 4.346132 36.481133
v 2.185355 4.375000 36.474644
v 2.185355 4.339644 36.509998
v 2.150000 5.675000 36.509998
v 2.200000 5.625000 36.509998
v 2.150000 5.625000 36.459999
v 2.185355 5.660356 36.509998
v 2.178868 5.653868 36.481133
v 2.185355 5.625000 36.474644
v 2.150000 5.660356 36.474644
vn -0.3672 -0.8865 0.2817
vn -0.2817 -0.3672 0.8865
vn -0.8865 -0.2817 0.3672
vn -0.3672 0.2817 0.8865
vn -0.2817 0.8865 0.3672
vn -0.8865 0.3672 0.2817
vn -0.2817 -0.8865 -0.3672
vn -0.8865 -0.3672 -0.2817
vn -0.3672 -0.2817 -0.8865
vn -0.3672 0.8865 -0.2817
vn -0.2817 0.3672 -0.8865
vn -0.8865 0.2817 -0.3672
vn 0.2817 -0.8865 0.3672
vn 0.8865 -0.3672 0.2817
vn 0.3672 -0.2817 0.8865
vn 0.3672 0.8865 0.2817
vn 0.2817 0.3672 0.8865
vn 0.8865 0.2817 0.3672
vn 0.3672 -0.8865 -0.2817
vn 0.2817 -0.3672 -0.8865
vn 0.8865 -0.2817 -0.3672
vn 0.2817 0.8865 -0.3672
vn 0.8865 0.3672 -0.2817
vn 0.3672 0.2817 -0.8865
vn -0.3827 -0.9239 -0.0000
vn -0.9239 -0.3827 -0.0000
vn -0.3827 -0.0000 0.9239
vn -0.9239 -0.0000 0.3827
vn -0.3827 0.9239 -0.0000
vn -0.9239 0.3827 -0.0000
vn -0.3827 -0.0000 -0.9239
vn -0.9239 -0.0000 -0.3827
vn -0.0000 -0.9239 -0.3827
vn -0.0000 -0.3827 -0.9239
vn -0.0000 0.9239 -0.3827
vn -0.0000 0.3827 -0.9239
vn 0.9239 -0.0000 -0.3827
vn 0.3827 -0.0000 -0.9239
vn 0.3827 -0.9239 -0.0000
vn 0.9239 -0.3827 -0.0000
vn 0.3827 0.9239 -0.0000
vn 0.9239 0.3827 -0.0000
vn 0.3827 -0.0000 0.9239
vn 0.9239 -0.0000 0.3827
vn -0.0000 -0.9239 0.3827
vn -0.0000 -0.3827 0.9239
vn -0.0000 0.9239 0.3827
vn -0.0000 0.3827 0.9239
vn -0.0000 -1.0000 -0.0000
vn -1.0000 -0.0000 -0.0000
vn -0.0000 -0.0000 1.0000
vn -0.0000 1.0000 -0.0000
vn -0.0000 -0.0000 -1.0000
vn 1.0000 -0.0000 -0.0000
vn -0.2817 -0.8865 0.3672
vn -0.3672 -0.2817 0.8865
vn -0.8865 -0.3672 0.2817
vn -0.2817 0.3672 0.8865
vn -0.3672 0.8865 0.2817
vn -0.8865 0.2817 0.3672
vn -0.3672 -0.8865 -0.2817
vn -0.8865 -0.2817 -0.3672
vn -0.2817 -0.3672 -0.8865
vn -0.2817 0.8865 -0.3672
vn -0.3672 0.2817 -0.8865
vn -0.8865 0.3672 -0.2817
vn 0.3672 -0.8865 0.2817
vn 0.8865 -0.2817 0.3672
vn 0.2817 -0.3672 0.8865
vn 0.2817 0.8865 0.3672
vn 0.3672 0.2817 0.8865
vn 0.8865 0.3672 0.2817
vn 0.2817 -0.8865 -0.3672
vn 0.3672 -0.2817 -0.8865
vn 0.8865 -0.3672 -0.2817
vn 0.3672 0.8865 -0.2817
vn 0.8865 0.2817 -0.3672
vn 0.2817 0.3672 -0.8865
s 0
usemtl Old_Gold
f 3633//4302 3637//4302 3639//4302
f 3634//4303 3637//4303 3636//4303
f 3635//4304 3637//4304 3638//4304
f 3640//4305 3644//4305 3646//4305
f 3641//4306 3644//4306 3643//4306
f 3642//4307 3644//4307 3645//4307
f 3647//4308 3651//4308 3653//4308
f 3648//4309 3651//4309 3650//4309
f 3649//4310 3651//4310 3652//4310
f 3654//4311 3658//4311 3660//4311
f 3655//4312 3658//4312 3657//4312
f 3656//4313 3658//4313 3659//4313
f 3661//4314 3665//4314 3667//4314
f 3662//4315 3665//4315 3664//4315
f 3663//4316 3665//4316 3666//4316
f 3668//4317 3672//4317 3674//4317
f 3669//4318 3672//4318 3671//4318
f 3670//4319 3672//4319 3673//4319
f 3675//4320 3679//4320 3681//4320
f 3676//4321 3679//4321 3678//4321
f 3677//4322 3679//4322 3680//4322
f 3682//4323 3686//4323 3688//4323
f 3683//4324 3686//4324 3685//4324
f 3684//4325 3686//4325 3687//4325
f 3647//4326 3639//4326 3650//4326
f 3639//4327 3648//4327 3650//4327
f 3640//4328 3638//4328 3634//4328
f 3646//4329 3635//4329 3638//4329
f 3641//4330 3660//4330 3645//4330
f 3660//4331 3642//4331 3645//4331
f 3649//4332 3659//4332 3655//4332
f 3652//4333 3656//4333 3659//4333
f 3647//4334 3678//4334 3675//4334
f 3653//4335 3676//4335 3678//4335
f 3682//4336 3657//4336 3654//4336
f 3688//4337 3655//4337 3657//4337
f 3677//4338 3687//4338 3683//4338
f 3680//4339 3684//4339 3687//4339
f 3661//4340 3681//4340 3664//4340
f 3681//4341 3662//4341 3664//4341
f 3682//4342 3674//4342 3685//4342
f 3674//4343 3683//4343 3685//4343
f 3663//4344 3673//4344 3669//4344
f 3666//4345 3670//4345 3673//4345
f 3661//4346 3636//4346 3633//4346
f 3667//4347 3634//4347 3636//4347
f 3641//4348 3671//4348 3668//4348
f 3643//4349 3669//4349 3671//4349
f 3675//4350 3633//4350 3647//4350
f 3642//4351 3648//4351 3635//4351
f 3669//4352 3634//4352 3663//4352
f 3654//4353 3668//4353 3682//4353
f 3655//4354 3676//4354 3649//4354
f 3683//4355 3662//4355 3677//4355
f 3633//4356 3636//4356 3637//4356
f 3634//4357 3638//4357 3637//4357
f 3635//4358 3639//4358 3637//4358
f 3640//4359 3643//4359 3644//4359
f 3641//4360 3645//4360 3644//4360
f 3642//4361 3646//4361 3644//4361
f 3647//4362 3650//4362 3651//4362
f 3648//4363 3652//4363 3651//4363
f 3649//4364 3653//4364 3651//4364
f 3654//4365 3657//4365 3658//4365
f 3655//4366 3659//4366 3658//4366
f 3656//4367 3660//4367 3658//4367
f 3661//4368 3664//4368 3665//4368
f 3662//4369 3666//4369 3665//4369
f 3663//4370 3667//4370 3665//4370
f 3668//4371 3671//4371 3672//4371
f 3669//4372 3673//4372 3672//4372
f 3670//4373 3674//4373 3672//4373
f 3675//4374 3678//4374 3679//4374
f 3676//4375 3680//4375 3679//4375
f 3677//4376 3681//4376 3679//4376
f 3682//4377 3685//4377 3686//4377
f 3683//4378 3687//4378 3686//4378
f 3684//4379 3688//4379 3686//4379
f 3647//4326 3633//4326 3639//4326
f 3639//4327 3635//4327 3648//4327
f 3640//4328 3646//4328 3638//4328
f 3646//4329 3642//4329 3635//4329
f 3641//4330 3654//4330 3660//4330
f 3660//4331 3656//4331 3642//4331
f 3649//4332 3652//4332 3659//4332
f 3652//4333 3648//4333 3656//4333
f 3647//4334 3653//4334 3678//4334
f 3653//4335 3649//4335 3676//4335
f 3682//4336 3688//4336 3657//4336
f 3688//4337 3684//4337 3655//4337
f 3677//4338 3680//4338 3687//4338
f 3680//4339 3676//4339 3684//4339
f 3661//4340 3675//4340 3681//4340
f 3681//4341 3677//4341 3662//4341
f 3682//4342 3668//4342 3674//4342
f 3674//4343 3670//4343 3683//4343
f 3663//4344 3666//4344 3673//4344
f 3666//4345 3662//4345 3670//4345
f 3661//4346 3667//4346 3636//4346
f 3667//4347 3663//4347 3634//4347
f 3641//4348 3643//4348 3671//4348
f 3643//4349 3640//4349 3669//4349
f 3675//4350 3661//4350 3633//4350
f 3642//4351 3656//4351 3648//4351
f 3669//4352 3640//4352 3634//4352
f 3654//4353 3641//4353 3668//4353
f 3655//4354 3684//4354 3676//4354
f 3683//4355 3670//4355 3662//4355
o NorthRail_-1_-34
v -35.709999 0.200000 -24.469999
v -35.709999 0.240000 -24.430000
v -35.750000 0.240000 -24.469999
v -35.709999 0.211716 -24.441715
v -35.733093 0.216906 -24.446905
v -35.738285 0.240000 -24.441715
v -35.738285 0.211716 -24.469999
v -35.709999 0.860000 -24.430000
v -35.709999 0.900000 -24.469999
v -35.750000 0.860000 -24.469999
v -35.709999 0.888284 -24.441715
v -35.733093 0.883094 -24.446905
v -35.738285 0.888284 -24.469999
v -35.738285 0.860000 -24.441715
v -35.709999 0.200000 -24.530001
v -35.750000 0.240000 -24.530001
v -35.709999 0.240000 -24.570000
v -35.738285 0.211716 -24.530001
v -35.733093 0.216906 -24.553095
v -35.738285 0.240000 -24.558285
v -35.709999 0.211716 -24.558285
v -35.709999 0.900000 -24.530001
v -35.709999 0.860000 -24.570000
v -35.750000 0.860000 -24.530001
v -35.709999 0.888284 -24.558285
v -35.733093 0.883094 -24.553095
v -35.738285 0.860000 -24.558285
v -35.738285 0.888284 -24.530001
v -32.290001 0.200000 -24.469999
v -32.250000 0.240000 -24.469999
v -32.290001 0.240000 -24.430000
v -32.261715 0.211716 -24.469999
v -32.266907 0.216906 -24.446905
v -32.261715 0.240000 -24.441715
v -32.290001 0.211716 -24.441715
v -32.290001 0.900000 -24.469999
v -32.290001 0.860000 -24.430000
v -32.250000 0.860000 -24.469999
v -32.290001 0.888284 -24.441715
v -32.266907 0.883094 -24.446905
v -32.261715 0.860000 -24.441715
v -32.261715 0.888284 -24.469999
v -32.290001 0.200000 -24.530001
v -32.290001 0.240000 -24.570000
v -32.250000 0.240000 -24.530001
v -32.290001 0.211716 -24.558285
v -32.266907 0.216906 -24.553095
v -32.261715 0.240000 -24.558285
v -32.261715 0.211716 -24.530001
v -32.290001 0.900000 -24.530001
v -32.250000 0.860000 -24.530001
v -32.290001 0.860000 -24.570000
v -32.261715 0.888284 -24.530001
v -32.266907 0.883094 -24.553095
v -32.261715 0.860000 -24.558285
v -32.290001 0.888284 -24.558285
vn -0.3672 -0.8865 0.2817
vn -0.2817 -0.3672 0.8865
vn -0.8865 -0.2817 0.3672
vn -0.3672 0.2817 0.8865
vn -0.2817 0.8865 0.3672
vn -0.8865 0.3672 0.2817
vn -0.2817 -0.8865 -0.3672
vn -0.8865 -0.3672 -0.2817
vn -0.3672 -0.2817 -0.8865
vn -0.3672 0.8865 -0.2817
vn -0.2817 0.3672 -0.8865
vn -0.8865 0.2817 -0.3672
vn 0.2817 -0.8865 0.3672
vn 0.8865 -0.3672 0.2817
vn 0.3672 -0.2817 0.8865
vn 0.3672 0.8865 0.2817
vn 0.2817 0.3672 0.8865
vn 0.8865 0.2817 0.3672
vn 0.3672 -0.8865 -0.2817
vn 0.2817 -0.3672 -0.8865
vn 0.8865 -0.2817 -0.3672
vn 0.2817 0.8865 -0.3672
vn 0.8865 0.3672 -0.2817
vn 0.3672 0.2817 -0.8865
vn -0.3827 -0.9239 -0.0000
vn -0.9239 -0.3827 -0.0000
vn -0.3827 -0.0000 0.9239
vn -0.9239 -0.0000 0.3827
vn -0.3827 0.9239 -0.0000
vn -0.9239 0.3827 -0.0000
vn -0.3827 -0.0000 -0.9239
vn -0.9239 -0.0000 -0.3827
vn -0.0000 -0.9239 -0.3827
vn -0.0000 -0.3827 -0.9239
vn -0.0000 0.9239 -0.3827
vn -0.0000 0.3827 -0.9239
vn 0.9239 -0.0000 -0.3827
vn 0.3827 -0.0000 -0.9239
vn 0.3827 -0.9239 -0.0000
vn 0.9239 -0.3827 -0.0000
vn 0.3827 0.9239 -0.0000
vn 0.9239 0.3827 -0.0000
vn 0.3827 -0.0000 0.9239
vn 0.9239 -0.0000 0.3827
vn -0.0000 -0.9239 0.3827
vn -0.0000 -0.3827 0.9239
vn -0.0000 0.9239 0.3827
vn -0.0000 0.3827 0.9239
vn -0.0000 -1.0000 -0.0000
vn -1.0000 -0.0000 -0.0000
vn -0.0000 -0.0000 1.0000
vn -0.0000 1.0000 -0.0000
vn -0.0000 -0.0000 -1.0000
vn 1.0000 -0.0000 -0.0000
vn -0.2817 -0.8865 0.3672
vn -0.3672 -0.2817 0.8865
vn -0.8865 -0.3672 0.2817
vn -0.2817 0.3672 0.8865
vn -0.3672 0.8865 0.2817
vn -0.8865 0.2817 0.3672
vn -0.3672 -0.8865 -0.2817
vn -0.8865 -0.2817 -0.3672
vn -0.2817 -0.3672 -0.8865
vn -0.2817 0.8865 -0.3672
vn -0.3672 0.2817 -0.8865
vn -0.8865 0.3672 -0.2817
vn 0.3672 -0.8865 0.2817
vn 0.8865 -0.2817 0.3672
vn 0.2817 -0.3672 0.8865
vn 0.2817 0.8865 0.3672
vn 0.3672 0.2817 0.8865
vn 0.8865 0.3672 0.2817
vn 0.2817 -0.8865 -0.3672
vn 0.3672 -0.2817 -0.8865
vn 0.8865 -0.3672 -0.2817
vn 0.3672 0.8865 -0.2817
vn 0.8865 0.2817 -0.3672
vn 0.2817 0.3672 -0.8865
s 0
usemtl Stone_Light
f 3689//4380 3693//4380 3695//4380
f 3690//4381 3693//4381 3692//4381
f 3691//4382 3693//4382 3694//4382
f 3696//4383 3700//4383 3702//4383
f 3697//4384 3700//4384 3699//4384
f 3698//4385 3700//4385 3701//4385
f 3703//4386 3707//4386 3709//4386
f 3704//4387 3707//4387 3706//4387
f 3705//4388 3707//4388 3708//4388
f 3710//4389 3714//4389 3716//4389
f 3711//4390 3714//4390 3713//4390
f 3712//4391 3714//4391 3715//4391
f 3717//4392 3721//4392 3723//4392
f 3718//4393 3721//4393 3720//4393
f 3719//4394 3721//4394 3722//4394
f 3724//4395 3728//4395 3730//4395
f 3725//4396 3728//4396 3727//4396
f 3726//4397 3728//4397 3729//4397
f 3731//4398 3735//4398 3737//4398
f 3732//4399 3735//4399 3734//4399
f 3733//4400 3735//4400 3736//4400
f 3738//4401 3742//4401 3744//4401
f 3739//4402 3742//4402 3741//4402
f 3740//4403 3742//4403 3743//4403
f 3689//4404 3706//4404 3703//4404
f 3695//4405 3704//4405 3706//4405
f 3696//4406 3694//4406 3690//4406
f 3702//4407 3691//4407 3694//4407
f 3710//4408 3701//4408 3697//4408
f 3716//4409 3698//4409 3701//4409
f 3705//4410 3715//4410 3711//4410
f 3708//4411 3712//4411 3715//4411
f 3703//4412 3734//4412 3731//4412
f 3709//4413 3732//4413 3734//4413
f 3738//4414 3713//4414 3710//4414
f 3744//4415 3711//4415 3713//4415
f 3733//4416 3743//4416 3739//4416
f 3736//4417 3740//4417 3743//4417
f 3731//4418 3720//4418 3717//4418
f 3737//4419 3718//4419 3720//4419
f 3724//4420 3741//4420 3738//4420
f 3730//4421 3739//4421 3741//4421
f 3719//4422 3729//4422 3725//4422
f 3722//4423 3726//4423 3729//4423
f 3717//4424 3692//4424 3689//4424
f 3723//4425 3690//4425 3692//4425
f 3697//4426 3727//4426 3724//4426
f 3699//4427 3725//4427 3727//4427
f 3731//4428 3689//4428 3703//4428
f 3698//4429 3704//4429 3691//4429
f 3725//4430 3690//4430 3719//4430
f 3710//4431 3724//4431 3738//4431
f 3711//4432 3732//4432 3705//4432
f 3739//4433 3718//4433 3733//4433
f 3689//4434 3692//4434 3693//4434
f 3690//4435 3694//4435 3693//4435
f 3691//4436 3695//4436 3693//4436
f 3696//4437 3699//4437 3700//4437
f 3697//4438 3701//4438 3700//4438
f 3698//4439 3702//4439 3700//4439
f 3703//4440 3706//4440 3707//4440
f 3704//4441 3708//4441 3707//4441
f 3705//4442 3709//4442 3707//4442
f 3710//4443 3713//4443 3714//4443
f 3711//4444 3715//4444 3714//4444
f 3712//4445 3716//4445 3714//4445
f 3717//4446 3720//4446 3721//4446
f 3718//4447 3722//4447 3721//4447
f 3719//4448 3723//4448 3721//4448
f 3724//4449 3727//4449 3728//4449
f 3725//4450 3729//4450 3728//4450
f 3726//4451 3730//4451 3728//4451
f 3731//4452 3734//4452 3735//4452
f 3732//4453 3736//4453 3735//4453
f 3733//4454 3737//4454 3735//4454
f 3738//4455 3741//4455 3742//4455
f 3739//4456 3743//4456 3742//4456
f 3740//4457 3744//4457 3742//4457
f 3689//4404 3695//4404 3706//4404
f 3695//4405 3691//4405 3704//4405
f 3696//4406 3702//4406 3694//4406
f 3702//4407 3698//4407 3691//4407
f 3710//4408 3716//4408 3701//4408
f 3716//4409 3712//4409 3698//4409
f 3705//4410 3708//4410 3715//4410
f 3708//4411 3704//4411 3712//4411
f 3703//4412 3709//4412 3734//4412
f 3709//4413 3705//4413 3732//4413
f 3738//4414 3744//4414 3713//4414
f 3744//4415 3740//4415 3711//4415
f 3733//4416 3736//4416 3743//4416
f 3736//4417 3732//4417 3740//4417
f 3731//4418 3737//4418 3720//4418
f 3737//4419 3733//4419 3718//4419
f 3724//4420 3730//4420 3741//4420
f 3730//4421 3726//4421 3739//4421
f 3719//4422 3722//4422 3729//4422
f 3722//4423 3718//4423 3726//4423
f 3717//4424 3723//4424 3692//4424
f 3723//4425 3719//4425 3690//4425
f 3697//4426 3699//4426 3727//4426
f 3699//4427 3696//4427 3725//4427
f 3731//4428 3717//4428 3689//4428
f 3698//4429 3712//4429 3704//4429
f 3725//4430 3696//4430 3690//4430
f 3710//4431 3697//4431 3724//4431
f 3711//4432 3740//4432 3732//4432
f 3739//4433 3726//4433 3718//4433
o NorthRail_-1_-30
v -31.709999 0.200000 -24.469999
v -31.709999 0.240000 -24.430000
v -31.750000 0.240000 -24.469999
v -31.709999 0.211716 -24.441715
v -31.733093 0.216906 -24.446905
v -31.738285 0.240000 -24.441715
v -31.738285 0.211716 -24.469999
v -31.709999 0.860000 -24.430000
v -31.709999 0.900000 -24.469999
v -31.750000 0.860000 -24.469999
v -31.709999 0.888284 -24.441715
v -31.733093 0.883094 -24.446905
v -31.738285 0.888284 -24.469999
v -31.738285 0.860000 -24.441715
v -31.709999 0.200000 -24.530001
v -31.750000 0.240000 -24.530001
v -31.709999 0.240000 -24.570000
v -31.738285 0.211716 -24.530001
v -31.733093 0.216906 -24.553095
v -31.738285 0.240000 -24.558285
v -31.709999 0.211716 -24.558285
v -31.709999 0.900000 -24.530001
v -31.709999 0.860000 -24.570000
v -31.750000 0.860000 -24.530001
v -31.709999 0.888284 -24.558285
v -31.733093 0.883094 -24.553095
v -31.738285 0.860000 -24.558285
v -31.738285 0.888284 -24.530001
v -28.290001 0.200000 -24.469999
v -28.250000 0.240000 -24.469999
v -28.290001 0.240000 -24.430000
v -28.261715 0.211716 -24.469999
v -28.266907 0.216906 -24.446905
v -28.261715 0.240000 -24.441715
v -28.290001 0.211716 -24.441715
v -28.290001 0.900000 -24.469999
v -28.290001 0.860000 -24.430000
v -28.250000 0.860000 -24.469999
v -28.290001 0.888284 -24.441715
v -28.266907 0.883094 -24.446905
v -28.261715 0.860000 -24.441715
v -28.261715 0.888284 -24.469999
v -28.290001 0.200000 -24.530001
v -28.290001 0.240000 -24.570000
v -28.250000 0.240000 -24.530001
v -28.290001 0.211716 -24.558285
v -28.266907 0.216906 -24.553095
v -28.261715 0.240000 -24.558285
v -28.261715 0.211716 -24.530001
v -28.290001 0.900000 -24.530001
v -28.250000 0.860000 -24.530001
v -28.290001 0.860000 -24.570000
v -28.261715 0.888284 -24.530001
v -28.266907 0.883094 -24.553095
v -28.261715 0.860000 -24.558285
v -28.290001 0.888284 -24.558285
vn -0.3672 -0.8865 0.2817
vn -0.2817 -0.3672 0.8865
vn -0.8865 -0.2817 0.3672
vn -0.3672 0.2817 0.8865
vn -0.2817 0.8865 0.3672
vn -0.8865 0.3672 0.2817
vn -0.2817 -0.8865 -0.3672
vn -0.8865 -0.3672 -0.2817
vn -0.3672 -0.2817 -0.8865
vn -0.3672 0.8865 -0.2817
vn -0.2817 0.3672 -0.8865
vn -0.8865 0.2817 -0.3672
vn 0.2817 -0.8865 0.3672
vn 0.8865 -0.3672 0.2817
vn 0.3672 -0.2817 0.8865
vn 0.3672 0.8865 0.2817
vn 0.2817 0.3672 0.8865
vn 0.8865 0.2817 0.3672
vn 0.3672 -0.8865 -0.2817
vn 0.2817 -0.3672 -0.8865
vn 0.8865 -0.2817 -0.3672
vn 0.2817 0.8865 -0.3672
vn 0.8865 0.3672 -0.2817
vn 0.3672 0.2817 -0.8865
vn -0.3827 -0.9239 -0.0000
vn -0.9239 -0.3827 -0.0000
vn -0.3827 -0.0000 0.9239
vn -0.9239 -0.0000 0.3827
vn -0.3827 0.9239 -0.0000
vn -0.9239 0.3827 -0.0000
vn -0.3827 -0.0000 -0.9239
vn -0.9239 -0.0000 -0.3827
vn -0.0000 -0.9239 -0.3827
vn -0.0000 -0.3827 -0.9239
vn -0.0000 0.9239 -0.3827
vn -0.0000 0.3827 -0.9239
vn 0.9239 -0.0000 -0.3827
vn 0.3827 -0.0000 -0.9239
vn 0.3827 -0.9239 -0.0000
vn 0.9239 -0.3827 -0.0000
vn 0.3827 0.9239 -0.0000
vn 0.9239 0.3827 -0.0000
vn 0.3827 -0.0000 0.9239
vn 0.9239 -0.0000 0.3827
vn -0.0000 -0.9239 0.3827
vn -0.0000 -0.3827 0.9239
vn -0.0000 0.9239 0.3827
vn -0.0000 0.3827 0.9239
vn -0.0000 -1.0000 -0.0000
vn -1.0000 -0.0000 -0.0000
vn -0.0000 -0.0000 1.0000
vn -0.0000 1.0000 -0.0000
vn -0.0000 -0.0000 -1.0000
vn 1.0000 -0.0000 -0.0000
vn -0.2817 -0.8865 0.3672
vn -0.3672 -0.2817 0.8865
vn -0.8865 -0.3672 0.2817
vn -0.2817 0.3672 0.8865
vn -0.3672 0.8865 0.2817
vn -0.8865 0.2817 0.3672
vn -0.3672 -0.8865 -0.2817
vn -0.8865 -0.2817 -0.3672
vn -0.2817 -0.3672 -0.8865
vn -0.2817 0.8865 -0.3672
vn -0.3672 0.2817 -0.8865
vn -0.8865 0.3672 -0.2817
vn 0.3672 -0.8865 0.2817
vn 0.8865 -0.2817 0.3672
vn 0.2817 -0.3672 0.8865
vn 0.2817 0.8865 0.3672
vn 0.3672 0.2817 0.8865
vn 0.8865 0.3672 0.2817
vn 0.2817 -0.8865 -0.3672
vn 0.3672 -0.2817 -0.8865
vn 0.8865 -0.3672 -0.2817
vn 0.3672 0.8865 -0.2817
vn 0.8865 0.2817 -0.3672
vn 0.2817 0.3672 -0.8865
s 0
usemtl Stone_Light
f 3745//4458 3749//4458 3751//4458
f 3746//4459 3749//4459 3748//4459
f 3747//4460 3749//4460 3750//4460
f 3752//4461 3756//4461 3758//4461
f 3753//4462 3756//4462 3755//4462
f 3754//4463 3756//4463 3757//4463
f 3759//4464 3763//4464 3765//4464
f 3760//4465 3763//4465 3762//4465
f 3761//4466 3763//4466 3764//4466
f 3766//4467 3770//4467 3772//4467
f 3767//4468 3770//4468 3769//4468
f 3768//4469 3770//4469 3771//4469
f 3773//4470 3777//4470 3779//4470
f 3774//4471 3777//4471 3776//4471
f 3775//4472 3777//4472 3778//4472
f 3780//4473 3784//4473 3786//4473
f 3781//4474 3784//4474 3783//4474
f 3782//4475 3784//4475 3785//4475
f 3787//4476 3791//4476 3793//4476
f 3788//4477 3791//4477 3790//4477
f 3789//4478 3791//4478 3792//4478
f 3794//4479 3798//4479 3800//4479
f 3795//4480 3798//4480 3797//4480
f 3796//4481 3798//4481 3799//4481
f 3745//4482 3762//4482 3759//4482
f 3751//4483 3760//4483 3762//4483
f 3752//4484 3750//4484 3746//4484
f 3758//4485 3747//4485 3750//4485
f 3766//4486 3757//4486 3753//4486
f 3772//4487 3754//4487 3757//4487
f 3761//4488 3771//4488 3767//4488
f 3764//4489 3768//4489 3771//4489
f 3759//4490 3790//4490 3787//4490
f 3765//4491 3788//4491 3790//4491
f 3794//4492 3769//4492 3766//4492
f 3800//4493 3767//4493 3769//4493
f 3789//4494 3799//4494 3795//4494
f 3792//4495 3796//4495 3799//4495
f 3787//4496 3776//4496 3773//4496
f 3793//4497 3774//4497 3776//4497
f 3780//4498 3797//4498 3794//4498
f 3786//4499 3795//4499 3797//4499
f 3775//4500 3785//4500 3781//4500
f 3778//4501 3782//4501 3785//4501
f 3773//4502 3748//4502 3745//4502
f 3779//4503 3746//4503 3748//4503
f 3753//4504 3783//4504 3780//4504
f 3755//4505 3781//4505 3783//4505
f 3787//4506 3745//4506 3759//4506
f 3754//4507 3760//4507 3747//4507
f 3781//4508 3746//4508 3775//4508
f 3766//4509 3780//4509 3794//4509
f 3767//4510 3788//4510 3761//4510
f 3795//4511 3774//4511 3789//4511
f 3745//4512 3748//4512 3749//4512
f 3746//4513 3750//4513 3749//4513
f 3747//4514 3751//4514 3749//4514
f 3752//4515 3755//4515 3756//4515
f 3753//4516 3757//4516 3756//4516
f 3754//4517 3758//4517 3756//4517
f 3759//4518 3762//4518 3763//4518
f 3760//4519 3764//4519 3763//4519
f 3761//4520 3765//4520 3763//4520
f 3766//4521 3769//4521 3770//4521
f 3767//4522 3771//4522 3770//4522
f 3768//4523 3772//4523 3770//4523
f 3773//4524 3776//4524 3777//4524
f 3774//4525 3778//4525 3777//4525
f 3775//4526 3779//4526 3777//4526
f 3780//4527 3783//4527 3784//4527
f 3781//4528 3785//4528 3784//4528
f 3782//4529 3786//4529 3784//4529
f 3787//4530 3790//4530 3791//4530
f 3788//4531 3792//4531 3791//4531
f 3789//4532 3793//4532 3791//4532
f 3794//4533 3797//4533 3798//4533
f 3795//4534 3799//4534 3798//4534
f 3796//4535 3800//4535 3798//4535
f 3745//4482 3751//4482 3762//4482
f 3751//4483 3747//4483 3760//4483
f 3752//4484 3758//4484 3750//4484
f 3758//4485 3754//4485 3747//4485
f 3766//4486 3772//4486 3757//4486
f 3772//4487 3768//4487 3754//4487
f 3761//4488 3764//4488 3771//4488
f 3764//4489 3760//4489 3768//4489
f 3759//4490 3765//4490 3790//4490
f 3765//4491 3761//4491 3788//4491
f 3794//4492 3800//4492 3769//4492
f 3800//4493 3796//4493 3767//4493
f 3789//4494 3792//4494 3799//4494
f 3792//4495 3788//4495 3796//4495
f 3787//4496 3793//4496 3776//4496
f 3793//4497 3789//4497 3774//4497
f 3780//4498 3786//4498 3797//4498
f 3786//4499 3782//4499 3795//4499
f 3775//4500 3778//4500 3785//4500
f 3778//4501 3774//4501 3782//4501
f 3773//4502 3779//4502 3748//4502
f 3779//4503 3775//4503 3746//4503
f 3753//4504 3755//4504 3783//4504
f 3755//4505 3752//4505 3781//4505
f 3787//4506 3773//4506 3745//4506
f 3754//4507 3768//4507 3760//4507
f 3781//4508 3752//4508 3746//4508
f 3766//4509 3753//4509 3780//4509
f 3767//4510 3796//4510 3788//4510
f 3795//4511 3782//4511 3774//4511
o NorthRail_-1_-26
v -27.709999 0.200000 -24.469999
v -27.709999 0.240000 -24.430000
v -27.750000 0.240000 -24.469999
v -27.709999 0.211716 -24.441715
v -27.733093 0.216906 -24.446905
v -27.738285 0.240000 -24.441715
v -27.738285 0.211716 -24.469999
v -27.709999 0.860000 -24.430000
v -27.709999 0.900000 -24.469999
v -27.750000 0.860000 -24.469999
v -27.709999 0.888284 -24.441715
v -27.733093 0.883094 -24.446905
v -27.738285 0.888284 -24.469999
v -27.738285 0.860000 -24.441715
v -27.709999 0.200000 -24.530001
v -27.750000 0.240000 -24.530001
v -27.709999 0.240000 -24.570000
v -27.738285 0.211716 -24.530001
v -27.733093 0.216906 -24.553095
v -27.738285 0.240000 -24.558285
v -27.709999 0.211716 -24.558285
v -27.709999 0.900000 -24.530001
v -27.709999 0.860000 -24.570000
v -27.750000 0.860000 -24.530001
v -27.709999 0.888284 -24.558285
v -27.733093 0.883094 -24.553095
v -27.738285 0.860000 -24.558285
v -27.738285 0.888284 -24.530001
v -24.290001 0.200000 -24.469999
v -24.250000 0.240000 -24.469999
v -24.290001 0.240000 -24.430000
v -24.261715 0.211716 -24.469999
v -24.266907 0.216906 -24.446905
v -24.261715 0.240000 -24.441715
v -24.290001 0.211716 -24.441715
v -24.290001 0.900000 -24.469999
v -24.290001 0.860000 -24.430000
v -24.250000 0.860000 -24.469999
v -24.290001 0.888284 -24.441715
v -24.266907 0.883094 -24.446905
v -24.261715 0.860000 -24.441715
v -24.261715 0.888284 -24.469999
v -24.290001 0.200000 -24.530001
v -24.290001 0.240000 -24.570000
v -24.250000 0.240000 -24.530001
v -24.290001 0.211716 -24.558285
v -24.266907 0.216906 -24.553095
v -24.261715 0.240000 -24.558285
v -24.261715 0.211716 -24.530001
v -24.290001 0.900000 -24.530001
v -24.250000 0.860000 -24.530001
v -24.290001 0.860000 -24.570000
v -24.261715 0.888284 -24.530001
v -24.266907 0.883094 -24.553095
v -24.261715 0.860000 -24.558285
v -24.290001 0.888284 -24.558285
vn -0.3672 -0.8865 0.2817
vn -0.2817 -0.3672 0.8865
vn -0.8865 -0.2817 0.3672
vn -0.3672 0.2817 0.8865
vn -0.2817 0.8865 0.3672
vn -0.8865 0.3672 0.2817
vn -0.2817 -0.8865 -0.3672
vn -0.8865 -0.3672 -0.2817
vn -0.3672 -0.2817 -0.8865
vn -0.3672 0.8865 -0.2817
vn -0.2817 0.3672 -0.8865
vn -0.8865 0.2817 -0.3672
vn 0.2817 -0.8865 0.3672
vn 0.8865 -0.3672 0.2817
vn 0.3672 -0.2817 0.8865
vn 0.3672 0.8865 0.2817
vn 0.2817 0.3672 0.8865
vn 0.8865 0.2817 0.3672
vn 0.3672 -0.8865 -0.2817
vn 0.2817 -0.3672 -0.8865
vn 0.8865 -0.2817 -0.3672
vn 0.2817 0.8865 -0.3672
vn 0.8865 0.3672 -0.2817
vn 0.3672 0.2817 -0.8865
vn -0.3827 -0.9239 -0.0000
vn -0.9239 -0.3827 -0.0000
vn -0.3827 -0.0000 0.9239
vn -0.9239 -0.0000 0.3827
vn -0.3827 0.9239 -0.0000
vn -0.9239 0.3827 -0.0000
vn -0.3827 -0.0000 -0.9239
vn -0.9239 -0.0000 -0.3827
vn -0.0000 -0.9239 -0.3827
vn -0.0000 -0.3827 -0.9239
vn -0.0000 0.9239 -0.3827
vn -0.0000 0.3827 -0.9239
vn 0.9239 -0.0000 -0.3827
vn 0.3827 -0.0000 -0.9239
vn 0.3827 -0.9239 -0.0000
vn 0.9239 -0.3827 -0.0000
vn 0.3827 0.9239 -0.0000
vn 0.9239 0.3827 -0.0000
vn 0.3827 -0.0000 0.9239
vn 0.9239 -0.0000 0.3827
vn -0.0000 -0.9239 0.3827
vn -0.0000 -0.3827 0.9239
vn -0.0000 0.9239 0.3827
vn -0.0000 0.3827 0.9239
vn -0.0000 -1.0000 -0.0000
vn -1.0000 -0.0000 -0.0000
vn -0.0000 -0.0000 1.0000
vn -0.0000 1.0000 -0.0000
vn -0.0000 -0.0000 -1.0000
vn 1.0000 -0.0000 -0.0000
vn -0.2817 -0.8865 0.3672
vn -0.3672 -0.2817 0.8865
vn -0.8865 -0.3672 0.2817
vn -0.2817 0.3672 0.8865
vn -0.3672 0.8865 0.2817
vn -0.8865 0.2817 0.3672
vn -0.3672 -0.8865 -0.2817
vn -0.8865 -0.2817 -0.3672
vn -0.2817 -0.3672 -0.8865
vn -0.2817 0.8865 -0.3672
vn -0.3672 0.2817 -0.8865
vn -0.8865 0.3672 -0.2817
vn 0.3672 -0.8865 0.2817
vn 0.8865 -0.2817 0.3672
vn 0.2817 -0.3672 0.8865
vn 0.2817 0.8865 0.3672
vn 0.3672 0.2817 0.8865
vn 0.8865 0.3672 0.2817
vn 0.2817 -0.8865 -0.3672
vn 0.3672 -0.2817 -0.8865
vn 0.8865 -0.3672 -0.2817
vn 0.3672 0.8865 -0.2817
vn 0.8865 0.2817 -0.3672
vn 0.2817 0.3672 -0.8865
s 0
usemtl Stone_Light
f 3801//4536 3805//4536 3807//4536
f 3802//4537 3805//4537 3804//4537
f 3803//4538 3805//4538 3806//4538
f 3808//4539 3812//4539 3814//4539
f 3809//4540 3812//4540 3811//4540
f 3810//4541 3812//4541 3813//4541
f 3815//4542 3819//4542 3821//4542
f 3816//4543 3819//4543 3818//4543
f 3817//4544 3819//4544 3820//4544
f 3822//4545 3826//4545 3828//4545
f 3823//4546 3826//4546 3825//4546
f 3824//4547 3826//4547 3827//4547
f 3829//4548 3833//4548 3835//4548
f 3830//4549 3833//4549 3832//4549
f 3831//4550 3833//4550 3834//4550
f 3836//4551 3840//4551 3842//4551
f 3837//4552 3840//4552 3839//4552
f 3838//4553 3840//4553 3841//4553
f 3843//4554 3847//4554 3849//4554
f 3844//4555 3847//4555 3846//4555
f 3845//4556 3847//4556 3848//4556
f 3850//4557 3854//4557 3856//4557
f 3851//4558 3854//4558 3853//4558
f 3852//4559 3854//4559 3855//4559
f 3801//4560 3818//4560 3815//4560
f 3807//4561 3816//4561 3818//4561
f 3808//4562 3806//4562 3802//4562
f 3814//4563 3803//4563 3806//4563
f 3822//4564 3813//4564 3809//4564
f 3828//4565 3810//4565 3813//4565
f 3817//4566 3827//4566 3823//4566
f 3820//4567 3824//4567 3827//4567
f 3815//4568 3846//4568 3843//4568
f 3821//4569 3844//4569 3846//4569
f 3850//4570 3825//4570 3822//4570
f 3856//4571 3823//4571 3825//4571
f 3845//4572 3855//4572 3851//4572
f 3848//4573 3852//4573 3855//4573
f 3843//4574 3832//4574 3829//4574
f 3849//4575 3830//4575 3832//4575
f 3836//4576 3853//4576 3850//4576
f 3842//4577 3851//4577 3853//4577
f 3831//4578 3841//4578 3837//4578
f 3834//4579 3838//4579 3841//4579
f 3829//4580 3804//4580 3801//4580
f 3835//4581 3802//4581 3804//4581
f 3809//4582 3839//4582 3836//4582
f 3811//4583 3837//4583 3839//4583
f 3843//4584 3801//4584 3815//4584
f 3810//4585 3816//4585 3803//4585
f 3837//4586 3802//4586 3831//4586
f 3822//4587 3836//4587 3850//4587
f 3823//4588 3844//4588 3817//4588
f 3851//4589 3830//4589 3845//4589
f 3801//4590 3804//4590 3805//4590
f 3802//4591 3806//4591 3805//4591
f 3803//4592 3807//4592 3805//4592
f 3808//4593 3811//4593 3812//4593
f 3809//4594 3813//4594 3812//4594
f 3810//4595 3814//4595 3812//4595
f 3815//4596 3818//4596 3819//4596
f 3816//4597 3820//4597 3819//4597
f 3817//4598 3821//4598 3819//4598
f 3822//4599 3825//4599 3826//4599
f 3823//4600 3827//4600 3826//4600
f 3824//4601 3828//4601 3826//4601
f 3829//4602 3832//4602 3833//4602
f 3830//4603 3834//4603 3833//4603
f 3831//4604 3835//4604 3833//4604
f 3836//4605 3839//4605 3840//4605
f 3837//4606 3841//4606 3840//4606
f 3838//4607 3842//4607 3840//4607
f 3843//4608 3846//4608 3847//4608
f 3844//4609 3848//4609 3847//4609
f 3845//4610 3849//4610 3847//4610
f 3850//4611 3853//4611 3854//4611
f 3851//4612 3855//4612 3854//4612
f 3852//4613 3856//4613 3854//4613
f 3801//4560 3807//4560 3818//4560
f 3807//4561 3803//4561 3816//4561
f 3808//4562 3814//4562 3806//4562
f 3814//4563 3810//4563 3803//4563
f 3822//4564 3828//4564 3813//4564
f 3828//4565 3824//4565 3810//4565
f 3817//4566 3820//4566 3827//4566
f 3820//4567 3816//4567 3824//4567
f 3815//4568 3821//4568 3846//4568
f 3821//4569 3817//4569 3844//4569
f 3850//4570 3856//4570 3825//4570
f 3856//4571 3852//4571 3823//4571
f 3845//4572 3848//4572 3855//4572
f 3848//4573 3844//4573 3852//4573
f 3843//4574 3849//4574 3832//4574
f 3849//4575 3845//4575 3830//4575
f 3836//4576 3842//4576 3853//4576
f 3842//4577 3838//4577 3851//4577
f 3831//4578 3834//4578 3841//4578
f 3834//4579 3830//4579 3838//4579
f 3829//4580 3835//4580 3804//4580
f 3835//4581 3831//4581 3802//4581
f 3809//4582 3811//4582 3839//4582
f 3811//4583 3808//4583 3837//4583
f 3843//4584 3829//4584 3801//4584
f 3810//4585 3824//4585 3816//4585
f 3837//4586 3808//4586 3802//4586
f 3822//4587 3809//4587 3836//4587
f 3823//4588 3852//4588 3844//4588
f 3851//4589 3838//4589 3830//4589
o NorthRail_-1_-22
v -23.709999 0.200000 -24.469999
v -23.709999 0.240000 -24.430000
v -23.750000 0.240000 -24.469999
v -23.709999 0.211716 -24.441715
v -23.733093 0.216906 -24.446905
v -23.738285 0.240000 -24.441715
v -23.738285 0.211716 -24.469999
v -23.709999 0.860000 -24.430000
v -23.709999 0.900000 -24.469999
v -23.750000 0.860000 -24.469999
v -23.709999 0.888284 -24.441715
v -23.733093 0.883094 -24.446905
v -23.738285 0.888284 -24.469999
v -23.738285 0.860000 -24.441715
v -23.709999 0.200000 -24.530001
v -23.750000 0.240000 -24.530001
v -23.709999 0.240000 -24.570000
v -23.738285 0.211716 -24.530001
v -23.733093 0.216906 -24.553095
v -23.738285 0.240000 -24.558285
v -23.709999 0.211716 -24.558285
v -23.709999 0.900000 -24.530001
v -23.709999 0.860000 -24.570000
v -23.750000 0.860000 -24.530001
v -23.709999 0.888284 -24.558285
v -23.733093 0.883094 -24.553095
v -23.738285 0.860000 -24.558285
v -23.738285 0.888284 -24.530001
v -20.290001 0.200000 -24.469999
v -20.250000 0.240000 -24.469999
v -20.290001 0.240000 -24.430000
v -20.261715 0.211716 -24.469999
v -20.266907 0.216906 -24.446905
v -20.261715 0.240000 -24.441715
v -20.290001 0.211716 -24.441715
v -20.290001 0.900000 -24.469999
v -20.290001 0.860000 -24.430000
v -20.250000 0.860000 -24.469999
v -20.290001 0.888284 -24.441715
v -20.266907 0.883094 -24.446905
v -20.261715 0.860000 -24.441715
v -20.261715 0.888284 -24.469999
v -20.290001 0.200000 -24.530001
v -20.290001 0.240000 -24.570000
v -20.250000 0.240000 -24.530001
v -20.290001 0.211716 -24.558285
v -20.266907 0.216906 -24.553095
v -20.261715 0.240000 -24.558285
v -20.261715 0.211716 -24.530001
v -20.290001 0.900000 -24.530001
v -20.250000 0.860000 -24.530001
v -20.290001 0.860000 -24.570000
v -20.261715 0.888284 -24.530001
v -20.266907 0.883094 -24.553095
v -20.261715 0.860000 -24.558285
v -20.290001 0.888284 -24.558285
vn -0.3672 -0.8865 0.2817
vn -0.2817 -0.3672 0.8865
vn -0.8865 -0.2817 0.3672
vn -0.3672 0.2817 0.8865
vn -0.2817 0.8865 0.3672
vn -0.8865 0.3672 0.2817
vn -0.2817 -0.8865 -0.3672
vn -0.8865 -0.3672 -0.2817
vn -0.3672 -0.2817 -0.8865
vn -0.3672 0.8865 -0.2817
vn -0.2817 0.3672 -0.8865
vn -0.8865 0.2817 -0.3672
vn 0.2817 -0.8865 0.3672
vn 0.8865 -0.3672 0.2817
vn 0.3672 -0.2817 0.8865
vn 0.3672 0.8865 0.2817
vn 0.2817 0.3672 0.8865
vn 0.8865 0.2817 0.3672
vn 0.3672 -0.8865 -0.2817
vn 0.2817 -0.3672 -0.8865
vn 0.8865 -0.2817 -0.3672
vn 0.2817 0.8865 -0.3672
vn 0.8865 0.3672 -0.2817
vn 0.3672 0.2817 -0.8865
vn -0.3827 -0.9239 -0.0000
vn -0.9239 -0.3827 -0.0000
vn -0.3827 -0.0000 0.9239
vn -0.9239 -0.0000 0.3827
vn -0.3827 0.9239 -0.0000
vn -0.9239 0.3827 -0.0000
vn -0.3827 -0.0000 -0.9239
vn -0.9239 -0.0000 -0.3827
vn -0.0000 -0.9239 -0.3827
vn -0.0000 -0.3827 -0.9239
vn -0.0000 0.9239 -0.3827
vn -0.0000 0.3827 -0.9239
vn 0.9239 -0.0000 -0.3827
vn 0.3827 -0.0000 -0.9239
vn 0.3827 -0.9239 -0.0000
vn 0.9239 -0.3827 -0.0000
vn 0.3827 0.9239 -0.0000
vn 0.9239 0.3827 -0.0000
vn 0.3827 -0.0000 0.9239
vn 0.9239 -0.0000 0.3827
vn -0.0000 -0.9239 0.3827
vn -0.0000 -0.3827 0.9239
vn -0.0000 0.9239 0.3827
vn -0.0000 0.3827 0.9239
vn -0.0000 -1.0000 -0.0000
vn -1.0000 -0.0000 -0.0000
vn -0.0000 -0.0000 1.0000
vn -0.0000 1.0000 -0.0000
vn -0.0000 -0.0000 -1.0000
vn 1.0000 -0.0000 -0.0000
vn -0.2817 -0.8865 0.3672
vn -0.3672 -0.2817 0.8865
vn -0.8865 -0.3672 0.2817
vn -0.2817 0.3672 0.8865
vn -0.3672 0.8865 0.2817
vn -0.8865 0.2817 0.3672
vn -0.3672 -0.8865 -0.2817
vn -0.8865 -0.2817 -0.3672
vn -0.2817 -0.3672 -0.8865
vn -0.2817 0.8865 -0.3672
vn -0.3672 0.2817 -0.8865
vn -0.8865 0.3672 -0.2817
vn 0.3672 -0.8865 0.2817
vn 0.8865 -0.2817 0.3672
vn 0.2817 -0.3672 0.8865
vn 0.2817 0.8865 0.3672
vn 0.3672 0.2817 0.8865
vn 0.8865 0.3672 0.2817
vn 0.2817 -0.8865 -0.3672
vn 0.3672 -0.2817 -0.8865
vn 0.8865 -0.3672 -0.2817
vn 0.3672 0.8865 -0.2817
vn 0.8865 0.2817 -0.3672
vn 0.2817 0.3672 -0.8865
s 0
usemtl Stone_Light
f 3857//4614 3861//4614 3863//4614
f 3858//4615 3861//4615 3860//4615
f 3859//4616 3861//4616 3862//4616
f 3864//4617 3868//4617 3870//4617
f 3865//4618 3868//4618 3867//4618
f 3866//4619 3868//4619 3869//4619
f 3871//4620 3875//4620 3877//4620
f 3872//4621 3875//4621 3874//4621
f 3873//4622 3875//4622 3876//4622
f 3878//4623 3882//4623 3884//4623
f 3879//4624 3882//4624 3881//4624
f 3880//4625 3882//4625 3883//4625
f 3885//4626 3889//4626 3891//4626
f 3886//4627 3889//4627 3888//4627
f 3887//4628 3889//4628 3890//4628
f 3892//4629 3896//4629 3898//4629
f 3893//4630 3896//4630 3895//4630
f 3894//4631 3896//4631 3897//4631
f 3899//4632 3903//4632 3905//4632
f 3900//4633 3903//4633 3902//4633
f 3901//4634 3903//4634 3904//4634
f 3906//4635 3910//4635 3912//4635
f 3907//4636 3910//4636 3909//4636
f 3908//4637 3910//4637 3911//4637
f 3857//4638 3874//4638 3871//4638
f 3863//4639 3872//4639 3874//4639
f 3864//4640 3862//4640 3858//4640
f 3870//4641 3859//4641 3862//4641
f 3878//4642 3869//4642 3865//4642
f 3884//4643 3866//4643 3869//4643
f 3873//4644 3883//4644 3879//4644
f 3876//4645 3880//4645 3883//4645
f 3871//4646 3902//4646 3899//4646
f 3877//4647 3900//4647 3902//4647
f 3906//4648 3881//4648 3878//4648
f 3912//4649 3879//4649 3881//4649
f 3901//4650 3911//4650 3907//4650
f 3904//4651 3908//4651 3911//4651
f 3899//4652 3888//4652 3885//4652
f 3905//4653 3886//4653 3888//4653
f 3892//4654 3909//4654 3906//4654
f 3898//4655 3907//4655 3909//4655
f 3887//4656 3897//4656 3893//4656
f 3890//4657 3894//4657 3897//4657
f 3885//4658 3860//4658 3857//4658
f 3891//4659 3858//4659 3860//4659
f 3865//4660 3895//4660 3892//4660
f 3867//4661 3893//4661 3895//4661
f 3899//4662 3857//4662 3871//4662
f 3866//4663 3872//4663 3859//4663
f 3893//4664 3858//4664 3887//4664
f 3878//4665 3892//4665 3906//4665
f 3879//4666 3900//4666 3873//4666
f 3907//4667 3886//4667 3901//4667
f 3857//4668 3860//4668 3861//4668
f 3858//4669 3862//4669 3861//4669
f 3859//4670 3863//4670 3861//4670
f 3864//4671 3867//4671 3868//4671
f 3865//4672 3869//4672 3868//4672
f 3866//4673 3870//4673 3868//4673
f 3871//4674 3874//4674 3875//4674
f 3872//4675 3876//4675 3875//4675
f 3873//4676 3877//4676 3875//4676
f 3878//4677 3881//4677 3882//4677
f 3879//4678 3883//4678 3882//4678
f 3880//4679 3884//4679 3882//4679
f 3885//4680 3888//4680 3889//4680
f 3886//4681 3890//4681 3889//4681
f 3887//4682 3891//4682 3889//4682
f 3892//4683 3895//4683 3896//4683
f 3893//4684 3897//4684 3896//4684
f 3894//4685 3898//4685 3896//4685
f 3899//4686 3902//4686 3903//4686
f 3900//4687 3904//4687 3903//4687
f 3901//4688 3905//4688 3903//4688
f 3906//4689 3909//4689 3910//4689
f 3907//4690 3911//4690 3910//4690
f 3908//4691 3912//4691 3910//4691
f 3857//4638 3863//4638 3874//4638
f 3863//4639 3859//4639 3872//4639
f 3864//4640 3870//4640 3862//4640
f 3870//4641 3866//4641 3859//4641
f 3878//4642 3884//4642 3869//4642
f 3884//4643 3880//4643 3866//4643
f 3873//4644 3876//4644 3883//4644
f 3876//4645 3872//4645 3880//4645
f 3871//4646 3877//4646 3902//4646
f 3877//4647 3873//4647 3900//4647
f 3906//4648 3912//4648 3881//4648
f 3912//4649 3908//4649 3879//4649
f 3901//4650 3904//4650 3911//4650
f 3904//4651 3900//4651 3908//4651
f 3899//4652 3905//4652 3888//4652
f 3905//4653 3901//4653 3886//4653
f 3892//4654 3898//4654 3909//4654
f 3898//4655 3894//4655 3907//4655
f 3887//4656 3890//4656 3897//4656
f 3890//4657 3886//4657 3894//4657
f 3885//4658 3891//4658 3860//4658
f 3891//4659 3887//4659 3858//4659
f 3865//4660 3867//4660 3895//4660
f 3867//4661 3864//4661 3893//4661
f 3899//4662 3885//4662 3857//4662
f 3866//4663 3880//4663 3872//4663
f 3893//4664 3864//4664 3858//4664
f 3878//4665 3865//4665 3892//4665
f 3879//4666 3908//4666 3900//4666
f 3907//4667 3894//4667 3886//4667
o NorthRail_-1_-18
v -19.709999 0.200000 -24.469999
v -19.709999 0.240000 -24.430000
v -19.750000 0.240000 -24.469999
v -19.709999 0.211716 -24.441715
v -19.733093 0.216906 -24.446905
v -19.738285 0.240000 -24.441715
v -19.738285 0.211716 -24.469999
v -19.709999 0.860000 -24.430000
v -19.709999 0.900000 -24.469999
v -19.750000 0.860000 -24.469999
v -19.709999 0.888284 -24.441715
v -19.733093 0.883094 -24.446905
v -19.738285 0.888284 -24.469999
v -19.738285 0.860000 -24.441715
v -19.709999 0.200000 -24.530001
v -19.750000 0.240000 -24.530001
v -19.709999 0.240000 -24.570000
v -19.738285 0.211716 -24.530001
v -19.733093 0.216906 -24.553095
v -19.738285 0.240000 -24.558285
v -19.709999 0.211716 -24.558285
v -19.709999 0.900000 -24.530001
v -19.709999 0.860000 -24.570000
v -19.750000 0.860000 -24.530001
v -19.709999 0.888284 -24.558285
v -19.733093 0.883094 -24.553095
v -19.738285 0.860000 -24.558285
v -19.738285 0.888284 -24.530001
v -16.290001 0.200000 -24.469999
v -16.250000 0.240000 -24.469999
v -16.290001 0.240000 -24.430000
v -16.261715 0.211716 -24.469999
v -16.266907 0.216906 -24.446905
v -16.261715 0.240000 -24.441715
v -16.290001 0.211716 -24.441715
v -16.290001 0.900000 -24.469999
v -16.290001 0.860000 -24.430000
v -16.250000 0.860000 -24.469999
v -16.290001 0.888284 -24.441715
v -16.266907 0.883094 -24.446905
v -16.261715 0.860000 -24.441715
v -16.261715 0.888284 -24.469999
v -16.290001 0.200000 -24.530001
v -16.290001 0.240000 -24.570000
v -16.250000 0.240000 -24.530001
v -16.290001 0.211716 -24.558285
v -16.266907 0.216906 -24.553095
v -16.261715 0.240000 -24.558285
v -16.261715 0.211716 -24.530001
v -16.290001 0.900000 -24.530001
v -16.250000 0.860000 -24.530001
v -16.290001 0.860000 -24.570000
v -16.261715 0.888284 -24.530001
v -16.266907 0.883094 -24.553095
v -16.261715 0.860000 -24.558285
v -16.290001 0.888284 -24.558285
vn -0.3672 -0.8865 0.2817
vn -0.2817 -0.3672 0.8865
vn -0.8865 -0.2817 0.3672
vn -0.3672 0.2817 0.8865
vn -0.2817 0.8865 0.3672
vn -0.8865 0.3672 0.2817
vn -0.2817 -0.8865 -0.3672
vn -0.8865 -0.3672 -0.2817
vn -0.3672 -0.2817 -0.8865
vn -0.3672 0.8865 -0.2817
vn -0.2817 0.3672 -0.8865
vn -0.8865 0.2817 -0.3672
vn 0.2817 -0.8865 0.3672
vn 0.8865 -0.3672 0.2817
vn 0.3672 -0.2817 0.8865
vn 0.3672 0.8865 0.2817
vn 0.2817 0.3672 0.8865
vn 0.8865 0.2817 0.3672
vn 0.3672 -0.8865 -0.2817
vn 0.2817 -0.3672 -0.8865
vn 0.8865 -0.2817 -0.3672
vn 0.2817 0.8865 -0.3672
vn 0.8865 0.3672 -0.2817
vn 0.3672 0.2817 -0.8865
vn -0.3827 -0.9239 -0.0000
vn -0.9239 -0.3827 -0.0000
vn -0.3827 -0.0000 0.9239
vn -0.9239 -0.0000 0.3827
vn -0.3827 0.9239 -0.0000
vn -0.9239 0.3827 -0.0000
vn -0.3827 -0.0000 -0.9239
vn -0.9239 -0.0000 -0.3827
vn -0.0000 -0.9239 -0.3827
vn -0.0000 -0.3827 -0.9239
vn -0.0000 0.9239 -0.3827
vn -0.0000 0.3827 -0.9239
vn 0.9239 -0.0000 -0.3827
vn 0.3827 -0.0000 -0.9239
vn 0.3827 -0.9239 -0.0000
vn 0.9239 -0.3827 -0.0000
vn 0.3827 0.9239 -0.0000
vn 0.9239 0.3827 -0.0000
vn 0.3827 -0.0000 0.9239
vn 0.9239 -0.0000 0.3827
vn -0.0000 -0.9239 0.3827
vn -0.0000 -0.3827 0.9239
vn -0.0000 0.9239 0.3827
vn -0.0000 0.3827 0.9239
vn -0.0000 -1.0000 -0.0000
vn -1.0000 -0.0000 -0.0000
vn -0.0000 -0.0000 1.0000
vn -0.0000 1.0000 -0.0000
vn -0.0000 -0.0000 -1.0000
vn 1.0000 -0.0000 -0.0000
vn -0.2817 -0.8865 0.3672
vn -0.3672 -0.2817 0.8865
vn -0.8865 -0.3672 0.2817
vn -0.2817 0.3672 0.8865
vn -0.3672 0.8865 0.2817
vn -0.8865 0.2817 0.3672
vn -0.3672 -0.8865 -0.2817
vn -0.8865 -0.2817 -0.3672
vn -0.2817 -0.3672 -0.8865
vn -0.2817 0.8865 -0.3672
vn -0.3672 0.2817 -0.8865
vn -0.8865 0.3672 -0.2817
vn 0.3672 -0.8865 0.2817
vn 0.8865 -0.2817 0.3672
vn 0.2817 -0.3672 0.8865
vn 0.2817 0.8865 0.3672
vn 0.3672 0.2817 0.8865
vn 0.8865 0.3672 0.2817
vn 0.2817 -0.8865 -0.3672
vn 0.3672 -0.2817 -0.8865
vn 0.8865 -0.3672 -0.2817
vn 0.3672 0.8865 -0.2817
vn 0.8865 0.2817 -0.3672
vn 0.2817 0.3672 -0.8865
s 0
usemtl Stone_Light
f 3913//4692 3917//4692 3919//4692
f 3914//4693 3917//4693 3916//4693
f 3915//4694 3917//4694 3918//4694
f 3920//4695 3924//4695 3926//4695
f 3921//4696 3924//4696 3923//4696
f 3922//4697 3924//4697 3925//4697
f 3927//4698 3931//4698 3933//4698
f 3928//4699 3931//4699 3930//4699
f 3929//4700 3931//4700 3932//4700
f 3934//4701 3938//4701 3940//4701
f 3935//4702 3938//4702 3937//4702
f 3936//4703 3938//4703 3939//4703
f 3941//4704 3945//4704 3947//4704
f 3942//4705 3945//4705 3944//4705
f 3943//4706 3945//4706 3946//4706
f 3948//4707 3952//4707 3954//4707
f 3949//4708 3952//4708 3951//4708
f 3950//4709 3952//4709 3953//4709
f 3955//4710 3959//4710 3961//4710
f 3956//4711 3959//4711 3958//4711
f 3957//4712 3959//4712 3960//4712
f 3962//4713 3966//4713 3968//4713
f 3963//4714 3966//4714 3965//4714
f 3964//4715 3966//4715 3967//4715
f 3913//4716 3930//4716 3927//4716
f 3919//4717 3928//4717 3930//4717
f 3920//4718 3918//4718 3914//4718
f 3926//4719 3915//4719 3918//4719
f 3934//4720 3925//4720 3921//4720
f 3940//4721 3922//4721 3925//4721
f 3929//4722 3939//4722 3935//4722
f 3932//4723 3936//4723 3939//4723
f 3927//4724 3958//4724 3955//4724
f 3933//4725 3956//4725 3958//4725
f 3962//4726 3937//4726 3934//4726
f 3968//4727 3935//4727 3937//4727
f 3957//4728 3967//4728 3963//4728
f 3960//4729 3964//4729 3967//4729
f 3955//4730 3944//4730 3941//4730
f 3961//4731 3942//4731 3944//4731
f 3948//4732 3965//4732 3962//4732
f 3954//4733 3963//4733 3965//4733
f 3943//4734 3953//4734 3949//4734
f 3946//4735 3950//4735 3953//4735
f 3941//4736 3916//4736 3913//4736
f 3947//4737 3914//4737 3916//4737
f 3921//4738 3951//4738 3948//4738
f 3923//4739 3949//4739 3951//4739
f 3955//4740 3913//4740 3927//4740
f 3922//4741 3928//4741 3915//4741
f 3949//4742 3914//4742 3943//4742
f 3934//4743 3948//4743 3962//4743
f 3935//4744 3956//4744 3929//4744
f 3963//4745 3942//4745 3957//4745
f 3913//4746 3916//4746 3917//4746
f 3914//4747 3918//4747 3917//4747
f 3915//4748 3919//4748 3917//4748
f 3920//4749 3923//4749 3924//4749
f 3921//4750 3925//4750 3924//4750
f 3922//4751 3926//4751 3924//4751
f 3927//4752 3930//4752 3931//4752
f 3928//4753 3932//4753 3931//4753
f 3929//4754 3933//4754 3931//4754
f 3934//4755 3937//4755 3938//4755
f 3935//4756 3939//4756 3938//4756
f 3936//4757 3940//4757 3938//4757
f 3941//4758 3944//4758 3945//4758
f 3942//4759 3946//4759 3945//4759
f 3943//4760 3947//4760 3945//4760
f 3948//4761 3951//4761 3952//4761
f 3949//4762 3953//4762 3952//4762
f 3950//4763 3954//4763 3952//4763
f 3955//4764 3958//4764 3959//4764
f 3956//4765 3960//4765 3959//4765
f 3957//4766 3961//4766 3959//4766
f 3962//4767 3965//4767 3966//4767
f 3963//4768 3967//4768 3966//4768
f 3964//4769 3968//4769 3966//4769
f 3913//4716 3919//4716 3930//4716
f 3919//4717 3915//4717 3928//4717
f 3920//4718 3926//4718 3918//4718
f 3926//4719 3922//4719 3915//4719
f 3934//4720 3940//4720 3925//4720
f 3940//4721 3936//4721 3922//4721
f 3929//4722 3932//4722 3939//4722
f 3932//4723 3928//4723 3936//4723
f 3927//4724 3933//4724 3958//4724
f 3933//4725 3929//4725 3956//4725
f 3962//4726 3968//4726 3937//4726
f 3968//4727 3964//4727 3935//4727
f 3957//4728 3960//4728 3967//4728
f 3960//4729 3956//4729 3964//4729
f 3955//4730 3961//4730 3944//4730
f 3961//4731 3957//4731 3942//4731
f 3948//4732 3954//4732 3965//4732
f 3954//4733 3950//4733 3963//4733
f 3943//4734 3946//4734 3953//4734
f 3946//4735 3942//4735 3950//4735
f 3941//4736 3947//4736 3916//4736
f 3947//4737 3943//4737 3914//4737
f 3921//4738 3923//4738 3951//4738
f 3923//4739 3920//4739 3949//4739
f 3955//4740 3941//4740 3913//4740
f 3922//4741 3936//4741 3928//4741
f 3949//4742 3920//4742 3914//4742
f 3934//4743 3921//4743 3948//4743
f 3935//4744 3964//4744 3956//4744
f 3963//4745 3950//4745 3942//4745
o NorthRail_-1_-14
v -15.710000 0.200000 -24.469999
v -15.710000 0.240000 -24.430000
v -15.750000 0.240000 -24.469999
v -15.710000 0.211716 -24.441715
v -15.733094 0.216906 -24.446905
v -15.738284 0.240000 -24.441715
v -15.738284 0.211716 -24.469999
v -15.710000 0.860000 -24.430000
v -15.710000 0.900000 -24.469999
v -15.750000 0.860000 -24.469999
v -15.710000 0.888284 -24.441715
v -15.733094 0.883094 -24.446905
v -15.738284 0.888284 -24.469999
v -15.738284 0.860000 -24.441715
v -15.710000 0.200000 -24.530001
v -15.750000 0.240000 -24.530001
v -15.710000 0.240000 -24.570000
v -15.738284 0.211716 -24.530001
v -15.733094 0.216906 -24.553095
v -15.738284 0.240000 -24.558285
v -15.710000 0.211716 -24.558285
v -15.710000 0.900000 -24.530001
v -15.710000 0.860000 -24.570000
v -15.750000 0.860000 -24.530001
v -15.710000 0.888284 -24.558285
v -15.733094 0.883094 -24.553095
v -15.738284 0.860000 -24.558285
v -15.738284 0.888284 -24.530001
v -12.290000 0.200000 -24.469999
v -12.250000 0.240000 -24.469999
v -12.290000 0.240000 -24.430000
v -12.261716 0.211716 -24.469999
v -12.266906 0.216906 -24.446905
v -12.261716 0.240000 -24.441715
v -12.290000 0.211716 -24.441715
v -12.290000 0.900000 -24.469999
v -12.290000 0.860000 -24.430000
v -12.250000 0.860000 -24.469999
v -12.290000 0.888284 -24.441715
v -12.266906 0.883094 -24.446905
v -12.261716 0.860000 -24.441715
v -12.261716 0.888284 -24.469999
v -12.290000 0.200000 -24.530001
v -12.290000 0.240000 -24.570000
v -12.250000 0.240000 -24.530001
v -12.290000 0.211716 -24.558285
v -12.266906 0.216906 -24.553095
v -12.261716 0.240000 -24.558285
v -12.261716 0.211716 -24.530001
v -12.290000 0.900000 -24.530001
v -12.250000 0.860000 -24.530001
v -12.290000 0.860000 -24.570000
v -12.261716 0.888284 -24.530001
v -12.266906 0.883094 -24.553095
v -12.261716 0.860000 -24.558285
v -12.290000 0.888284 -24.558285
vn -0.3672 -0.8865 0.2817
vn -0.2817 -0.3672 0.8865
vn -0.8865 -0.2817 0.3672
vn -0.3672 0.2817 0.8865
vn -0.2817 0.8865 0.3672
vn -0.8865 0.3672 0.2817
vn -0.2817 -0.8865 -0.3672
vn -0.8865 -0.3672 -0.2817
vn -0.3672 -0.2817 -0.8865
vn -0.3672 0.8865 -0.2817
vn -0.2817 0.3672 -0.8865
vn -0.8865 0.2817 -0.3672
vn 0.2817 -0.8865 0.3672
vn 0.8865 -0.3672 0.2817
vn 0.3672 -0.2817 0.8865
vn 0.3672 0.8865 0.2817
vn 0.2817 0.3672 0.8865
vn 0.8865 0.2817 0.3672
vn 0.3672 -0.8865 -0.2817
vn 0.2817 -0.3672 -0.8865
vn 0.8865 -0.2817 -0.3672
vn 0.2817 0.8865 -0.3672
vn 0.8865 0.3672 -0.2817
vn 0.3672 0.2817 -0.8865
vn -0.3827 -0.9239 -0.0000
vn -0.9239 -0.3827 -0.0000
vn -0.3827 -0.0000 0.9239
vn -0.9239 -0.0000 0.3827
vn -0.3827 0.9239 -0.0000
vn -0.9239 0.3827 -0.0000
vn -0.3827 -0.0000 -0.9239
vn -0.9239 -0.0000 -0.3827
vn -0.0000 -0.9239 -0.3827
vn -0.0000 -0.3827 -0.9239
vn -0.0000 0.9239 -0.3827
vn -0.0000 0.3827 -0.9239
vn 0.9239 -0.0000 -0.3827
vn 0.3827 -0.0000 -0.9239
vn 0.3827 -0.9239 -0.0000
vn 0.9239 -0.3827 -0.0000
vn 0.3827 0.9239 -0.0000
vn 0.9239 0.3827 -0.0000
vn 0.3827 -0.0000 0.9239
vn 0.9239 -0.0000 0.3827
vn -0.0000 -0.9239 0.3827
vn -0.0000 -0.3827 0.9239
vn -0.0000 0.9239 0.3827
vn -0.0000 0.3827 0.9239
vn -0.0000 -1.0000 -0.0000
vn -1.0000 -0.0000 -0.0000
vn -0.0000 -0.0000 1.0000
vn -0.0000 1.0000 -0.0000
vn -0.0000 -0.0000 -1.0000
vn 1.0000 -0.0000 -0.0000
vn -0.2817 -0.8865 0.3672
vn -0.3672 -0.2817 0.8865
vn -0.8865 -0.3672 0.2817
vn -0.2817 0.3672 0.8865
vn -0.3672 0.8865 0.2817
vn -0.8865 0.2817 0.3672
vn -0.3672 -0.8865 -0.2817
vn -0.8865 -0.2817 -0.3672
vn -0.2817 -0.3672 -0.8865
vn -0.2817 0.8865 -0.3672
vn -0.3672 0.2817 -0.8865
vn -0.8865 0.3672 -0.2817
vn 0.3672 -0.8865 0.2817
vn 0.8865 -0.2817 0.3672
vn 0.2817 -0.3672 0.8865
vn 0.2817 0.8865 0.3672
vn 0.3672 0.2817 0.8865
vn 0.8865 0.3672 0.2817
vn 0.2817 -0.8865 -0.3672
vn 0.3672 -0.2817 -0.8865
vn 0.8865 -0.3672 -0.2817
vn 0.3672 0.8865 -0.2817
vn 0.8865 0.2817 -0.3672
vn 0.2817 0.3672 -0.8865
s 0
usemtl Stone_Light
f 3969//4770 3973//4770 3975//4770
f 3970//4771 3973//4771 3972//4771
f 3971//4772 3973//4772 3974//4772
f 3976//4773 3980//4773 3982//4773
f 3977//4774 3980//4774 3979//4774
f 3978//4775 3980//4775 3981//4775
f 3983//4776 3987//4776 3989//4776
f 3984//4777 3987//4777 3986//4777
f 3985//4778 3987//4778 3988//4778
f 3990//4779 3994//4779 3996//4779
f 3991//4780 3994//4780 3993//4780
f 3992//4781 3994//4781 3995//4781
f 3997//4782 4001//4782 4003//4782
f 3998//4783 4001//4783 4000//4783
f 3999//4784 4001//4784 4002//4784
f 4004//4785 4008//4785 4010//4785
f 4005//4786 4008//4786 4007//4786
f 4006//4787 4008//4787 4009//4787
f 4011//4788 4015//4788 4017//4788
f 4012//4789 4015//4789 4014//4789
f 4013//4790 4015//4790 4016//4790
f 4018//4791 4022//4791 4024//4791
f 4019//4792 4022//4792 4021//4792
f 4020//4793 4022//4793 4023//4793
f 3969//4794 3986//4794 3983//4794
f 3975//4795 3984//4795 3986//4795
f 3976//4796 3974//4796 3970//4796
f 3982//4797 3971//4797 3974//4797
f 3990//4798 3981//4798 3977//4798
f 3996//4799 3978//4799 3981//4799
f 3985//4800 3995//4800 3991//4800
f 3988//4801 3992//4801 3995//4801
f 3983//4802 4014//4802 4011//4802
f 3989//4803 4012//4803 4014//4803
f 4018//4804 3993//4804 3990//4804
f 4024//4805 3991//4805 3993//4805
f 4013//4806 4023//4806 4019//4806
f 4016//4807 4020//4807 4023//4807
f 4011//4808 4000//4808 3997//4808
f 4017//4809 3998//4809 4000//4809
f 4004//4810 4021//4810 4018//4810
f 4010//4811 4019//4811 4021//4811
f 3999//4812 4009//4812 4005//4812
f 4002//4813 4006//4813 4009//4813
f 3997//4814 3972//4814 3969//4814
f 4003//4815 3970//4815 3972//4815
f 3977//4816 4007//4816 4004//4816
f 3979//4817 4005//4817 4007//4817
f 4011//4818 3969//4818 3983//4818
f 3978//4819 3984//4819 3971//4819
f 4005//4820 3970//4820 3999//4820
f 3990//4821 4004//4821 4018//4821
f 3991//4822 4012//4822 3985//4822
f 4019//4823 3998//4823 4013//4823
f 3969//4824 3972//4824 3973//4824
f 3970//4825 3974//4825 3973//4825
f 3971//4826 3975//4826 3973//4826
f 3976//4827 3979//4827 3980//4827
f 3977//4828 3981//4828 3980//4828
f 3978//4829 3982//4829 3980//4829
f 3983//4830 3986//4830 3987//4830
f 3984//4831 3988//4831 3987//4831
f 3985//4832 3989//4832 3987//4832
f 3990//4833 3993//4833 3994//4833
f 3991//4834 3995//4834 3994//4834
f 3992//4835 3996//4835 3994//4835
f 3997//4836 4000//4836 4001//4836
f 3998//4837 4002//4837 4001//4837
f 3999//4838 4003//4838 4001//4838
f 4004//4839 4007//4839 4008//4839
f 4005//4840 4009//4840 4008//4840
f 4006//4841 4010//4841 4008//4841
f 4011//4842 4014//4842 4015//4842
f 4012//4843 4016//4843 4015//4843
f 4013//4844 4017//4844 4015//4844
f 4018//4845 4021//4845 4022//4845
f 4019//4846 4023//4846 4022//4846
f 4020//4847 4024//4847 4022//4847
f 3969//4794 3975//4794 3986//4794
f 3975//4795 3971//4795 3984//4795
f 3976//4796 3982//4796 3974//4796
f 3982//4797 3978//4797 3971//4797
f 3990//4798 3996//4798 3981//4798
f 3996//4799 3992//4799 3978//4799
f 3985//4800 3988//4800 3995//4800
f 3988//4801 3984//4801 3992//4801
f 3983//4802 3989//4802 4014//4802
f 3989//4803 3985//4803 4012//4803
f 4018//4804 4024//4804 3993//4804
f 4024//4805 4020//4805 3991//4805
f 4013//4806 4016//4806 4023//4806
f 4016//4807 4012//4807 4020//4807
f 4011//4808 4017//4808 4000//4808
f 4017//4809 4013//4809 3998//4809
f 4004//4810 4010//4810 4021//4810
f 4010//4811 4006//4811 4019//4811
f 3999//4812 4002//4812 4009//4812
f 4002//4813 3998//4813 4006//4813
f 3997//4814 4003//4814 3972//4814
f 4003//4815 3999//4815 3970//4815
f 3977//4816 3979//4816 4007//4816
f 3979//4817 3976//4817 4005//4817
f 4011//4818 3997//4818 3969//4818
f 3978//4819 3992//4819 3984//4819
f 4005//4820 3976//4820 3970//4820
f 3990//4821 3977//4821 4004//4821
f 3991//4822 4020//4822 4012//4822
f 4019//4823 4006//4823 3998//4823
o NorthRail_-1_-10
v -11.710000 0.200000 -24.469999
v -11.710000 0.240000 -24.430000
v -11.750000 0.240000 -24.469999
v -11.710000 0.211716 -24.441715
v -11.733094 0.216906 -24.446905
v -11.738284 0.240000 -24.441715
v -11.738284 0.211716 -24.469999
v -11.710000 0.860000 -24.430000
v -11.710000 0.900000 -24.469999
v -11.750000 0.860000 -24.469999
v -11.710000 0.888284 -24.441715
v -11.733094 0.883094 -24.446905
v -11.738284 0.888284 -24.469999
v -11.738284 0.860000 -24.441715
v -11.710000 0.200000 -24.530001
v -11.750000 0.240000 -24.530001
v -11.710000 0.240000 -24.570000
v -11.738284 0.211716 -24.530001
v -11.733094 0.216906 -24.553095
v -11.738284 0.240000 -24.558285
v -11.710000 0.211716 -24.558285
v -11.710000 0.900000 -24.530001
v -11.710000 0.860000 -24.570000
v -11.750000 0.860000 -24.530001
v -11.710000 0.888284 -24.558285
v -11.733094 0.883094 -24.553095
v -11.738284 0.860000 -24.558285
v -11.738284 0.888284 -24.530001
v -8.290000 0.200000 -24.469999
v -8.250000 0.240000 -24.469999
v -8.290000 0.240000 -24.430000
v -8.261716 0.211716 -24.469999
v -8.266906 0.216906 -24.446905
v -8.261716 0.240000 -24.441715
v -8.290000 0.211716 -24.441715
v -8.290000 0.900000 -24.469999
v -8.290000 0.860000 -24.430000
v -8.250000 0.860000 -24.469999
v -8.290000 0.888284 -24.441715
v -8.266906 0.883094 -24.446905
v -8.261716 0.860000 -24.441715
v -8.261716 0.888284 -24.469999
v -8.290000 0.200000 -24.530001
v -8.290000 0.240000 -24.570000
v -8.250000 0.240000 -24.530001
v -8.290000 0.211716 -24.558285
v -8.266906 0.216906 -24.553095
v -8.261716 0.240000 -24.558285
v -8.261716 0.211716 -24.530001
v -8.290000 0.900000 -24.530001
v -8.250000 0.860000 -24.530001
v -8.290000 0.860000 -24.570000
v -8.261716 0.888284 -24.530001
v -8.266906 0.883094 -24.553095
v -8.261716 0.860000 -24.558285
v -8.290000 0.888284 -24.558285
vn -0.3672 -0.8865 0.2817
vn -0.2817 -0.3672 0.8865
vn -0.8865 -0.2817 0.3672
vn -0.3672 0.2817 0.8865
vn -0.2817 0.8865 0.3672
vn -0.8865 0.3672 0.2817
vn -0.2817 -0.8865 -0.3672
vn -0.8865 -0.3672 -0.2817
vn -0.3672 -0.2817 -0.8865
vn -0.3672 0.8865 -0.2817
vn -0.2817 0.3672 -0.8865
vn -0.8865 0.2817 -0.3672
vn 0.2817 -0.8865 0.3672
vn 0.8865 -0.3672 0.2817
vn 0.3672 -0.2817 0.8865
vn 0.3672 0.8865 0.2817
vn 0.2817 0.3672 0.8865
vn 0.8865 0.2817 0.3672
vn 0.3672 -0.8865 -0.2817
vn 0.2817 -0.3672 -0.8865
vn 0.8865 -0.2817 -0.3672
vn 0.2817 0.8865 -0.3672
vn 0.8865 0.3672 -0.2817
vn 0.3672 0.2817 -0.8865
vn -0.3827 -0.9239 -0.0000
vn -0.9239 -0.3827 -0.0000
vn -0.3827 -0.0000 0.9239
vn -0.9239 -0.0000 0.3827
vn -0.3827 0.9239 -0.0000
vn -0.9239 0.3827 -0.0000
vn -0.3827 -0.0000 -0.9239
vn -0.9239 -0.0000 -0.3827
vn -0.0000 -0.9239 -0.3827
vn -0.0000 -0.3827 -0.9239
vn -0.0000 0.9239 -0.3827
vn -0.0000 0.3827 -0.9239
vn 0.9239 -0.0000 -0.3827
vn 0.3827 -0.0000 -0.9239
vn 0.3827 -0.9239 -0.0000
vn 0.9239 -0.3827 -0.0000
vn 0.3827 0.9239 -0.0000
vn 0.9239 0.3827 -0.0000
vn 0.3827 -0.0000 0.9239
vn 0.9239 -0.0000 0.3827
vn -0.0000 -0.9239 0.3827
vn -0.0000 -0.3827 0.9239
vn -0.0000 0.9239 0.3827
vn -0.0000 0.3827 0.9239
vn -0.0000 -1.0000 -0.0000
vn -1.0000 -0.0000 -0.0000
vn -0.0000 -0.0000 1.0000
vn -0.0000 1.0000 -0.0000
vn -0.0000 -0.0000 -1.0000
vn 1.0000 -0.0000 -0.0000
vn -0.2817 -0.8865 0.3672
vn -0.3672 -0.2817 0.8865
vn -0.8865 -0.3672 0.2817
vn -0.2817 0.3672 0.8865
vn -0.3672 0.8865 0.2817
vn -0.8865 0.2817 0.3672
vn -0.3672 -0.8865 -0.2817
vn -0.8865 -0.2817 -0.3672
vn -0.2817 -0.3672 -0.8865
vn -0.2817 0.8865 -0.3672
vn -0.3672 0.2817 -0.8865
vn -0.8865 0.3672 -0.2817
vn 0.3672 -0.8865 0.2817
vn 0.8865 -0.2817 0.3672
vn 0.2817 -0.3672 0.8865
vn 0.2817 0.8865 0.3672
vn 0.3672 0.2817 0.8865
vn 0.8865 0.3672 0.2817
vn 0.2817 -0.8865 -0.3672
vn 0.3672 -0.2817 -0.8865
vn 0.8865 -0.3672 -0.2817
vn 0.3672 0.8865 -0.2817
vn 0.8865 0.2817 -0.3672
vn 0.2817 0.3672 -0.8865
s 0
usemtl Stone_Light
f 4025//4848 4029//4848 4031//4848
f 4026//4849 4029//4849 4028//4849
f 4027//4850 4029//4850 4030//4850
f 4032//4851 4036//4851 4038//4851
f 4033//4852 4036//4852 4035//4852
f 4034//4853 4036//4853 4037//4853
f 4039//4854 4043//4854 4045//4854
f 4040//4855 4043//4855 4042//4855
f 4041//4856 4043//4856 4044//4856
f 4046//4857 4050//4857 4052//4857
f 4047//4858 4050//4858 4049//4858
f 4048//4859 4050//4859 4051//4859
f 4053//4860 4057//4860 4059//4860
f 4054//4861 4057//4861 4056//4861
f 4055//4862 4057//4862 4058//4862
f 4060//4863 4064//4863 4066//4863
f 4061//4864 4064//4864 4063//4864
f 4062//4865 4064//4865 4065//4865
f 4067//4866 4071//4866 4073//4866
f 4068//4867 4071//4867 4070//4867
f 4069//4868 4071//4868 4072//4868
f 4074//4869 4078//4869 4080//4869
f 4075//4870 4078//4870 4077//4870
f 4076//4871 4078//4871 4079//4871
f 4025//4872 4042//4872 4039//4872
f 4031//4873 4040//4873 4042//4873
f 4032//4874 4030//4874 4026//4874
f 4038//4875 4027//4875 4030//4875
f 4046//4876 4037//4876 4033//4876
f 4052//4877 4034//4877 4037//4877
f 4041//4878 4051//4878 4047//4878
f 4044//4879 4048//4879 4051//4879
f 4039//4880 4070//4880 4067//4880
f 4045//4881 4068//4881 4070//4881
f 4074//4882 4049//4882 4046//4882
f 4080//4883 4047//4883 4049//4883
f 4069//4884 4079//4884 4075//4884
f 4072//4885 4076//4885 4079//4885
f 4067//4886 4056//4886 4053//4886
f 4073//4887 4054//4887 4056//4887
f 4060//4888 4077//4888 4074//4888
f 4066//4889 4075//4889 4077//4889
f 4055//4890 4065//4890 4061//4890
f 4058//4891 4062//4891 4065//4891
f 4053//4892 4028//4892 4025//4892
f 4059//4893 4026//4893 4028//4893
f 4033//4894 4063//4894 4060//4894
f 4035//4895 4061//4895 4063//4895
f 4067//4896 4025//4896 4039//4896
f 4034//4897 4040//4897 4027//4897
f 4061//4898 4026//4898 4055//4898
f 4046//4899 4060//4899 4074//4899
f 4047//4900 4068//4900 4041//4900
f 4075//4901 4054//4901 4069//4901
f 4025//4902 4028//4902 4029//4902
f 4026//4903 4030//4903 4029//4903
f 4027//4904 4031//4904 4029//4904
f 4032//4905 4035//4905 4036//4905
f 4033//4906 4037//4906 4036//4906
f 4034//4907 4038//4907 4036//4907
f 4039//4908 4042//4908 4043//4908
f 4040//4909 4044//4909 4043//4909
f 4041//4910 4045//4910 4043//4910
f 4046//4911 4049//4911 4050//4911
f 4047//4912 4051//4912 4050//4912
f 4048//4913 4052//4913 4050//4913
f 4053//4914 4056//4914 4057//4914
f 4054//4915 4058//4915 4057//4915
f 4055//4916 4059//4916 4057//4916
f 4060//4917 4063//4917 4064//4917
f 4061//4918 4065//4918 4064//4918
f 4062//4919 4066//4919 4064//4919
f 4067//4920 4070//4920 4071//4920
f 4068//4921 4072//4921 4071//4921
f 4069//4922 4073//4922 4071//4922
f 4074//4923 4077//4923 4078//4923
f 4075//4924 4079//4924 4078//4924
f 4076//4925 4080//4925 4078//4925
f 4025//4872 4031//4872 4042//4872
f 4031//4873 4027//4873 4040//4873
f 4032//4874 4038//4874 4030//4874
f 4038//4875 4034//4875 4027//4875
f 4046//4876 4052//4876 4037//4876
f 4052//4877 4048//4877 4034//4877
f 4041//4878 4044//4878 4051//4878
f 4044//4879 4040//4879 4048//4879
f 4039//4880 4045//4880 4070//4880
f 4045//4881 4041//4881 4068//4881
f 4074//4882 4080//4882 4049//4882
f 4080//4883 4076//4883 4047//4883
f 4069//4884 4072//4884 4079//4884
f 4072//4885 4068//4885 4076//4885
f 4067//4886 4073//4886 4056//4886
f 4073//4887 4069//4887 4054//4887
f 4060//4888 4066//4888 4077//4888
f 4066//4889 4062//4889 4075//4889
f 4055//4890 4058//4890 4065//4890
f 4058//4891 4054//4891 4062//4891
f 4053//4892 4059//4892 4028//4892
f 4059//4893 4055//4893 4026//4893
f 4033//4894 4035//4894 4063//4894
f 4035//4895 4032//4895 4061//4895
f 4067//4896 4053//4896 4025//4896
f 4034//4897 4048//4897 4040//4897
f 4061//4898 4032//4898 4026//4898
f 4046//4899 4033//4899 4060//4899
f 4047//4900 4076//4900 4068//4900
f 4075//4901 4062//4901 4054//4901
o NorthRail_-1_10
v 8.290000 0.200000 -24.469999
v 8.290000 0.240000 -24.430000
v 8.250000 0.240000 -24.469999
v 8.290000 0.211716 -24.441715
v 8.266906 0.216906 -24.446905
v 8.261716 0.240000 -24.441715
v 8.261716 0.211716 -24.469999
v 8.290000 0.860000 -24.430000
v 8.290000 0.900000 -24.469999
v 8.250000 0.860000 -24.469999
v 8.290000 0.888284 -24.441715
v 8.266906 0.883094 -24.446905
v 8.261716 0.888284 -24.469999
v 8.261716 0.860000 -24.441715
v 8.290000 0.200000 -24.530001
v 8.250000 0.240000 -24.530001
v 8.290000 0.240000 -24.570000
v 8.261716 0.211716 -24.530001
v 8.266906 0.216906 -24.553095
v 8.261716 0.240000 -24.558285
v 8.290000 0.211716 -24.558285
v 8.290000 0.900000 -24.530001
v 8.290000 0.860000 -24.570000
v 8.250000 0.860000 -24.530001
v 8.290000 0.888284 -24.558285
v 8.266906 0.883094 -24.553095
v 8.261716 0.860000 -24.558285
v 8.261716 0.888284 -24.530001
v 11.710000 0.200000 -24.469999
v 11.750000 0.240000 -24.469999
v 11.710000 0.240000 -24.430000
v 11.738284 0.211716 -24.469999
v 11.733094 0.216906 -24.446905
v 11.738284 0.240000 -24.441715
v 11.710000 0.211716 -24.441715
v 11.710000 0.900000 -24.469999
v 11.710000 0.860000 -24.430000
v 11.750000 0.860000 -24.469999
v 11.710000 0.888284 -24.441715
v 11.733094 0.883094 -24.446905
v 11.738284 0.860000 -24.441715
v 11.738284 0.888284 -24.469999
v 11.710000 0.200000 -24.530001
v 11.710000 0.240000 -24.570000
v 11.750000 0.240000 -24.530001
v 11.710000 0.211716 -24.558285
v 11.733094 0.216906 -24.553095
v 11.738284 0.240000 -24.558285
v 11.738284 0.211716 -24.530001
v 11.710000 0.900000 -24.530001
v 11.750000 0.860000 -24.530001
v 11.710000 0.860000 -24.570000
v 11.738284 0.888284 -24.530001
v 11.733094 0.883094 -24.553095
v 11.738284 0.860000 -24.558285
v 11.710000 0.888284 -24.558285
vn -0.3672 -0.8865 0.2817
vn -0.2817 -0.3672 0.8865
vn -0.8865 -0.2817 0.3672
vn -0.3672 0.2817 0.8865
vn -0.2817 0.8865 0.3672
vn -0.8865 0.3672 0.2817
vn -0.2817 -0.8865 -0.3672
vn -0.8865 -0.3672 -0.2817
vn -0.3672 -0.2817 -0.8865
vn -0.3672 0.8865 -0.2817
vn -0.2817 0.3672 -0.8865
vn -0.8865 0.2817 -0.3672
vn 0.2817 -0.8865 0.3672
vn 0.8865 -0.3672 0.2817
vn 0.3672 -0.2817 0.8865
vn 0.3672 0.8865 0.2817
vn 0.2817 0.3672 0.8865
vn 0.8865 0.2817 0.3672
vn 0.3672 -0.8865 -0.2817
vn 0.2817 -0.3672 -0.8865
vn 0.8865 -0.2817 -0.3672
vn 0.2817 0.8865 -0.3672
vn 0.8865 0.3672 -0.2817
vn 0.3672 0.2817 -0.8865
vn -0.3827 -0.9239 -0.0000
vn -0.9239 -0.3827 -0.0000
vn -0.3827 -0.0000 0.9239
vn -0.9239 -0.0000 0.3827
vn -0.3827 0.9239 -0.0000
vn -0.9239 0.3827 -0.0000
vn -0.3827 -0.0000 -0.9239
vn -0.9239 -0.0000 -0.3827
vn -0.0000 -0.9239 -0.3827
vn -0.0000 -0.3827 -0.9239
vn -0.0000 0.9239 -0.3827
vn -0.0000 0.3827 -0.9239
vn 0.9239 -0.0000 -0.3827
vn 0.3827 -0.0000 -0.9239
vn 0.3827 -0.9239 -0.0000
vn 0.9239 -0.3827 -0.0000
vn 0.3827 0.9239 -0.0000
vn 0.9239 0.3827 -0.0000
vn 0.3827 -0.0000 0.9239
vn 0.9239 -0.0000 0.3827
vn -0.0000 -0.9239 0.3827
vn -0.0000 -0.3827 0.9239
vn -0.0000 0.9239 0.3827
vn -0.0000 0.3827 0.9239
vn -0.0000 -1.0000 -0.0000
vn -1.0000 -0.0000 -0.0000
vn -0.0000 -0.0000 1.0000
vn -0.0000 1.0000 -0.0000
vn -0.0000 -0.0000 -1.0000
vn 1.0000 -0.0000 -0.0000
vn -0.2817 -0.8865 0.3672
vn -0.3672 -0.2817 0.8865
vn -0.8865 -0.3672 0.2817
vn -0.2817 0.3672 0.8865
vn -0.3672 0.8865 0.2817
vn -0.8865 0.2817 0.3672
vn -0.3672 -0.8865 -0.2817
vn -0.8865 -0.2817 -0.3672
vn -0.2817 -0.3672 -0.8865
vn -0.2817 0.8865 -0.3672
vn -0.3672 0.2817 -0.8865
vn -0.8865 0.3672 -0.2817
vn 0.3672 -0.8865 0.2817
vn 0.8865 -0.2817 0.3672
vn 0.2817 -0.3672 0.8865
vn 0.2817 0.8865 0.3672
vn 0.3672 0.2817 0.8865
vn 0.8865 0.3672 0.2817
vn 0.2817 -0.8865 -0.3672
vn 0.3672 -0.2817 -0.8865
vn 0.8865 -0.3672 -0.2817
vn 0.3672 0.8865 -0.2817
vn 0.8865 0.2817 -0.3672
vn 0.2817 0.3672 -0.8865
s 0
usemtl Stone_Light
f 4081//4926 4085//4926 4087//4926
f 4082//4927 4085//4927 4084//4927
f 4083//4928 4085//4928 4086//4928
f 4088//4929 4092//4929 4094//4929
f 4089//4930 4092//4930 4091//4930
f 4090//4931 4092//4931 4093//4931
f 4095//4932 4099//4932 4101//4932
f 4096//4933 4099//4933 4098//4933
f 4097//4934 4099//4934 4100//4934
f 4102//4935 4106//4935 4108//4935
f 4103//4936 4106//4936 4105//4936
f 4104//4937 4106//4937 4107//4937
f 4109//4938 4113//4938 4115//4938
f 4110//4939 4113//4939 4112//4939
f 4111//4940 4113//4940 4114//4940
f 4116//4941 4120//4941 4122//4941
f 4117//4942 4120//4942 4119//4942
f 4118//4943 4120//4943 4121//4943
f 4123//4944 4127//4944 4129//4944
f 4124//4945 4127//4945 4126//4945
f 4125//4946 4127//4946 4128//4946
f 4130//4947 4134//4947 4136//4947
f 4131//4948 4134//4948 4133//4948
f 4132//4949 4134//4949 4135//4949
f 4081//4950 4098//4950 4095//4950
f 4087//4951 4096//4951 4098//4951
f 4088//4952 4086//4952 4082//4952
f 4094//4953 4083//4953 4086//4953
f 4102//4954 4093//4954 4089//4954
f 4108//4955 4090//4955 4093//4955
f 4097//4956 4107//4956 4103//4956
f 4100//4957 4104//4957 4107//4957
f 4095//4958 4126//4958 4123//4958
f 4101//4959 4124//4959 4126//4959
f 4130//4960 4105//4960 4102//4960
f 4136//4961 4103//4961 4105//4961
f 4125//4962 4135//4962 4131//4962
f 4128//4963 4132//4963 4135//4963
f 4123//4964 4112//4964 4109//4964
f 4129//4965 4110//4965 4112//4965
f 4116//4966 4133//4966 4130//4966
f 4122//4967 4131//4967 4133//4967
f 4111//4968 4121//4968 4117//4968
f 4114//4969 4118//4969 4121//4969
f 4109//4970 4084//4970 4081//4970
f 4115//4971 4082//4971 4084//4971
f 4089//4972 4119//4972 4116//4972
f 4091//4973 4117//4973 4119//4973
f 4123//4974 4081//4974 4095//4974
f 4090//4975 4096//4975 4083//4975
f 4117//4976 4082//4976 4111//4976
f 4102//4977 4116//4977 4130//4977
f 4103//4978 4124//4978 4097//4978
f 4131//4979 4110//4979 4125//4979
f 4081//4980 4084//4980 4085//4980
f 4082//4981 4086//4981 4085//4981
f 4083//4982 4087//4982 4085//4982
f 4088//4983 4091//4983 4092//4983
f 4089//4984 4093//4984 4092//4984
f 4090//4985 4094//4985 4092//4985
f 4095//4986 4098//4986 4099//4986
f 4096//4987 4100//4987 4099//4987
f 4097//4988 4101//4988 4099//4988
f 4102//4989 4105//4989 4106//4989
f 4103//4990 4107//4990 4106//4990
f 4104//4991 4108//4991 4106//4991
f 4109//4992 4112//4992 4113//4992
f 4110//4993 4114//4993 4113//4993
f 4111//4994 4115//4994 4113//4994
f 4116//4995 4119//4995 4120//4995
f 4117//4996 4121//4996 4120//4996
f 4118//4997 4122//4997 4120//4997
f 4123//4998 4126//4998 4127//4998
f 4124//4999 4128//4999 4127//4999
f 4125//5000 4129//5000 4127//5000
f 4130//5001 4133//5001 4134//5001
f 4131//5002 4135//5002 4134//5002
f 4132//5003 4136//5003 4134//5003
f 4081//4950 4087//4950 4098//4950
f 4087//4951 4083//4951 4096//4951
f 4088//4952 4094//4952 4086//4952
f 4094//4953 4090//4953 4083//4953
f 4102//4954 4108//4954 4093//4954
f 4108//4955 4104//4955 4090//4955
f 4097//4956 4100//4956 4107//4956
f 4100//4957 4096//4957 4104//4957
f 4095//4958 4101//4958 4126//4958
f 4101//4959 4097//4959 4124//4959
f 4130//4960 4136//4960 4105//4960
f 4136//4961 4132//4961 4103//4961
f 4125//4962 4128//4962 4135//4962
f 4128//4963 4124//4963 4132//4963
f 4123//4964 4129//4964 4112//4964
f 4129//4965 4125//4965 4110//4965
f 4116//4966 4122//4966 4133//4966
f 4122//4967 4118//4967 4131//4967
f 4111//4968 4114//4968 4121//4968
f 4114//4969 4110//4969 4118//4969
f 4109//4970 4115//4970 4084//4970
f 4115//4971 4111//4971 4082//4971
f 4089//4972 4091//4972 4119//4972
f 4091//4973 4088//4973 4117//4973
f 4123//4974 4109//4974 4081//4974
f 4090//4975 4104//4975 4096//4975
f 4117//4976 4088//4976 4082//4976
f 4102//4977 4089//4977 4116//4977
f 4103//4978 4132//4978 4124//4978
f 4131//4979 4118//4979 4110//4979
o NorthRail_-1_14
v 12.290000 0.200000 -24.469999
v 12.290000 0.240000 -24.430000
v 12.250000 0.240000 -24.469999
v 12.290000 0.211716 -24.441715
v 12.266906 0.216906 -24.446905
v 12.261716 0.240000 -24.441715
v 12.261716 0.211716 -24.469999
v 12.290000 0.860000 -24.430000
v 12.290000 0.900000 -24.469999
v 12.250000 0.860000 -24.469999
v 12.290000 0.888284 -24.441715
v 12.266906 0.883094 -24.446905
v 12.261716 0.888284 -24.469999
v 12.261716 0.860000 -24.441715
v 12.290000 0.200000 -24.530001
v 12.250000 0.240000 -24.530001
v 12.290000 0.240000 -24.570000
v 12.261716 0.211716 -24.530001
v 12.266906 0.216906 -24.553095
v 12.261716 0.240000 -24.558285
v 12.290000 0.211716 -24.558285
v 12.290000 0.900000 -24.530001
v 12.290000 0.860000 -24.570000
v 12.250000 0.860000 -24.530001
v 12.290000 0.888284 -24.558285
v 12.266906 0.883094 -24.553095
v 12.261716 0.860000 -24.558285
v 12.261716 0.888284 -24.530001
v 15.710000 0.200000 -24.469999
v 15.750000 0.240000 -24.469999
v 15.710000 0.240000 -24.430000
v 15.738284 0.211716 -24.469999
v 15.733094 0.216906 -24.446905
v 15.738284 0.240000 -24.441715
v 15.710000 0.211716 -24.441715
v 15.710000 0.900000 -24.469999
v 15.710000 0.860000 -24.430000
v 15.750000 0.860000 -24.469999
v 15.710000 0.888284 -24.441715
v 15.733094 0.883094 -24.446905
v 15.738284 0.860000 -24.441715
v 15.738284 0.888284 -24.469999
v 15.710000 0.200000 -24.530001
v 15.710000 0.240000 -24.570000
v 15.750000 0.240000 -24.530001
v 15.710000 0.211716 -24.558285
v 15.733094 0.216906 -24.553095
v 15.738284 0.240000 -24.558285
v 15.738284 0.211716 -24.530001
v 15.710000 0.900000 -24.530001
v 15.750000 0.860000 -24.530001
v 15.710000 0.860000 -24.570000
v 15.738284 0.888284 -24.530001
v 15.733094 0.883094 -24.553095
v 15.738284 0.860000 -24.558285
v 15.710000 0.888284 -24.558285
vn -0.3672 -0.8865 0.2817
vn -0.2817 -0.3672 0.8865
vn -0.8865 -0.2817 0.3672
vn -0.3672 0.2817 0.8865
vn -0.2817 0.8865 0.3672
vn -0.8865 0.3672 0.2817
vn -0.2817 -0.8865 -0.3672
vn -0.8865 -0.3672 -0.2817
vn -0.3672 -0.2817 -0.8865
vn -0.3672 0.8865 -0.2817
vn -0.2817 0.3672 -0.8865
vn -0.8865 0.2817 -0.3672
vn 0.2817 -0.8865 0.3672
vn 0.8865 -0.3672 0.2817
vn 0.3672 -0.2817 0.8865
vn 0.3672 0.8865 0.2817
vn 0.2817 0.3672 0.8865
vn 0.8865 0.2817 0.3672
vn 0.3672 -0.8865 -0.2817
vn 0.2817 -0.3672 -0.8865
vn 0.8865 -0.2817 -0.3672
vn 0.2817 0.8865 -0.3672
vn 0.8865 0.3672 -0.2817
vn 0.3672 0.2817 -0.8865
vn -0.3827 -0.9239 -0.0000
vn -0.9239 -0.3827 -0.0000
vn -0.3827 -0.0000 0.9239
vn -0.9239 -0.0000 0.3827
vn -0.3827 0.9239 -0.0000
vn -0.9239 0.3827 -0.0000
vn -0.3827 -0.0000 -0.9239
vn -0.9239 -0.0000 -0.3827
vn -0.0000 -0.9239 -0.3827
vn -0.0000 -0.3827 -0.9239
vn -0.0000 0.9239 -0.3827
vn -0.0000 0.3827 -0.9239
vn 0.9239 -0.0000 -0.3827
vn 0.3827 -0.0000 -0.9239
vn 0.3827 -0.9239 -0.0000
vn 0.9239 -0.3827 -0.0000
vn 0.3827 0.9239 -0.0000
vn 0.9239 0.3827 -0.0000
vn 0.3827 -0.0000 0.9239
vn 0.9239 -0.0000 0.3827
vn -0.0000 -0.9239 0.3827
vn -0.0000 -0.3827 0.9239
vn -0.0000 0.9239 0.3827
vn -0.0000 0.3827 0.9239
vn -0.0000 -1.0000 -0.0000
vn -1.0000 -0.0000 -0.0000
vn -0.0000 -0.0000 1.0000
vn -0.0000 1.0000 -0.0000
vn -0.0000 -0.0000 -1.0000
vn 1.0000 -0.0000 -0.0000
vn -0.2817 -0.8865 0.3672
vn -0.3672 -0.2817 0.8865
vn -0.8865 -0.3672 0.2817
vn -0.2817 0.3672 0.8865
vn -0.3672 0.8865 0.2817
vn -0.8865 0.2817 0.3672
vn -0.3672 -0.8865 -0.2817
vn -0.8865 -0.2817 -0.3672
vn -0.2817 -0.3672 -0.8865
vn -0.2817 0.8865 -0.3672
vn -0.3672 0.2817 -0.8865
vn -0.8865 0.3672 -0.2817
vn 0.3672 -0.8865 0.2817
vn 0.8865 -0.2817 0.3672
vn 0.2817 -0.3672 0.8865
vn 0.2817 0.8865 0.3672
vn 0.3672 0.2817 0.8865
vn 0.8865 0.3672 0.2817
vn 0.2817 -0.8865 -0.3672
vn 0.3672 -0.2817 -0.8865
vn 0.8865 -0.3672 -0.2817
vn 0.3672 0.8865 -0.2817
vn 0.8865 0.2817 -0.3672
vn 0.2817 0.3672 -0.8865
s 0
usemtl Stone_Light
f 4137//5004 4141//5004 4143//5004
f 4138//5005 4141//5005 4140//5005
f 4139//5006 4141//5006 4142//5006
f 4144//5007 4148//5007 4150//5007
f 4145//5008 4148//5008 4147//5008
f 4146//5009 4148//5009 4149//5009
f 4151//5010 4155//5010 4157//5010
f 4152//5011 4155//5011 4154//5011
f 4153//5012 4155//5012 4156//5012
f 4158//5013 4162//5013 4164//5013
f 4159//5014 4162//5014 4161//5014
f 4160//5015 4162//5015 4163//5015
f 4165//5016 4169//5016 4171//5016
f 4166//5017 4169//5017 4168//5017
f 4167//5018 4169//5018 4170//5018
f 4172//5019 4176//5019 4178//5019
f 4173//5020 4176//5020 4175//5020
f 4174//5021 4176//5021 4177//5021
f 4179//5022 4183//5022 4185//5022
f 4180//5023 4183//5023 4182//5023
f 4181//5024 4183//5024 4184//5024
f 4186//5025 4190//5025 4192//5025
f 4187//5026 4190//5026 4189//5026
f 4188//5027 4190//5027 4191//5027
f 4137//5028 4154//5028 4151//5028
f 4143//5029 4152//5029 4154//5029
f 4144//5030 4142//5030 4138//5030
f 4150//5031 4139//5031 4142//5031
f 4158//5032 4149//5032 4145//5032
f 4164//5033 4146//5033 4149//5033
f 4153//5034 4163//5034 4159//5034
f 4156//5035 4160//5035 4163//5035
f 4151//5036 4182//5036 4179//5036
f 4157//5037 4180//5037 4182//5037
f 4186//5038 4161//5038 4158//5038
f 4192//5039 4159//5039 4161//5039
f 4181//5040 4191//5040 4187//5040
f 4184//5041 4188//5041 4191//5041
f 4179//5042 4168//5042 4165//5042
f 4185//5043 4166//5043 4168//5043
f 4172//5044 4189//5044 4186//5044
f 4178//5045 4187//5045 4189//5045
f 4167//5046 4177//5046 4173//5046
f 4170//5047 4174//5047 4177//5047
f 4165//5048 4140//5048 4137//5048
f 4171//5049 4138//5049 4140//5049
f 4145//5050 4175//5050 4172//5050
f 4147//5051 4173//5051 4175//5051
f 4179//5052 4137//5052 4151//5052
f 4146//5053 4152//5053 4139//5053
f 4173//5054 4138//5054 4167//5054
f 4158//5055 4172//5055 4186//5055
f 4159//5056 4180//5056 4153//5056
f 4187//5057 4166//5057 4181//5057
f 4137//5058 4140//5058 4141//5058
f 4138//5059 4142//5059 4141//5059
f 4139//5060 4143//5060 4141//5060
f 4144//5061 4147//5061 4148//5061
f 4145//5062 4149//5062 4148//5062
f 4146//5063 4150//5063 4148//5063
f 4151//5064 4154//5064 4155//5064
f 4152//5065 4156//5065 4155//5065
f 4153//5066 4157//5066 4155//5066
f 4158//5067 4161//5067 4162//5067
f 4159//5068 4163//5068 4162//5068
f 4160//5069 4164//5069 4162//5069
f 4165//5070 4168//5070 4169//5070
f 4166//5071 4170//5071 4169//5071
f 4167//5072 4171//5072 4169//5072
f 4172//5073 4175//5073 4176//5073
f 4173//5074 4177//5074 4176//5074
f 4174//5075 4178//5075 4176//5075
f 4179//5076 4182//5076 4183//5076
f 4180//5077 4184//5077 4183//5077
f 4181//5078 4185//5078 4183//5078
f 4186//5079 4189//5079 4190//5079
f 4187//5080 4191//5080 4190//5080
f 4188//5081 4192//5081 4190//5081
f 4137//5028 4143//5028 4154//5028
f 4143//5029 4139//5029 4152//5029
f 4144//5030 4150//5030 4142//5030
f 4150//5031 4146//5031 4139//5031
f 4158//5032 4164//5032 4149//5032
f 4164//5033 4160//5033 4146//5033
f 4153//5034 4156//5034 4163//5034
f 4156//5035 4152//5035 4160//5035
f 4151//5036 4157//5036 4182//5036
f 4157//5037 4153//5037 4180//5037
f 4186//5038 4192//5038 4161//5038
f 4192//5039 4188//5039 4159//5039
f 4181//5040 4184//5040 4191//5040
f 4184//5041 4180//5041 4188//5041
f 4179//5042 4185//5042 4168//5042
f 4185//5043 4181//5043 4166//5043
f 4172//5044 4178//5044 4189//5044
f 4178//5045 4174//5045 4187//5045
f 4167//5046 4170//5046 4177//5046
f 4170//5047 4166//5047 4174//5047
f 4165//5048 4171//5048 4140//5048
f 4171//5049 4167//5049 4138//5049
f 4145//5050 4147//5050 4175//5050
f 4147//5051 4144//5051 4173//5051
f 4179//5052 4165//5052 4137//5052
f 4146//5053 4160//5053 4152//5053
f 4173//5054 4144//5054 4138//5054
f 4158//5055 4145//5055 4172//5055
f 4159//5056 4188//5056 4180//5056
f 4187//5057 4174//5057 4166//5057
o NorthRail_-1_18
v 16.290001 0.200000 -24.469999
v 16.290001 0.240000 -24.430000
v 16.250000 0.240000 -24.469999
v 16.290001 0.211716 -24.441715
v 16.266907 0.216906 -24.446905
v 16.261715 0.240000 -24.441715
v 16.261715 0.211716 -24.469999
v 16.290001 0.860000 -24.430000
v 16.290001 0.900000 -24.469999
v 16.250000 0.860000 -24.469999
v 16.290001 0.888284 -24.441715
v 16.266907 0.883094 -24.446905
v 16.261715 0.888284 -24.469999
v 16.261715 0.860000 -24.441715
v 16.290001 0.200000 -24.530001
v 16.250000 0.240000 -24.530001
v 16.290001 0.240000 -24.570000
v 16.261715 0.211716 -24.530001
v 16.266907 0.216906 -24.553095
v 16.261715 0.240000 -24.558285
v 16.290001 0.211716 -24.558285
v 16.290001 0.900000 -24.530001
v 16.290001 0.860000 -24.570000
v 16.250000 0.860000 -24.530001
v 16.290001 0.888284 -24.558285
v 16.266907 0.883094 -24.553095
v 16.261715 0.860000 -24.558285
v 16.261715 0.888284 -24.530001
v 19.709999 0.200000 -24.469999
v 19.750000 0.240000 -24.469999
v 19.709999 0.240000 -24.430000
v 19.738285 0.211716 -24.469999
v 19.733093 0.216906 -24.446905
v 19.738285 0.240000 -24.441715
v 19.709999 0.211716 -24.441715
v 19.709999 0.900000 -24.469999
v 19.709999 0.860000 -24.430000
v 19.750000 0.860000 -24.469999
v 19.709999 0.888284 -24.441715
v 19.733093 0.883094 -24.446905
v 19.738285 0.860000 -24.441715
v 19.738285 0.888284 -24.469999
v 19.709999 0.200000 -24.530001
v 19.709999 0.240000 -24.570000
v 19.750000 0.240000 -24.530001
v 19.709999 0.211716 -24.558285
v 19.733093 0.216906 -24.553095
v 19.738285 0.240000 -24.558285
v 19.738285 0.211716 -24.530001
v 19.709999 0.900000 -24.530001
v 19.750000 0.860000 -24.530001
v 19.709999 0.860000 -24.570000
v 19.738285 0.888284 -24.530001
v 19.733093 0.883094 -24.553095
v 19.738285 0.860000 -24.558285
v 19.709999 0.888284 -24.558285
vn -0.3672 -0.8865 0.2817
vn -0.2817 -0.3672 0.8865
vn -0.8865 -0.2817 0.3672
vn -0.3672 0.2817 0.8865
vn -0.2817 0.8865 0.3672
vn -0.8865 0.3672 0.2817
vn -0.2817 -0.8865 -0.3672
vn -0.8865 -0.3672 -0.2817
vn -0.3672 -0.2817 -0.8865
vn -0.3672 0.8865 -0.2817
vn -0.2817 0.3672 -0.8865
vn -0.8865 0.2817 -0.3672
vn 0.2817 -0.8865 0.3672
vn 0.8865 -0.3672 0.2817
vn 0.3672 -0.2817 0.8865
vn 0.3672 0.8865 0.2817
vn 0.2817 0.3672 0.8865
vn 0.8865 0.2817 0.3672
vn 0.3672 -0.8865 -0.2817
vn 0.2817 -0.3672 -0.8865
vn 0.8865 -0.2817 -0.3672
vn 0.2817 0.8865 -0.3672
vn 0.8865 0.3672 -0.2817
vn 0.3672 0.2817 -0.8865
vn -0.3827 -0.9239 -0.0000
vn -0.9239 -0.3827 -0.0000
vn -0.3827 -0.0000 0.9239
vn -0.9239 -0.0000 0.3827
vn -0.3827 0.9239 -0.0000
vn -0.9239 0.3827 -0.0000
vn -0.3827 -0.0000 -0.9239
vn -0.9239 -0.0000 -0.3827
vn -0.0000 -0.9239 -0.3827
vn -0.0000 -0.3827 -0.9239
vn -0.0000 0.9239 -0.3827
vn -0.0000 0.3827 -0.9239
vn 0.9239 -0.0000 -0.3827
vn 0.3827 -0.0000 -0.9239
vn 0.3827 -0.9239 -0.0000
vn 0.9239 -0.3827 -0.0000
vn 0.3827 0.9239 -0.0000
vn 0.9239 0.3827 -0.0000
vn 0.3827 -0.0000 0.9239
vn 0.9239 -0.0000 0.3827
vn -0.0000 -0.9239 0.3827
vn -0.0000 -0.3827 0.9239
vn -0.0000 0.9239 0.3827
vn -0.0000 0.3827 0.9239
vn -0.0000 -1.0000 -0.0000
vn -1.0000 -0.0000 -0.0000
vn -0.0000 -0.0000 1.0000
vn -0.0000 1.0000 -0.0000
vn -0.0000 -0.0000 -1.0000
vn 1.0000 -0.0000 -0.0000
vn -0.2817 -0.8865 0.3672
vn -0.3672 -0.2817 0.8865
vn -0.8865 -0.3672 0.2817
vn -0.2817 0.3672 0.8865
vn -0.3672 0.8865 0.2817
vn -0.8865 0.2817 0.3672
vn -0.3672 -0.8865 -0.2817
vn -0.8865 -0.2817 -0.3672
vn -0.2817 -0.3672 -0.8865
vn -0.2817 0.8865 -0.3672
vn -0.3672 0.2817 -0.8865
vn -0.8865 0.3672 -0.2817
vn 0.3672 -0.8865 0.2817
vn 0.8865 -0.2817 0.3672
vn 0.2817 -0.3672 0.8865
vn 0.2817 0.8865 0.3672
vn 0.3672 0.2817 0.8865
vn 0.8865 0.3672 0.2817
vn 0.2817 -0.8865 -0.3672
vn 0.3672 -0.2817 -0.8865
vn 0.8865 -0.3672 -0.2817
vn 0.3672 0.8865 -0.2817
vn 0.8865 0.2817 -0.3672
vn 0.2817 0.3672 -0.8865
s 0
usemtl Stone_Light
f 4193//5082 4197//5082 4199//5082
f 4194//5083 4197//5083 4196//5083
f 4195//5084 4197//5084 4198//5084
f 4200//5085 4204//5085 4206//5085
f 4201//5086 4204//5086 4203//5086
f 4202//5087 4204//5087 4205//5087
f 4207//5088 4211//5088 4213//5088
f 4208//5089 4211//5089 4210//5089
f 4209//5090 4211//5090 4212//5090
f 4214//5091 4218//5091 4220//5091
f 4215//5092 4218//5092 4217//5092
f 4216//5093 4218//5093 4219//5093
f 4221//5094 4225//5094 4227//5094
f 4222//5095 4225//5095 4224//5095
f 4223//5096 4225//5096 4226//5096
f 4228//5097 4232//5097 4234//5097
f 4229//5098 4232//5098 4231//5098
f 4230//5099 4232//5099 4233//5099
f 4235//5100 4239//5100 4241//5100
f 4236//5101 4239//5101 4238//5101
f 4237//5102 4239//5102 4240//5102
f 4242//5103 4246//5103 4248//5103
f 4243//5104 4246//5104 4245//5104
f 4244//5105 4246//5105 4247//5105
f 4193//5106 4210//5106 4207//5106
f 4199//5107 4208//5107 4210//5107
f 4200//5108 4198//5108 4194//5108
f 4206//5109 4195//5109 4198//5109
f 4214//5110 4205//5110 4201//5110
f 4220//5111 4202//5111 4205//5111
f 4209//5112 4219//5112 4215//5112
f 4212//5113 4216//5113 4219//5113
f 4207//5114 4238//5114 4235//5114
f 4213//5115 4236//5115 4238//5115
f 4242//5116 4217//5116 4214//5116
f 4248//5117 4215//5117 4217//5117
f 4237//5118 4247//5118 4243//5118
f 4240//5119 4244//5119 4247//5119
f 4235//5120 4224//5120 4221//5120
f 4241//5121 4222//5121 4224//5121
f 4228//5122 4245//5122 4242//5122
f 4234//5123 4243//5123 4245//5123
f 4223//5124 4233//5124 4229//5124
f 4226//5125 4230//5125 4233//5125
f 4221//5126 4196//5126 4193//5126
f 4227//5127 4194//5127 4196//5127
f 4201//5128 4231//5128 4228//5128
f 4203//5129 4229//5129 4231//5129
f 4235//5130 4193//5130 4207//5130
f 4202//5131 4208//5131 4195//5131
f 4229//5132 4194//5132 4223//5132
f 4214//5133 4228//5133 4242//5133
f 4215//5134 4236//5134 4209//5134
f 4243//5135 4222//5135 4237//5135
f 4193//5136 4196//5136 4197//5136
f 4194//5137 4198//5137 4197//5137
f 4195//5138 4199//5138 4197//5138
f 4200//5139 4203//5139 4204//5139
f 4201//5140 4205//5140 4204//5140
f 4202//5141 4206//5141 4204//5141
f 4207//5142 4210//5142 4211//5142
f 4208//5143 4212//5143 4211//5143
f 4209//5144 4213//5144 4211//5144
f 4214//5145 4217//5145 4218//5145
f 4215//5146 4219//5146 4218//5146
f 4216//5147 4220//5147 4218//5147
f 4221//5148 4224//5148 4225//5148
f 4222//5149 4226//5149 4225//5149
f 4223//5150 4227//5150 4225//5150
f 4228//5151 4231//5151 4232//5151
f 4229//5152 4233//5152 4232//5152
f 4230//5153 4234//5153 4232//5153
f 4235//5154 4238//5154 4239//5154
f 4236//5155 4240//5155 4239//5155
f 4237//5156 4241//5156 4239//5156
f 4242//5157 4245//5157 4246//5157
f 4243//5158 4247//5158 4246//5158
f 4244//5159 4248//5159 4246//5159
f 4193//5106 4199//5106 4210//5106
f 4199//5107 4195//5107 4208//5107
f 4200//5108 4206//5108 4198//5108
f 4206//5109 4202//5109 4195//5109
f 4214//5110 4220//5110 4205//5110
f 4220//5111 4216//5111 4202//5111
f 4209//5112 4212//5112 4219//5112
f 4212//5113 4208//5113 4216//5113
f 4207//5114 4213//5114 4238//5114
f 4213//5115 4209//5115 4236//5115
f 4242//5116 4248//5116 4217//5116
f 4248//5117 4244//5117 4215//5117
f 4237//5118 4240//5118 4247//5118
f 4240//5119 4236//5119 4244//5119
f 4235//5120 4241//5120 4224//5120
f 4241//5121 4237//5121 4222//5121
f 4228//5122 4234//5122 4245//5122
f 4234//5123 4230//5123 4243//5123
f 4223//5124 4226//5124 4233//5124
f 4226//5125 4222//5125 4230//5125
f 4221//5126 4227//5126 4196//5126
f 4227//5127 4223//5127 4194//5127
f 4201//5128 4203//5128 4231//5128
f 4203//5129 4200//5129 4229//5129
f 4235//5130 4221//5130 4193//5130
f 4202//5131 4216//5131 4208//5131
f 4229//5132 4200//5132 4194//5132
f 4214//5133 4201//5133 4228//5133
f 4215//5134 4244//5134 4236//5134
f 4243//5135 4230//5135 4222//5135
o NorthRail_-1_22
v 20.290001 0.200000 -24.469999
v 20.290001 0.240000 -24.430000
v 20.250000 0.240000 -24.469999
v 20.290001 0.211716 -24.441715
v 20.266907 0.216906 -24.446905
v 20.261715 0.240000 -24.441715
v 20.261715 0.211716 -24.469999
v 20.290001 0.860000 -24.430000
v 20.290001 0.900000 -24.469999
v 20.250000 0.860000 -24.469999
v 20.290001 0.888284 -24.441715
v 20.266907 0.883094 -24.446905
v 20.261715 0.888284 -24.469999
v 20.261715 0.860000 -24.441715
v 20.290001 0.200000 -24.530001
v 20.250000 0.240000 -24.530001
v 20.290001 0.240000 -24.570000
v 20.261715 0.211716 -24.530001
v 20.266907 0.216906 -24.553095
v 20.261715 0.240000 -24.558285
v 20.290001 0.211716 -24.558285
v 20.290001 0.900000 -24.530001
v 20.290001 0.860000 -24.570000
v 20.250000 0.860000 -24.530001
v 20.290001 0.888284 -24.558285
v 20.266907 0.883094 -24.553095
v 20.261715 0.860000 -24.558285
v 20.261715 0.888284 -24.530001
v 23.709999 0.200000 -24.469999
v 23.750000 0.240000 -24.469999
v 23.709999 0.240000 -24.430000
v 23.738285 0.211716 -24.469999
v 23.733093 0.216906 -24.446905
v 23.738285 0.240000 -24.441715
v 23.709999 0.211716 -24.441715
v 23.709999 0.900000 -24.469999
v 23.709999 0.860000 -24.430000
v 23.750000 0.860000 -24.469999
v 23.709999 0.888284 -24.441715
v 23.733093 0.883094 -24.446905
v 23.738285 0.860000 -24.441715
v 23.738285 0.888284 -24.469999
v 23.709999 0.200000 -24.530001
v 23.709999 0.240000 -24.570000
v 23.750000 0.240000 -24.530001
v 23.709999 0.211716 -24.558285
v 23.733093 0.216906 -24.553095
v 23.738285 0.240000 -24.558285
v 23.738285 0.211716 -24.530001
v 23.709999 0.900000 -24.530001
v 23.750000 0.860000 -24.530001
v 23.709999 0.860000 -24.570000
v 23.738285 0.888284 -24.530001
v 23.733093 0.883094 -24.553095
v 23.738285 0.860000 -24.558285
v 23.709999 0.888284 -24.558285
vn -0.3672 -0.8865 0.2817
vn -0.2817 -0.3672 0.8865
vn -0.8865 -0.2817 0.3672
vn -0.3672 0.2817 0.8865
vn -0.2817 0.8865 0.3672
vn -0.8865 0.3672 0.2817
vn -0.2817 -0.8865 -0.3672
vn -0.8865 -0.3672 -0.2817
vn -0.3672 -0.2817 -0.8865
vn -0.3672 0.8865 -0.2817
vn -0.2817 0.3672 -0.8865
vn -0.8865 0.2817 -0.3672
vn 0.2817 -0.8865 0.3672
vn 0.8865 -0.3672 0.2817
vn 0.3672 -0.2817 0.8865
vn 0.3672 0.8865 0.2817
vn 0.2817 0.3672 0.8865
vn 0.8865 0.2817 0.3672
vn 0.3672 -0.8865 -0.2817
vn 0.2817 -0.3672 -0.8865
vn 0.8865 -0.2817 -0.3672
vn 0.2817 0.8865 -0.3672
vn 0.8865 0.3672 -0.2817
vn 0.3672 0.2817 -0.8865
vn -0.3827 -0.9239 -0.0000
vn -0.9239 -0.3827 -0.0000
vn -0.3827 -0.0000 0.9239
vn -0.9239 -0.0000 0.3827
vn -0.3827 0.9239 -0.0000
vn -0.9239 0.3827 -0.0000
vn -0.3827 -0.0000 -0.9239
vn -0.9239 -0.0000 -0.3827
vn -0.0000 -0.9239 -0.3827
vn -0.0000 -0.3827 -0.9239
vn -0.0000 0.9239 -0.3827
vn -0.0000 0.3827 -0.9239
vn 0.9239 -0.0000 -0.3827
vn 0.3827 -0.0000 -0.9239
vn 0.3827 -0.9239 -0.0000
vn 0.9239 -0.3827 -0.0000
vn 0.3827 0.9239 -0.0000
vn 0.9239 0.3827 -0.0000
vn 0.3827 -0.0000 0.9239
vn 0.9239 -0.0000 0.3827
vn -0.0000 -0.9239 0.3827
vn -0.0000 -0.3827 0.9239
vn -0.0000 0.9239 0.3827
vn -0.0000 0.3827 0.9239
vn -0.0000 -1.0000 -0.0000
vn -1.0000 -0.0000 -0.0000
vn -0.0000 -0.0000 1.0000
vn -0.0000 1.0000 -0.0000
vn -0.0000 -0.0000 -1.0000
vn 1.0000 -0.0000 -0.0000
vn -0.2817 -0.8865 0.3672
vn -0.3672 -0.2817 0.8865
vn -0.8865 -0.3672 0.2817
vn -0.2817 0.3672 0.8865
vn -0.3672 0.8865 0.2817
vn -0.8865 0.2817 0.3672
vn -0.3672 -0.8865 -0.2817
vn -0.8865 -0.2817 -0.3672
vn -0.2817 -0.3672 -0.8865
vn -0.2817 0.8865 -0.3672
vn -0.3672 0.2817 -0.8865
vn -0.8865 0.3672 -0.2817
vn 0.3672 -0.8865 0.2817
vn 0.8865 -0.2817 0.3672
vn 0.2817 -0.3672 0.8865
vn 0.2817 0.8865 0.3672
vn 0.3672 0.2817 0.8865
vn 0.8865 0.3672 0.2817
vn 0.2817 -0.8865 -0.3672
vn 0.3672 -0.2817 -0.8865
vn 0.8865 -0.3672 -0.2817
vn 0.3672 0.8865 -0.2817
vn 0.8865 0.2817 -0.3672
vn 0.2817 0.3672 -0.8865
s 0
usemtl Stone_Light
f 4249//5160 4253//5160 4255//5160
f 4250//5161 4253//5161 4252//5161
f 4251//5162 4253//5162 4254//5162
f 4256//5163 4260//5163 4262//5163
f 4257//5164 4260//5164 4259//5164
f 4258//5165 4260//5165 4261//5165
f 4263//5166 4267//5166 4269//5166
f 4264//5167 4267//5167 4266//5167
f 4265//5168 4267//5168 4268//5168
f 4270//5169 4274//5169 4276//5169
f 4271//5170 4274//5170 4273//5170
f 4272//5171 4274//5171 4275//5171
f 4277//5172 4281//5172 4283//5172
f 4278//5173 4281//5173 4280//5173
f 4279//5174 4281//5174 4282//5174
f 4284//5175 4288//5175 4290//5175
f 4285//5176 4288//5176 4287//5176
f 4286//5177 4288//5177 4289//5177
f 4291//5178 4295//5178 4297//5178
f 4292//5179 4295//5179 4294//5179
f 4293//5180 4295//5180 4296//5180
f 4298//5181 4302//5181 4304//5181
f 4299//5182 4302//5182 4301//5182
f 4300//5183 4302//5183 4303//5183
f 4249//5184 4266//5184 4263//5184
f 4255//5185 4264//5185 4266//5185
f 4256//5186 4254//5186 4250//5186
f 4262//5187 4251//5187 4254//5187
f 4270//5188 4261//5188 4257//5188
f 4276//5189 4258//5189 4261//5189
f 4265//5190 4275//5190 4271//5190
f 4268//5191 4272//5191 4275//5191
f 4263//5192 4294//5192 4291//5192
f 4269//5193 4292//5193 4294//5193
f 4298//5194 4273//5194 4270//5194
f 4304//5195 4271//5195 4273//5195
f 4293//5196 4303//5196 4299//5196
f 4296//5197 4300//5197 4303//5197
f 4291//5198 4280//5198 4277//5198
f 4297//5199 4278//5199 4280//5199
f 4284//5200 4301//5200 4298//5200
f 4290//5201 4299//5201 4301//5201
f 4279//5202 4289//5202 4285//5202
f 4282//5203 4286//5203 4289//5203
f 4277//5204 4252//5204 4249//5204
f 4283//5205 4250//5205 4252//5205
f 4257//5206 4287//5206 4284//5206
f 4259//5207 4285//5207 4287//5207
f 4291//5208 4249//5208 4263//5208
f 4258//5209 4264//5209 4251//5209
f 4285//5210 4250//5210 4279//5210
f 4270//5211 4284//5211 4298//5211
f 4271//5212 4292//5212 4265//5212
f 4299//5213 4278//5213 4293//5213
f 4249//5214 4252//5214 4253//5214
f 4250//5215 4254//5215 4253//5215
f 4251//5216 4255//5216 4253//5216
f 4256//5217 4259//5217 4260//5217
f 4257//5218 4261//5218 4260//5218
f 4258//5219 4262//5219 4260//5219
f 4263//5220 4266//5220 4267//5220
f 4264//5221 4268//5221 4267//5221
f 4265//5222 4269//5222 4267//5222
f 4270//5223 4273//5223 4274//5223
f 4271//5224 4275//5224 4274//5224
f 4272//5225 4276//5225 4274//5225
f 4277//5226 4280//5226 4281//5226
f 4278//5227 4282//5227 4281//5227
f 4279//5228 4283//5228 4281//5228
f 4284//5229 4287//5229 4288//5229
f 4285//5230 4289//5230 4288//5230
f 4286//5231 4290//5231 4288//5231
f 4291//5232 4294//5232 4295//5232
f 4292//5233 4296//5233 4295//5233
f 4293//5234 4297//5234 4295//5234
f 4298//5235 4301//5235 4302//5235
f 4299//5236 4303//5236 4302//5236
f 4300//5237 4304//5237 4302//5237
f 4249//5184 4255//5184 4266//5184
f 4255//5185 4251//5185 4264//5185
f 4256//5186 4262//5186 4254//5186
f 4262//5187 4258//5187 4251//5187
f 4270//5188 4276//5188 4261//5188
f 4276//5189 4272//5189 4258//5189
f 4265//5190 4268//5190 4275//5190
f 4268//5191 4264//5191 4272//5191
f 4263//5192 4269//5192 4294//5192
f 4269//5193 4265//5193 4292//5193
f 4298//5194 4304//5194 4273//5194
f 4304//5195 4300//5195 4271//5195
f 4293//5196 4296//5196 4303//5196
f 4296//5197 4292//5197 4300//5197
f 4291//5198 4297//5198 4280//5198
f 4297//5199 4293//5199 4278//5199
f 4284//5200 4290//5200 4301//5200
f 4290//5201 4286//5201 4299//5201
f 4279//5202 4282//5202 4289//5202
f 4282//5203 4278//5203 4286//5203
f 4277//5204 4283//5204 4252//5204
f 4283//5205 4279//5205 4250//5205
f 4257//5206 4259//5206 4287//5206
f 4259//5207 4256//5207 4285//5207
f 4291//5208 4277//5208 4249//5208
f 4258//5209 4272//5209 4264//5209
f 4285//5210 4256//5210 4250//5210
f 4270//5211 4257//5211 4284//5211
f 4271//5212 4300//5212 4292//5212
f 4299//5213 4286//5213 4278//5213
o NorthRail_-1_26
v 24.290001 0.200000 -24.469999
v 24.290001 0.240000 -24.430000
v 24.250000 0.240000 -24.469999
v 24.290001 0.211716 -24.441715
v 24.266907 0.216906 -24.446905
v 24.261715 0.240000 -24.441715
v 24.261715 0.211716 -24.469999
v 24.290001 0.860000 -24.430000
v 24.290001 0.900000 -24.469999
v 24.250000 0.860000 -24.469999
v 24.290001 0.888284 -24.441715
v 24.266907 0.883094 -24.446905
v 24.261715 0.888284 -24.469999
v 24.261715 0.860000 -24.441715
v 24.290001 0.200000 -24.530001
v 24.250000 0.240000 -24.530001
v 24.290001 0.240000 -24.570000
v 24.261715 0.211716 -24.530001
v 24.266907 0.216906 -24.553095
v 24.261715 0.240000 -24.558285
v 24.290001 0.211716 -24.558285
v 24.290001 0.900000 -24.530001
v 24.290001 0.860000 -24.570000
v 24.250000 0.860000 -24.530001
v 24.290001 0.888284 -24.558285
v 24.266907 0.883094 -24.553095
v 24.261715 0.860000 -24.558285
v 24.261715 0.888284 -24.530001
v 27.709999 0.200000 -24.469999
v 27.750000 0.240000 -24.469999
v 27.709999 0.240000 -24.430000
v 27.738285 0.211716 -24.469999
v 27.733093 0.216906 -24.446905
v 27.738285 0.240000 -24.441715
v 27.709999 0.211716 -24.441715
v 27.709999 0.900000 -24.469999
v 27.709999 0.860000 -24.430000
v 27.750000 0.860000 -24.469999
v 27.709999 0.888284 -24.441715
v 27.733093 0.883094 -24.446905
v 27.738285 0.860000 -24.441715
v 27.738285 0.888284 -24.469999
v 27.709999 0.200000 -24.530001
v 27.709999 0.240000 -24.570000
v 27.750000 0.240000 -24.530001
v 27.709999 0.211716 -24.558285
v 27.733093 0.216906 -24.553095
v 27.738285 0.240000 -24.558285
v 27.738285 0.211716 -24.530001
v 27.709999 0.900000 -24.530001
v 27.750000 0.860000 -24.530001
v 27.709999 0.860000 -24.570000
v 27.738285 0.888284 -24.530001
v 27.733093 0.883094 -24.553095
v 27.738285 0.860000 -24.558285
v 27.709999 0.888284 -24.558285
vn -0.3672 -0.8865 0.2817
vn -0.2817 -0.3672 0.8865
vn -0.8865 -0.2817 0.3672
vn -0.3672 0.2817 0.8865
vn -0.2817 0.8865 0.3672
vn -0.8865 0.3672 0.2817
vn -0.2817 -0.8865 -0.3672
vn -0.8865 -0.3672 -0.2817
vn -0.3672 -0.2817 -0.8865
vn -0.3672 0.8865 -0.2817
vn -0.2817 0.3672 -0.8865
vn -0.8865 0.2817 -0.3672
vn 0.2817 -0.8865 0.3672
vn 0.8865 -0.3672 0.2817
vn 0.3672 -0.2817 0.8865
vn 0.3672 0.8865 0.2817
vn 0.2817 0.3672 0.8865
vn 0.8865 0.2817 0.3672
vn 0.3672 -0.8865 -0.2817
vn 0.2817 -0.3672 -0.8865
vn 0.8865 -0.2817 -0.3672
vn 0.2817 0.8865 -0.3672
vn 0.8865 0.3672 -0.2817
vn 0.3672 0.2817 -0.8865
vn -0.3827 -0.9239 -0.0000
vn -0.9239 -0.3827 -0.0000
vn -0.3827 -0.0000 0.9239
vn -0.9239 -0.0000 0.3827
vn -0.3827 0.9239 -0.0000
vn -0.9239 0.3827 -0.0000
vn -0.3827 -0.0000 -0.9239
vn -0.9239 -0.0000 -0.3827
vn -0.0000 -0.9239 -0.3827
vn -0.0000 -0.3827 -0.9239
vn -0.0000 0.9239 -0.3827
vn -0.0000 0.3827 -0.9239
vn 0.9239 -0.0000 -0.3827
vn 0.3827 -0.0000 -0.9239
vn 0.3827 -0.9239 -0.0000
vn 0.9239 -0.3827 -0.0000
vn 0.3827 0.9239 -0.0000
vn 0.9239 0.3827 -0.0000
vn 0.3827 -0.0000 0.9239
vn 0.9239 -0.0000 0.3827
vn -0.0000 -0.9239 0.3827
vn -0.0000 -0.3827 0.9239
vn -0.0000 0.9239 0.3827
vn -0.0000 0.3827 0.9239
vn -0.0000 -1.0000 -0.0000
vn -1.0000 -0.0000 -0.0000
vn -0.0000 -0.0000 1.0000
vn -0.0000 1.0000 -0.0000
vn -0.0000 -0.0000 -1.0000
vn 1.0000 -0.0000 -0.0000
vn -0.2817 -0.8865 0.3672
vn -0.3672 -0.2817 0.8865
vn -0.8865 -0.3672 0.2817
vn -0.2817 0.3672 0.8865
vn -0.3672 0.8865 0.2817
vn -0.8865 0.2817 0.3672
vn -0.3672 -0.8865 -0.2817
vn -0.8865 -0.2817 -0.3672
vn -0.2817 -0.3672 -0.8865
vn -0.2817 0.8865 -0.3672
vn -0.3672 0.2817 -0.8865
vn -0.8865 0.3672 -0.2817
vn 0.3672 -0.8865 0.2817
vn 0.8865 -0.2817 0.3672
vn 0.2817 -0.3672 0.8865
vn 0.2817 0.8865 0.3672
vn 0.3672 0.2817 0.8865
vn 0.8865 0.3672 0.2817
vn 0.2817 -0.8865 -0.3672
vn 0.3672 -0.2817 -0.8865
vn 0.8865 -0.3672 -0.2817
vn 0.3672 0.8865 -0.2817
vn 0.8865 0.2817 -0.3672
vn 0.2817 0.3672 -0.8865
s 0
usemtl Stone_Light
f 4305//5238 4309//5238 4311//5238
f 4306//5239 4309//5239 4308//5239
f 4307//5240 4309//5240 4310//5240
f 4312//5241 4316//5241 4318//5241
f 4313//5242 4316//5242 4315//5242
f 4314//5243 4316//5243 4317//5243
f 4319//5244 4323//5244 4325//5244
f 4320//5245 4323//5245 4322//5245
f 4321//5246 4323//5246 4324//5246
f 4326//5247 4330//5247 4332//5247
f 4327//5248 4330//5248 4329//5248
f 4328//5249 4330//5249 4331//5249
f 4333//5250 4337//5250 4339//5250
f 4334//5251 4337//5251 4336//5251
f 4335//5252 4337//5252 4338//5252
f 4340//5253 4344//5253 4346//5253
f 4341//5254 4344//5254 4343//5254
f 4342//5255 4344//5255 4345//5255
f 4347//5256 4351//5256 4353//5256
f 4348//5257 4351//5257 4350//5257
f 4349//5258 4351//5258 4352//5258
f 4354//5259 4358//5259 4360//5259
f 4355//5260 4358//5260 4357//5260
f 4356//5261 4358//5261 4359//5261
f 4305//5262 4322//5262 4319//5262
f 4311//5263 4320//5263 4322//5263
f 4312//5264 4310//5264 4306//5264
f 4318//5265 4307//5265 4310//5265
f 4326//5266 4317//5266 4313//5266
f 4332//5267 4314//5267 4317//5267
f 4321//5268 4331//5268 4327//5268
f 4324//5269 4328//5269 4331//5269
f 4319//5270 4350//5270 4347//5270
f 4325//5271 4348//5271 4350//5271
f 4354//5272 4329//5272 4326//5272
f 4360//5273 4327//5273 4329//5273
f 4349//5274 4359//5274 4355//5274
f 4352//5275 4356//5275 4359//5275
f 4347//5276 4336//5276 4333//5276
f 4353//5277 4334//5277 4336//5277
f 4340//5278 4357//5278 4354//5278
f 4346//5279 4355//5279 4357//5279
f 4335//5280 4345//5280 4341//5280
f 4338//5281 4342//5281 4345//5281
f 4333//5282 4308//5282 4305//5282
f 4339//5283 4306//5283 4308//5283
f 4313//5284 4343//5284 4340//5284
f 4315//5285 4341//5285 4343//5285
f 4347//5286 4305//5286 4319//5286
f 4314//5287 4320//5287 4307//5287
f 4341//5288 4306//5288 4335//5288
f 4326//5289 4340//5289 4354//5289
f 4327//5290 4348//5290 4321//5290
f 4355//5291 4334//5291 4349//5291
f 4305//5292 4308//5292 4309//5292
f 4306//5293 4310//5293 4309//5293
f 4307//5294 4311//5294 4309//5294
f 4312//5295 4315//5295 4316//5295
f 4313//5296 4317//5296 4316//5296
f 4314//5297 4318//5297 4316//5297
f 4319//5298 4322//5298 4323//5298
f 4320//5299 4324//5299 4323//5299
f 4321//5300 4325//5300 4323//5300
f 4326//5301 4329//5301 4330//5301
f 4327//5302 4331//5302 4330//5302
f 4328//5303 4332//5303 4330//5303
f 4333//5304 4336//5304 4337//5304
f 4334//5305 4338//5305 4337//5305
f 4335//5306 4339//5306 4337//5306
f 4340//5307 4343//5307 4344//5307
f 4341//5308 4345//5308 4344//5308
f 4342//5309 4346//5309 4344//5309
f 4347//5310 4350//5310 4351//5310
f 4348//5311 4352//5311 4351//5311
f 4349//5312 4353//5312 4351//5312
f 4354//5313 4357//5313 4358//5313
f 4355//5314 4359//5314 4358//5314
f 4356//5315 4360//5315 4358//5315
f 4305//5262 4311//5262 4322//5262
f 4311//5263 4307//5263 4320//5263
f 4312//5264 4318//5264 4310//5264
f 4318//5265 4314//5265 4307//5265
f 4326//5266 4332//5266 4317//5266
f 4332//5267 4328//5267 4314//5267
f 4321//5268 4324//5268 4331//5268
f 4324//5269 4320//5269 4328//5269
f 4319//5270 4325//5270 4350//5270
f 4325//5271 4321//5271 4348//5271
f 4354//5272 4360//5272 4329//5272
f 4360//5273 4356//5273 4327//5273
f 4349//5274 4352//5274 4359//5274
f 4352//5275 4348//5275 4356//5275
f 4347//5276 4353//5276 4336//5276
f 4353//5277 4349//5277 4334//5277
f 4340//5278 4346//5278 4357//5278
f 4346//5279 4342//5279 4355//5279
f 4335//5280 4338//5280 4345//5280
f 4338//5281 4334//5281 4342//5281
f 4333//5282 4339//5282 4308//5282
f 4339//5283 4335//5283 4306//5283
f 4313//5284 4315//5284 4343//5284
f 4315//5285 4312//5285 4341//5285
f 4347//5286 4333//5286 4305//5286
f 4314//5287 4328//5287 4320//5287
f 4341//5288 4312//5288 4306//5288
f 4326//5289 4313//5289 4340//5289
f 4327//5290 4356//5290 4348//5290
f 4355//5291 4342//5291 4334//5291
o NorthRail_-1_30
v 28.290001 0.200000 -24.469999
v 28.290001 0.240000 -24.430000
v 28.250000 0.240000 -24.469999
v 28.290001 0.211716 -24.441715
v 28.266907 0.216906 -24.446905
v 28.261715 0.240000 -24.441715
v 28.261715 0.211716 -24.469999
v 28.290001 0.860000 -24.430000
v 28.290001 0.900000 -24.469999
v 28.250000 0.860000 -24.469999
v 28.290001 0.888284 -24.441715
v 28.266907 0.883094 -24.446905
v 28.261715 0.888284 -24.469999
v 28.261715 0.860000 -24.441715
v 28.290001 0.200000 -24.530001
v 28.250000 0.240000 -24.530001
v 28.290001 0.240000 -24.570000
v 28.261715 0.211716 -24.530001
v 28.266907 0.216906 -24.553095
v 28.261715 0.240000 -24.558285
v 28.290001 0.211716 -24.558285
v 28.290001 0.900000 -24.530001
v 28.290001 0.860000 -24.570000
v 28.250000 0.860000 -24.530001
v 28.290001 0.888284 -24.558285
v 28.266907 0.883094 -24.553095
v 28.261715 0.860000 -24.558285
v 28.261715 0.888284 -24.530001
v 31.709999 0.200000 -24.469999
v 31.750000 0.240000 -24.469999
v 31.709999 0.240000 -24.430000
v 31.738285 0.211716 -24.469999
v 31.733093 0.216906 -24.446905
v 31.738285 0.240000 -24.441715
v 31.709999 0.211716 -24.441715
v 31.709999 0.900000 -24.469999
v 31.709999 0.860000 -24.430000
v 31.750000 0.860000 -24.469999
v 31.709999 0.888284 -24.441715
v 31.733093 0.883094 -24.446905
v 31.738285 0.860000 -24.441715
v 31.738285 0.888284 -24.469999
v 31.709999 0.200000 -24.530001
v 31.709999 0.240000 -24.570000
v 31.750000 0.240000 -24.530001
v 31.709999 0.211716 -24.558285
v 31.733093 0.216906 -24.553095
v 31.738285 0.240000 -24.558285
v 31.738285 0.211716 -24.530001
v 31.709999 0.900000 -24.530001
v 31.750000 0.860000 -24.530001
v 31.709999 0.860000 -24.570000
v 31.738285 0.888284 -24.530001
v 31.733093 0.883094 -24.553095
v 31.738285 0.860000 -24.558285
v 31.709999 0.888284 -24.558285
vn -0.3672 -0.8865 0.2817
vn -0.2817 -0.3672 0.8865
vn -0.8865 -0.2817 0.3672
vn -0.3672 0.2817 0.8865
vn -0.2817 0.8865 0.3672
vn -0.8865 0.3672 0.2817
vn -0.2817 -0.8865 -0.3672
vn -0.8865 -0.3672 -0.2817
vn -0.3672 -0.2817 -0.8865
vn -0.3672 0.8865 -0.2817
vn -0.2817 0.3672 -0.8865
vn -0.8865 0.2817 -0.3672
vn 0.2817 -0.8865 0.3672
vn 0.8865 -0.3672 0.2817
vn 0.3672 -0.2817 0.8865
vn 0.3672 0.8865 0.2817
vn 0.2817 0.3672 0.8865
vn 0.8865 0.2817 0.3672
vn 0.3672 -0.8865 -0.2817
vn 0.2817 -0.3672 -0.8865
vn 0.8865 -0.2817 -0.3672
vn 0.2817 0.8865 -0.3672
vn 0.8865 0.3672 -0.2817
vn 0.3672 0.2817 -0.8865
vn -0.3827 -0.9239 -0.0000
vn -0.9239 -0.3827 -0.0000
vn -0.3827 -0.0000 0.9239
vn -0.9239 -0.0000 0.3827
vn -0.3827 0.9239 -0.0000
vn -0.9239 0.3827 -0.0000
vn -0.3827 -0.0000 -0.9239
vn -0.9239 -0.0000 -0.3827
vn -0.0000 -0.9239 -0.3827
vn -0.0000 -0.3827 -0.9239
vn -0.0000 0.9239 -0.3827
vn -0.0000 0.3827 -0.9239
vn 0.9239 -0.0000 -0.3827
vn 0.3827 -0.0000 -0.9239
vn 0.3827 -0.9239 -0.0000
vn 0.9239 -0.3827 -0.0000
vn 0.3827 0.9239 -0.0000
vn 0.9239 0.3827 -0.0000
vn 0.3827 -0.0000 0.9239
vn 0.9239 -0.0000 0.3827
vn -0.0000 -0.9239 0.3827
vn -0.0000 -0.3827 0.9239
vn -0.0000 0.9239 0.3827
vn -0.0000 0.3827 0.9239
vn -0.0000 -1.0000 -0.0000
vn -1.0000 -0.0000 -0.0000
vn -0.0000 -0.0000 1.0000
vn -0.0000 1.0000 -0.0000
vn -0.0000 -0.0000 -1.0000
vn 1.0000 -0.0000 -0.0000
vn -0.2817 -0.8865 0.3672
vn -0.3672 -0.2817 0.8865
vn -0.8865 -0.3672 0.2817
vn -0.2817 0.3672 0.8865
vn -0.3672 0.8865 0.2817
vn -0.8865 0.2817 0.3672
vn -0.3672 -0.8865 -0.2817
vn -0.8865 -0.2817 -0.3672
vn -0.2817 -0.3672 -0.8865
vn -0.2817 0.8865 -0.3672
vn -0.3672 0.2817 -0.8865
vn -0.8865 0.3672 -0.2817
vn 0.3672 -0.8865 0.2817
vn 0.8865 -0.2817 0.3672
vn 0.2817 -0.3672 0.8865
vn 0.2817 0.8865 0.3672
vn 0.3672 0.2817 0.8865
vn 0.8865 0.3672 0.2817
vn 0.2817 -0.8865 -0.3672
vn 0.3672 -0.2817 -0.8865
vn 0.8865 -0.3672 -0.2817
vn 0.3672 0.8865 -0.2817
vn 0.8865 0.2817 -0.3672
vn 0.2817 0.3672 -0.8865
s 0
usemtl Stone_Light
f 4361//5316 4365//5316 4367//5316
f 4362//5317 4365//5317 4364//5317
f 4363//5318 4365//5318 4366//5318
f 4368//5319 4372//5319 4374//5319
f 4369//5320 4372//5320 4371//5320
f 4370//5321 4372//5321 4373//5321
f 4375//5322 4379//5322 4381//5322
f 4376//5323 4379//5323 4378//5323
f 4377//5324 4379//5324 4380//5324
f 4382//5325 4386//5325 4388//5325
f 4383//5326 4386//5326 4385//5326
f 4384//5327 4386//5327 4387//5327
f 4389//5328 4393//5328 4395//5328
f 4390//5329 4393//5329 4392//5329
f 4391//5330 4393//5330 4394//5330
f 4396//5331 4400//5331 4402//5331
f 4397//5332 4400//5332 4399//5332
f 4398//5333 4400//5333 4401//5333
f 4403//5334 4407//5334 4409//5334
f 4404//5335 4407//5335 4406//5335
f 4405//5336 4407//5336 4408//5336
f 4410//5337 4414//5337 4416//5337
f 4411//5338 4414//5338 4413//5338
f 4412//5339 4414//5339 4415//5339
f 4361//5340 4378//5340 4375//5340
f 4367//5341 4376//5341 4378//5341
f 4368//5342 4366//5342 4362//5342
f 4374//5343 4363//5343 4366//5343
f 4382//5344 4373//5344 4369//5344
f 4388//5345 4370//5345 4373//5345
f 4377//5346 4387//5346 4383//5346
f 4380//5347 4384//5347 4387//5347
f 4375//5348 4406//5348 4403//5348
f 4381//5349 4404//5349 4406//5349
f 4410//5350 4385//5350 4382//5350
f 4416//5351 4383//5351 4385//5351
f 4405//5352 4415//5352 4411//5352
f 4408//5353 4412//5353 4415//5353
f 4403//5354 4392//5354 4389//5354
f 4409//5355 4390//5355 4392//5355
f 4396//5356 4413//5356 4410//5356
f 4402//5357 4411//5357 4413//5357
f 4391//5358 4401//5358 4397//5358
f 4394//5359 4398//5359 4401//5359
f 4389//5360 4364//5360 4361//5360
f 4395//5361 4362//5361 4364//5361
f 4369//5362 4399//5362 4396//5362
f 4371//5363 4397//5363 4399//5363
f 4403//5364 4361//5364 4375//5364
f 4370//5365 4376//5365 4363//5365
f 4397//5366 4362//5366 4391//5366
f 4382//5367 4396//5367 4410//5367
f 4383//5368 4404//5368 4377//5368
f 4411//5369 4390//5369 4405//5369
f 4361//5370 4364//5370 4365//5370
f 4362//5371 4366//5371 4365//5371
f 4363//5372 4367//5372 4365//5372
f 4368//5373 4371//5373 4372//5373
f 4369//5374 4373//5374 4372//5374
f 4370//5375 4374//5375 4372//5375
f 4375//5376 4378//5376 4379//5376
f 4376//5377 4380//5377 4379//5377
f 4377//5378 4381//5378 4379//5378
f 4382//5379 4385//5379 4386//5379
f 4383//5380 4387//5380 4386//5380
f 4384//5381 4388//5381 4386//5381
f 4389//5382 4392//5382 4393//5382
f 4390//5383 4394//5383 4393//5383
f 4391//5384 4395//5384 4393//5384
f 4396//5385 4399//5385 4400//5385
f 4397//5386 4401//5386 4400//5386
f 4398//5387 4402//5387 4400//5387
f 4403//5388 4406//5388 4407//5388
f 4404//5389 4408//5389 4407//5389
f 4405//5390 4409//5390 4407//5390
f 4410//5391 4413//5391 4414//5391
f 4411//5392 4415//5392 4414//5392
f 4412//5393 4416//5393 4414//5393
f 4361//5340 4367//5340 4378//5340
f 4367//5341 4363//5341 4376//5341
f 4368//5342 4374//5342 4366//5342
f 4374//5343 4370//5343 4363//5343
f 4382//5344 4388//5344 4373//5344
f 4388//5345 4384//5345 4370//5345
f 4377//5346 4380//5346 4387//5346
f 4380//5347 4376//5347 4384//5347
f 4375//5348 4381//5348 4406//5348
f 4381//5349 4377//5349 4404//5349
f 4410//5350 4416//5350 4385//5350
f 4416//5351 4412//5351 4383//5351
f 4405//5352 4408//5352 4415//5352
f 4408//5353 4404//5353 4412//5353
f 4403//5354 4409//5354 4392//5354
f 4409//5355 4405//5355 4390//5355
f 4396//5356 4402//5356 4413//5356
f 4402//5357 4398//5357 4411//5357
f 4391//5358 4394//5358 4401//5358
f 4394//5359 4390//5359 4398//5359
f 4389//5360 4395//5360 4364//5360
f 4395//5361 4391//5361 4362//5361
f 4369//5362 4371//5362 4399//5362
f 4371//5363 4368//5363 4397//5363
f 4403//5364 4389//5364 4361//5364
f 4370//5365 4384//5365 4376//5365
f 4397//5366 4368//5366 4362//5366
f 4382//5367 4369//5367 4396//5367
f 4383//5368 4412//5368 4404//5368
f 4411//5369 4398//5369 4390//5369
o NorthRail_-1_34
v 32.290001 0.200000 -24.469999
v 32.290001 0.240000 -24.430000
v 32.250000 0.240000 -24.469999
v 32.290001 0.211716 -24.441715
v 32.266907 0.216906 -24.446905
v 32.261715 0.240000 -24.441715
v 32.261715 0.211716 -24.469999
v 32.290001 0.860000 -24.430000
v 32.290001 0.900000 -24.469999
v 32.250000 0.860000 -24.469999
v 32.290001 0.888284 -24.441715
v 32.266907 0.883094 -24.446905
v 32.261715 0.888284 -24.469999
v 32.261715 0.860000 -24.441715
v 32.290001 0.200000 -24.530001
v 32.250000 0.240000 -24.530001
v 32.290001 0.240000 -24.570000
v 32.261715 0.211716 -24.530001
v 32.266907 0.216906 -24.553095
v 32.261715 0.240000 -24.558285
v 32.290001 0.211716 -24.558285
v 32.290001 0.900000 -24.530001
v 32.290001 0.860000 -24.570000
v 32.250000 0.860000 -24.530001
v 32.290001 0.888284 -24.558285
v 32.266907 0.883094 -24.553095
v 32.261715 0.860000 -24.558285
v 32.261715 0.888284 -24.530001
v 35.709999 0.200000 -24.469999
v 35.750000 0.240000 -24.469999
v 35.709999 0.240000 -24.430000
v 35.738285 0.211716 -24.469999
v 35.733093 0.216906 -24.446905
v 35.738285 0.240000 -24.441715
v 35.709999 0.211716 -24.441715
v 35.709999 0.900000 -24.469999
v 35.709999 0.860000 -24.430000
v 35.750000 0.860000 -24.469999
v 35.709999 0.888284 -24.441715
v 35.733093 0.883094 -24.446905
v 35.738285 0.860000 -24.441715
v 35.738285 0.888284 -24.469999
v 35.709999 0.200000 -24.530001
v 35.709999 0.240000 -24.570000
v 35.750000 0.240000 -24.530001
v 35.709999 0.211716 -24.558285
v 35.733093 0.216906 -24.553095
v 35.738285 0.240000 -24.558285
v 35.738285 0.211716 -24.530001
v 35.709999 0.900000 -24.530001
v 35.750000 0.860000 -24.530001
v 35.709999 0.860000 -24.570000
v 35.738285 0.888284 -24.530001
v 35.733093 0.883094 -24.553095
v 35.738285 0.860000 -24.558285
v 35.709999 0.888284 -24.558285
vn -0.3672 -0.8865 0.2817
vn -0.2817 -0.3672 0.8865
vn -0.8865 -0.2817 0.3672
vn -0.3672 0.2817 0.8865
vn -0.2817 0.8865 0.3672
vn -0.8865 0.3672 0.2817
vn -0.2817 -0.8865 -0.3672
vn -0.8865 -0.3672 -0.2817
vn -0.3672 -0.2817 -0.8865
vn -0.3672 0.8865 -0.2817
vn -0.2817 0.3672 -0.8865
vn -0.8865 0.2817 -0.3672
vn 0.2817 -0.8865 0.3672
vn 0.8865 -0.3672 0.2817
vn 0.3672 -0.2817 0.8865
vn 0.3672 0.8865 0.2817
vn 0.2817 0.3672 0.8865
vn 0.8865 0.2817 0.3672
vn 0.3672 -0.8865 -0.2817
vn 0.2817 -0.3672 -0.8865
vn 0.8865 -0.2817 -0.3672
vn 0.2817 0.8865 -0.3672
vn 0.8865 0.3672 -0.2817
vn 0.3672 0.2817 -0.8865
vn -0.3827 -0.9239 -0.0000
vn -0.9239 -0.3827 -0.0000
vn -0.3827 -0.0000 0.9239
vn -0.9239 -0.0000 0.3827
vn -0.3827 0.9239 -0.0000
vn -0.9239 0.3827 -0.0000
vn -0.3827 -0.0000 -0.9239
vn -0.9239 -0.0000 -0.3827
vn -0.0000 -0.9239 -0.3827
vn -0.0000 -0.3827 -0.9239
vn -0.0000 0.9239 -0.3827
vn -0.0000 0.3827 -0.9239
vn 0.9239 -0.0000 -0.3827
vn 0.3827 -0.0000 -0.9239
vn 0.3827 -0.9239 -0.0000
vn 0.9239 -0.3827 -0.0000
vn 0.3827 0.9239 -0.0000
vn 0.9239 0.3827 -0.0000
vn 0.3827 -0.0000 0.9239
vn 0.9239 -0.0000 0.3827
vn -0.0000 -0.9239 0.3827
vn -0.0000 -0.3827 0.9239
vn -0.0000 0.9239 0.3827
vn -0.0000 0.3827 0.9239
vn -0.0000 -1.0000 -0.0000
vn -1.0000 -0.0000 -0.0000
vn -0.0000 -0.0000 1.0000
vn -0.0000 1.0000 -0.0000
vn -0.0000 -0.0000 -1.0000
vn 1.0000 -0.0000 -0.0000
vn -0.2817 -0.8865 0.3672
vn -0.3672 -0.2817 0.8865
vn -0.8865 -0.3672 0.2817
vn -0.2817 0.3672 0.8865
vn -0.3672 0.8865 0.2817
vn -0.8865 0.2817 0.3672
vn -0.3672 -0.8865 -0.2817
vn -0.8865 -0.2817 -0.3672
vn -0.2817 -0.3672 -0.8865
vn -0.2817 0.8865 -0.3672
vn -0.3672 0.2817 -0.8865
vn -0.8865 0.3672 -0.2817
vn 0.3672 -0.8865 0.2817
vn 0.8865 -0.2817 0.3672
vn 0.2817 -0.3672 0.8865
vn 0.2817 0.8865 0.3672
vn 0.3672 0.2817 0.8865
vn 0.8865 0.3672 0.2817
vn 0.2817 -0.8865 -0.3672
vn 0.3672 -0.2817 -0.8865
vn 0.8865 -0.3672 -0.2817
vn 0.3672 0.8865 -0.2817
vn 0.8865 0.2817 -0.3672
vn 0.2817 0.3672 -0.8865
s 0
usemtl Stone_Light
f 4417//5394 4421//5394 4423//5394
f 4418//5395 4421//5395 4420//5395
f 4419//5396 4421//5396 4422//5396
f 4424//5397 4428//5397 4430//5397
f 4425//5398 4428//5398 4427//5398
f 4426//5399 4428//5399 4429//5399
f 4431//5400 4435//5400 4437//5400
f 4432//5401 4435//5401 4434//5401
f 4433//5402 4435//5402 4436//5402
f 4438//5403 4442//5403 4444//5403
f 4439//5404 4442//5404 4441//5404
f 4440//5405 4442//5405 4443//5405
f 4445//5406 4449//5406 4451//5406
f 4446//5407 4449//5407 4448//5407
f 4447//5408 4449//5408 4450//5408
f 4452//5409 4456//5409 4458//5409
f 4453//5410 4456//5410 4455//5410
f 4454//5411 4456//5411 4457//5411
f 4459//5412 4463//5412 4465//5412
f 4460//5413 4463//5413 4462//5413
f 4461//5414 4463//5414 4464//5414
f 4466//5415 4470//5415 4472//5415
f 4467//5416 4470//5416 4469//5416
f 4468//5417 4470//5417 4471//5417
f 4417//5418 4434//5418 4431//5418
f 4423//5419 4432//5419 4434//5419
f 4424//5420 4422//5420 4418//5420
f 4430//5421 4419//5421 4422//5421
f 4438//5422 4429//5422 4425//5422
f 4444//5423 4426//5423 4429//5423
f 4433//5424 4443//5424 4439//5424
f 4436//5425 4440//5425 4443//5425
f 4431//5426 4462//5426 4459//5426
f 4437//5427 4460//5427 4462//5427
f 4466//5428 4441//5428 4438//5428
f 4472//5429 4439//5429 4441//5429
f 4461//5430 4471//5430 4467//5430
f 4464//5431 4468//5431 4471//5431
f 4459//5432 4448//5432 4445//5432
f 4465//5433 4446//5433 4448//5433
f 4452//5434 4469//5434 4466//5434
f 4458//5435 4467//5435 4469//5435
f 4447//5436 4457//5436 4453//5436
f 4450//5437 4454//5437 4457//5437
f 4445//5438 4420//5438 4417//5438
f 4451//5439 4418//5439 4420//5439
f 4425//5440 4455//5440 4452//5440
f 4427//5441 4453//5441 4455//5441
f 4459//5442 4417//5442 4431//5442
f 4426//5443 4432//5443 4419//5443
f 4453//5444 4418//5444 4447//5444
f 4438//5445 4452//5445 4466//5445
f 4439//5446 4460//5446 4433//5446
f 4467//5447 4446//5447 4461//5447
f 4417//5448 4420//5448 4421//5448
f 4418//5449 4422//5449 4421//5449
f 4419//5450 4423//5450 4421//5450
f 4424//5451 4427//5451 4428//5451
f 4425//5452 4429//5452 4428//5452
f 4426//5453 4430//5453 4428//5453
f 4431//5454 4434//5454 4435//5454
f 4432//5455 4436//5455 4435//5455
f 4433//5456 4437//5456 4435//5456
f 4438//5457 4441//5457 4442//5457
f 4439//5458 4443//5458 4442//5458
f 4440//5459 4444//5459 4442//5459
f 4445//5460 4448//5460 4449//5460
f 4446//5461 4450//5461 4449//5461
f 4447//5462 4451//5462 4449//5462
f 4452//5463 4455//5463 4456//5463
f 4453//5464 4457//5464 4456//5464
f 4454//5465 4458//5465 4456//5465
f 4459//5466 4462//5466 4463//5466
f 4460//5467 4464//5467 4463//5467
f 4461//5468 4465//5468 4463//5468
f 4466//5469 4469//5469 4470//5469
f 4467//5470 4471//5470 4470//5470
f 4468//5471 4472//5471 4470//5471
f 4417//5418 4423//5418 4434//5418
f 4423//5419 4419//5419 4432//5419
f 4424//5420 4430//5420 4422//5420
f 4430//5421 4426//5421 4419//5421
f 4438//5422 4444//5422 4429//5422
f 4444//5423 4440//5423 4426//5423
f 4433//5424 4436//5424 4443//5424
f 4436//5425 4432//5425 4440//5425
f 4431//5426 4437//5426 4462//5426
f 4437//5427 4433//5427 4460//5427
f 4466//5428 4472//5428 4441//5428
f 4472//5429 4468//5429 4439//5429
f 4461//5430 4464//5430 4471//5430
f 4464//5431 4460//5431 4468//5431
f 4459//5432 4465//5432 4448//5432
f 4465//5433 4461//5433 4446//5433
f 4452//5434 4458//5434 4469//5434
f 4458//5435 4454//5435 4467//5435
f 4447//5436 4450//5436 4457//5436
f 4450//5437 4446//5437 4454//5437
f 4445//5438 4451//5438 4420//5438
f 4451//5439 4447//5439 4418//5439
f 4425//5440 4427//5440 4455//5440
f 4427//5441 4424//5441 4453//5441
f 4459//5442 4445//5442 4417//5442
f 4426//5443 4440//5443 4432//5443
f 4453//5444 4424//5444 4418//5444
f 4438//5445 4425//5445 4452//5445
f 4439//5446 4468//5446 4460//5446
f 4467//5447 4454//5447 4446//5447
o NorthRail_1_-34
v -35.709999 0.200000 24.530001
v -35.709999 0.240000 24.570000
v -35.750000 0.240000 24.530001
v -35.709999 0.211716 24.558285
v -35.733093 0.216906 24.553095
v -35.738285 0.240000 24.558285
v -35.738285 0.211716 24.530001
v -35.709999 0.860000 24.570000
v -35.709999 0.900000 24.530001
v -35.750000 0.860000 24.530001
v -35.709999 0.888284 24.558285
v -35.733093 0.883094 24.553095
v -35.738285 0.888284 24.530001
v -35.738285 0.860000 24.558285
v -35.709999 0.200000 24.469999
v -35.750000 0.240000 24.469999
v -35.709999 0.240000 24.430000
v -35.738285 0.211716 24.469999
v -35.733093 0.216906 24.446905
v -35.738285 0.240000 24.441715
v -35.709999 0.211716 24.441715
v -35.709999 0.900000 24.469999
v -35.709999 0.860000 24.430000
v -35.750000 0.860000 24.469999
v -35.709999 0.888284 24.441715
v -35.733093 0.883094 24.446905
v -35.738285 0.860000 24.441715
v -35.738285 0.888284 24.469999
v -32.290001 0.200000 24.530001
v -32.250000 0.240000 24.530001
v -32.290001 0.240000 24.570000
v -32.261715 0.211716 24.530001
v -32.266907 0.216906 24.553095
v -32.261715 0.240000 24.558285
v -32.290001 0.211716 24.558285
v -32.290001 0.900000 24.530001
v -32.290001 0.860000 24.570000
v -32.250000 0.860000 24.530001
v -32.290001 0.888284 24.558285
v -32.266907 0.883094 24.553095
v -32.261715 0.860000 24.558285
v -32.261715 0.888284 24.530001
v -32.290001 0.200000 24.469999
v -32.290001 0.240000 24.430000
v -32.250000 0.240000 24.469999
v -32.290001 0.211716 24.441715
v -32.266907 0.216906 24.446905
v -32.261715 0.240000 24.441715
v -32.261715 0.211716 24.469999
v -32.290001 0.900000 24.469999
v -32.250000 0.860000 24.469999
v -32.290001 0.860000 24.430000
v -32.261715 0.888284 24.469999
v -32.266907 0.883094 24.446905
v -32.261715 0.860000 24.441715
v -32.290001 0.888284 24.441715
vn -0.3672 -0.8865 0.2817
vn -0.2817 -0.3672 0.8865
vn -0.8865 -0.2817 0.3672
vn -0.3672 0.2817 0.8865
vn -0.2817 0.8865 0.3672
vn -0.8865 0.3672 0.2817
vn -0.2817 -0.8865 -0.3672
vn -0.8865 -0.3672 -0.2817
vn -0.3672 -0.2817 -0.8865
vn -0.3672 0.8865 -0.2817
vn -0.2817 0.3672 -0.8865
vn -0.8865 0.2817 -0.3672
vn 0.2817 -0.8865 0.3672
vn 0.8865 -0.3672 0.2817
vn 0.3672 -0.2817 0.8865
vn 0.3672 0.8865 0.2817
vn 0.2817 0.3672 0.8865
vn 0.8865 0.2817 0.3672
vn 0.3672 -0.8865 -0.2817
vn 0.2817 -0.3672 -0.8865
vn 0.8865 -0.2817 -0.3672
vn 0.2817 0.8865 -0.3672
vn 0.8865 0.3672 -0.2817
vn 0.3672 0.2817 -0.8865
vn -0.3827 -0.9239 -0.0000
vn -0.9239 -0.3827 -0.0000
vn -0.3827 -0.0000 0.9239
vn -0.9239 -0.0000 0.3827
vn -0.3827 0.9239 -0.0000
vn -0.9239 0.3827 -0.0000
vn -0.3827 -0.0000 -0.9239
vn -0.9239 -0.0000 -0.3827
vn -0.0000 -0.9239 -0.3827
vn -0.0000 -0.3827 -0.9239
vn -0.0000 0.9239 -0.3827
vn -0.0000 0.3827 -0.9239
vn 0.9239 -0.0000 -0.3827
vn 0.3827 -0.0000 -0.9239
vn 0.3827 -0.9239 -0.0000
vn 0.9239 -0.3827 -0.0000
vn 0.3827 0.9239 -0.0000
vn 0.9239 0.3827 -0.0000
vn 0.3827 -0.0000 0.9239
vn 0.9239 -0.0000 0.3827
vn -0.0000 -0.9239 0.3827
vn -0.0000 -0.3827 0.9239
vn -0.0000 0.9239 0.3827
vn -0.0000 0.3827 0.9239
vn -0.0000 -1.0000 -0.0000
vn -1.0000 -0.0000 -0.0000
vn -0.0000 -0.0000 1.0000
vn -0.0000 1.0000 -0.0000
vn -0.0000 -0.0000 -1.0000
vn 1.0000 -0.0000 -0.0000
vn -0.2817 -0.8865 0.3672
vn -0.3672 -0.2817 0.8865
vn -0.8865 -0.3672 0.2817
vn -0.2817 0.3672 0.8865
vn -0.3672 0.8865 0.2817
vn -0.8865 0.2817 0.3672
vn -0.3672 -0.8865 -0.2817
vn -0.8865 -0.2817 -0.3672
vn -0.2817 -0.3672 -0.8865
vn -0.2817 0.8865 -0.3672
vn -0.3672 0.2817 -0.8865
vn -0.8865 0.3672 -0.2817
vn 0.3672 -0.8865 0.2817
vn 0.8865 -0.2817 0.3672
vn 0.2817 -0.3672 0.8865
vn 0.2817 0.8865 0.3672
vn 0.3672 0.2817 0.8865
vn 0.8865 0.3672 0.2817
vn 0.2817 -0.8865 -0.3672
vn 0.3672 -0.2817 -0.8865
vn 0.8865 -0.3672 -0.2817
vn 0.3672 0.8865 -0.2817
vn 0.8865 0.2817 -0.3672
vn 0.2817 0.3672 -0.8865
s 0
usemtl Stone_Light
f 4473//5472 4477//5472 4479//5472
f 4474//5473 4477//5473 4476//5473
f 4475//5474 4477//5474 4478//5474
f 4480//5475 4484//5475 4486//5475
f 4481//5476 4484//5476 4483//5476
f 4482//5477 4484//5477 4485//5477
f 4487//5478 4491//5478 4493//5478
f 4488//5479 4491//5479 4490//5479
f 4489//5480 4491//5480 4492//5480
f 4494//5481 4498//5481 4500//5481
f 4495//5482 4498//5482 4497//5482
f 4496//5483 4498//5483 4499//5483
f 4501//5484 4505//5484 4507//5484
f 4502//5485 4505//5485 4504//5485
f 4503//5486 4505//5486 4506//5486
f 4508//5487 4512//5487 4514//5487
f 4509//5488 4512//5488 4511//5488
f 4510//5489 4512//5489 4513//5489
f 4515//5490 4519//5490 4521//5490
f 4516//5491 4519//5491 4518//5491
f 4517//5492 4519//5492 4520//5492
f 4522//5493 4526//5493 4528//5493
f 4523//5494 4526//5494 4525//5494
f 4524//5495 4526//5495 4527//5495
f 4473//5496 4490//5496 4487//5496
f 4479//5497 4488//5497 4490//5497
f 4480//5498 4478//5498 4474//5498
f 4486//5499 4475//5499 4478//5499
f 4494//5500 4485//5500 4481//5500
f 4500//5501 4482//5501 4485//5501
f 4489//5502 4499//5502 4495//5502
f 4492//5503 4496//5503 4499//5503
f 4487//5504 4518//5504 4515//5504
f 4493//5505 4516//5505 4518//5505
f 4522//5506 4497//5506 4494//5506
f 4528//5507 4495//5507 4497//5507
f 4517//5508 4527//5508 4523//5508
f 4520//5509 4524//5509 4527//5509
f 4515//5510 4504//5510 4501//5510
f 4521//5511 4502//5511 4504//5511
f 4508//5512 4525//5512 4522//5512
f 4514//5513 4523//5513 4525//5513
f 4503//5514 4513//5514 4509//5514
f 4506//5515 4510//5515 4513//5515
f 4501//5516 4476//5516 4473//5516
f 4507//5517 4474//5517 4476//5517
f 4481//5518 4511//5518 4508//5518
f 4483//5519 4509//5519 4511//5519
f 4515//5520 4473//5520 4487//5520
f 4482//5521 4488//5521 4475//5521
f 4509//5522 4474//5522 4503//5522
f 4494//5523 4508//5523 4522//5523
f 4495//5524 4516//5524 4489//5524
f 4523//5525 4502//5525 4517//5525
f 4473//5526 4476//5526 4477//5526
f 4474//5527 4478//5527 4477//5527
f 4475//5528 4479//5528 4477//5528
f 4480//5529 4483//5529 4484//5529
f 4481//5530 4485//5530 4484//5530
f 4482//5531 4486//5531 4484//5531
f 4487//5532 4490//5532 4491//5532
f 4488//5533 4492//5533 4491//5533
f 4489//5534 4493//5534 4491//5534
f 4494//5535 4497//5535 4498//5535
f 4495//5536 4499//5536 4498//5536
f 4496//5537 4500//5537 4498//5537
f 4501//5538 4504//5538 4505//5538
f 4502//5539 4506//5539 4505//5539
f 4503//5540 4507//5540 4505//5540
f 4508//5541 4511//5541 4512//5541
f 4509//5542 4513//5542 4512//5542
f 4510//5543 4514//5543 4512//5543
f 4515//5544 4518//5544 4519//5544
f 4516//5545 4520//5545 4519//5545
f 4517//5546 4521//5546 4519//5546
f 4522//5547 4525//5547 4526//5547
f 4523//5548 4527//5548 4526//5548
f 4524//5549 4528//5549 4526//5549
f 4473//5496 4479//5496 4490//5496
f 4479//5497 4475//5497 4488//5497
f 4480//5498 4486//5498 4478//5498
f 4486//5499 4482//5499 4475//5499
f 4494//5500 4500//5500 4485//5500
f 4500//5501 4496//5501 4482//5501
f 4489//5502 4492//5502 4499//5502
f 4492//5503 4488//5503 4496//5503
f 4487//5504 4493//5504 4518//5504
f 4493//5505 4489//5505 4516//5505
f 4522//5506 4528//5506 4497//5506
f 4528//5507 4524//5507 4495//5507
f 4517//5508 4520//5508 4527//5508
f 4520//5509 4516//5509 4524//5509
f 4515//5510 4521//5510 4504//5510
f 4521//5511 4517//5511 4502//5511
f 4508//5512 4514//5512 4525//5512
f 4514//5513 4510//5513 4523//5513
f 4503//5514 4506//5514 4513//5514
f 4506//5515 4502//5515 4510//5515
f 4501//5516 4507//5516 4476//5516
f 4507//5517 4503//5517 4474//5517
f 4481//5518 4483//5518 4511//5518
f 4483//5519 4480//5519 4509//5519
f 4515//5520 4501//5520 4473//5520
f 4482//5521 4496//5521 4488//5521
f 4509//5522 4480//5522 4474//5522
f 4494//5523 4481//5523 4508//5523
f 4495//5524 4524//5524 4516//5524
f 4523//5525 4510//5525 4502//5525
o NorthRail_1_-30
v -31.709999 0.200000 24.530001
v -31.709999 0.240000 24.570000
v -31.750000 0.240000 24.530001
v -31.709999 0.211716 24.558285
v -31.733093 0.216906 24.553095
v -31.738285 0.240000 24.558285
v -31.738285 0.211716 24.530001
v -31.709999 0.860000 24.570000
v -31.709999 0.900000 24.530001
v -31.750000 0.860000 24.530001
v -31.709999 0.888284 24.558285
v -31.733093 0.883094 24.553095
v -31.738285 0.888284 24.530001
v -31.738285 0.860000 24.558285
v -31.709999 0.200000 24.469999
v -31.750000 0.240000 24.469999
v -31.709999 0.240000 24.430000
v -31.738285 0.211716 24.469999
v -31.733093 0.216906 24.446905
v -31.738285 0.240000 24.441715
v -31.709999 0.211716 24.441715
v -31.709999 0.900000 24.469999
v -31.709999 0.860000 24.430000
v -31.750000 0.860000 24.469999
v -31.709999 0.888284 24.441715
v -31.733093 0.883094 24.446905
v -31.738285 0.860000 24.441715
v -31.738285 0.888284 24.469999
v -28.290001 0.200000 24.530001
v -28.250000 0.240000 24.530001
v -28.290001 0.240000 24.570000
v -28.261715 0.211716 24.530001
v -28.266907 0.216906 24.553095
v -28.261715 0.240000 24.558285
v -28.290001 0.211716 24.558285
v -28.290001 0.900000 24.530001
v -28.290001 0.860000 24.570000
v -28.250000 0.860000 24.530001
v -28.290001 0.888284 24.558285
v -28.266907 0.883094 24.553095
v -28.261715 0.860000 24.558285
v -28.261715 0.888284 24.530001
v -28.290001 0.200000 24.469999
v -28.290001 0.240000 24.430000
v -28.250000 0.240000 24.469999
v -28.290001 0.211716 24.441715
v -28.266907 0.216906 24.446905
v -28.261715 0.240000 24.441715
v -28.261715 0.211716 24.469999
v -28.290001 0.900000 24.469999
v -28.250000 0.860000 24.469999
v -28.290001 0.860000 24.430000
v -28.261715 0.888284 24.469999
v -28.266907 0.883094 24.446905
v -28.261715 0.860000 24.441715
v -28.290001 0.888284 24.441715
vn -0.3672 -0.8865 0.2817
vn -0.2817 -0.3672 0.8865
vn -0.8865 -0.2817 0.3672
vn -0.3672 0.2817 0.8865
vn -0.2817 0.8865 0.3672
vn -0.8865 0.3672 0.2817
vn -0.2817 -0.8865 -0.3672
vn -0.8865 -0.3672 -0.2817
vn -0.3672 -0.2817 -0.8865
vn -0.3672 0.8865 -0.2817
vn -0.2817 0.3672 -0.8865
vn -0.8865 0.2817 -0.3672
vn 0.2817 -0.8865 0.3672
vn 0.8865 -0.3672 0.2817
vn 0.3672 -0.2817 0.8865
vn 0.3672 0.8865 0.2817
vn 0.2817 0.3672 0.8865
vn 0.8865 0.2817 0.3672
vn 0.3672 -0.8865 -0.2817
vn 0.2817 -0.3672 -0.8865
vn 0.8865 -0.2817 -0.3672
vn 0.2817 0.8865 -0.3672
vn 0.8865 0.3672 -0.2817
vn 0.3672 0.2817 -0.8865
vn -0.3827 -0.9239 -0.0000
vn -0.9239 -0.3827 -0.0000
vn -0.3827 -0.0000 0.9239
vn -0.9239 -0.0000 0.3827
vn -0.3827 0.9239 -0.0000
vn -0.9239 0.3827 -0.0000
vn -0.3827 -0.0000 -0.9239
vn -0.9239 -0.0000 -0.3827
vn -0.0000 -0.9239 -0.3827
vn -0.0000 -0.3827 -0.9239
vn -0.0000 0.9239 -0.3827
vn -0.0000 0.3827 -0.9239
vn 0.9239 -0.0000 -0.3827
vn 0.3827 -0.0000 -0.9239
vn 0.3827 -0.9239 -0.0000
vn 0.9239 -0.3827 -0.0000
vn 0.3827 0.9239 -0.0000
vn 0.9239 0.3827 -0.0000
vn 0.3827 -0.0000 0.9239
vn 0.9239 -0.0000 0.3827
vn -0.0000 -0.9239 0.3827
vn -0.0000 -0.3827 0.9239
vn -0.0000 0.9239 0.3827
vn -0.0000 0.3827 0.9239
vn -0.0000 -1.0000 -0.0000
vn -1.0000 -0.0000 -0.0000
vn -0.0000 -0.0000 1.0000
vn -0.0000 1.0000 -0.0000
vn -0.0000 -0.0000 -1.0000
vn 1.0000 -0.0000 -0.0000
vn -0.2817 -0.8865 0.3672
vn -0.3672 -0.2817 0.8865
vn -0.8865 -0.3672 0.2817
vn -0.2817 0.3672 0.8865
vn -0.3672 0.8865 0.2817
vn -0.8865 0.2817 0.3672
vn -0.3672 -0.8865 -0.2817
vn -0.8865 -0.2817 -0.3672
vn -0.2817 -0.3672 -0.8865
vn -0.2817 0.8865 -0.3672
vn -0.3672 0.2817 -0.8865
vn -0.8865 0.3672 -0.2817
vn 0.3672 -0.8865 0.2817
vn 0.8865 -0.2817 0.3672
vn 0.2817 -0.3672 0.8865
vn 0.2817 0.8865 0.3672
vn 0.3672 0.2817 0.8865
vn 0.8865 0.3672 0.2817
vn 0.2817 -0.8865 -0.3672
vn 0.3672 -0.2817 -0.8865
vn 0.8865 -0.3672 -0.2817
vn 0.3672 0.8865 -0.2817
vn 0.8865 0.2817 -0.3672
vn 0.2817 0.3672 -0.8865
s 0
usemtl Stone_Light
f 4529//5550 4533//5550 4535//5550
f 4530//5551 4533//5551 4532//5551
f 4531//5552 4533//5552 4534//5552
f 4536//5553 4540//5553 4542//5553
f 4537//5554 4540//5554 4539//5554
f 4538//5555 4540//5555 4541//5555
f 4543//5556 4547//5556 4549//5556
f 4544//5557 4547//5557 4546//5557
f 4545//5558 4547//5558 4548//5558
f 4550//5559 4554//5559 4556//5559
f 4551//5560 4554//5560 4553//5560
f 4552//5561 4554//5561 4555//5561
f 4557//5562 4561//5562 4563//5562
f 4558//5563 4561//5563 4560//5563
f 4559//5564 4561//5564 4562//5564
f 4564//5565 4568//5565 4570//5565
f 4565//5566 4568//5566 4567//5566
f 4566//5567 4568//5567 4569//5567
f 4571//5568 4575//5568 4577//5568
f 4572//5569 4575//5569 4574//5569
f 4573//5570 4575//5570 4576//5570
f 4578//5571 4582//5571 4584//5571
f 4579//5572 4582//5572 4581//5572
f 4580//5573 4582//5573 4583//5573
f 4529//5574 4546//5574 4543//5574
f 4535//5575 4544//5575 4546//5575
f 4536//5576 4534//5576 4530//5576
f 4542//5577 4531//5577 4534//5577
f 4550//5578 4541//5578 4537//5578
f 4556//5579 4538//5579 4541//5579
f 4545//5580 4555//5580 4551//5580
f 4548//5581 4552//5581 4555//5581
f 4543//5582 4574//5582 4571//5582
f 4549//5583 4572//5583 4574//5583
f 4578//5584 4553//5584 4550//5584
f 4584//5585 4551//5585 4553//5585
f 4573//5586 4583//5586 4579//5586
f 4576//5587 4580//5587 4583//5587
f 4571//5588 4560//5588 4557//5588
f 4577//5589 4558//5589 4560//5589
f 4564//5590 4581//5590 4578//5590
f 4570//5591 4579//5591 4581//5591
f 4559//5592 4569//5592 4565//5592
f 4562//5593 4566//5593 4569//5593
f 4557//5594 4532//5594 4529//5594
f 4563//5595 4530//5595 4532//5595
f 4537//5596 4567//5596 4564//5596
f 4539//5597 4565//5597 4567//5597
f 4571//5598 4529//5598 4543//5598
f 4538//5599 4544//5599 4531//5599
f 4565//5600 4530//5600 4559//5600
f 4550//5601 4564//5601 4578//5601
f 4551//5602 4572//5602 4545//5602
f 4579//5603 4558//5603 4573//5603
f 4529//5604 4532//5604 4533//5604
f 4530//5605 4534//5605 4533//5605
f 4531//5606 4535//5606 4533//5606
f 4536//5607 4539//5607 4540//5607
f 4537//5608 4541//5608 4540//5608
f 4538//5609 4542//5609 4540//5609
f 4543//5610 4546//5610 4547//5610
f 4544//5611 4548//5611 4547//5611
f 4545//5612 4549//5612 4547//5612
f 4550//5613 4553//5613 4554//5613
f 4551//5614 4555//5614 4554//5614
f 4552//5615 4556//5615 4554//5615
f 4557//5616 4560//5616 4561//5616
f 4558//5617 4562//5617 4561//5617
f 4559//5618 4563//5618 4561//5618
f 4564//5619 4567//5619 4568//5619
f 4565//5620 4569//5620 4568//5620
f 4566//5621 4570//5621 4568//5621
f 4571//5622 4574//5622 4575//5622
f 4572//5623 4576//5623 4575//5623
f 4573//5624 4577//5624 4575//5624
f 4578//5625 4581//5625 4582//5625
f 4579//5626 4583//5626 4582//5626
f 4580//5627 4584//5627 4582//5627
f 4529//5574 4535//5574 4546//5574
f 4535//5575 4531//5575 4544//5575
f 4536//5576 4542//5576 4534//5576
f 4542//5577 4538//5577 4531//5577
f 4550//5578 4556//5578 4541//5578
f 4556//5579 4552//5579 4538//5579
f 4545//5580 4548//5580 4555//5580
f 4548//5581 4544//5581 4552//5581
f 4543//5582 4549//5582 4574//5582
f 4549//5583 4545//5583 4572//5583
f 4578//5584 4584//5584 4553//5584
f 4584//5585 4580//5585 4551//5585
f 4573//5586 4576//5586 4583//5586
f 4576//5587 4572//5587 4580//5587
f 4571//5588 4577//5588 4560//5588
f 4577//5589 4573//5589 4558//5589
f 4564//5590 4570//5590 4581//5590
f 4570//5591 4566//5591 4579//5591
f 4559//5592 4562//5592 4569//5592
f 4562//5593 4558//5593 4566//5593
f 4557//5594 4563//5594 4532//5594
f 4563//5595 4559//5595 4530//5595
f 4537//5596 4539//5596 4567//5596
f 4539//5597 4536//5597 4565//5597
f 4571//5598 4557//5598 4529//5598
f 4538//5599 4552//5599 4544//5599
f 4565//5600 4536//5600 4530//5600
f 4550//5601 4537//5601 4564//5601
f 4551//5602 4580//5602 4572//5602
f 4579//5603 4566//5603 4558//5603
o NorthRail_1_-26
v -27.709999 0.200000 24.530001
v -27.709999 0.240000 24.570000
v -27.750000 0.240000 24.530001
v -27.709999 0.211716 24.558285
v -27.733093 0.216906 24.553095
v -27.738285 0.240000 24.558285
v -27.738285 0.211716 24.530001
v -27.709999 0.860000 24.570000
v -27.709999 0.900000 24.530001
v -27.750000 0.860000 24.530001
v -27.709999 0.888284 24.558285
v -27.733093 0.883094 24.553095
v -27.738285 0.888284 24.530001
v -27.738285 0.860000 24.558285
v -27.709999 0.200000 24.469999
v -27.750000 0.240000 24.469999
v -27.709999 0.240000 24.430000
v -27.738285 0.211716 24.469999
v -27.733093 0.216906 24.446905
v -27.738285 0.240000 24.441715
v -27.709999 0.211716 24.441715
v -27.709999 0.900000 24.469999
v -27.709999 0.860000 24.430000
v -27.750000 0.860000 24.469999
v -27.709999 0.888284 24.441715
v -27.733093 0.883094 24.446905
v -27.738285 0.860000 24.441715
v -27.738285 0.888284 24.469999
v -24.290001 0.200000 24.530001
v -24.250000 0.240000 24.530001
v -24.290001 0.240000 24.570000
v -24.261715 0.211716 24.530001
v -24.266907 0.216906 24.553095
v -24.261715 0.240000 24.558285
v -24.290001 0.211716 24.558285
v -24.290001 0.900000 24.530001
v -24.290001 0.860000 24.570000
v -24.250000 0.860000 24.530001
v -24.290001 0.888284 24.558285
v -24.266907 0.883094 24.553095
v -24.261715 0.860000 24.558285
v -24.261715 0.888284 24.530001
v -24.290001 0.200000 24.469999
v -24.290001 0.240000 24.430000
v -24.250000 0.240000 24.469999
v -24.290001 0.211716 24.441715
v -24.266907 0.216906 24.446905
v -24.261715 0.240000 24.441715
v -24.261715 0.211716 24.469999
v -24.290001 0.900000 24.469999
v -24.250000 0.860000 24.469999
v -24.290001 0.860000 24.430000
v -24.261715 0.888284 24.469999
v -24.266907 0.883094 24.446905
v -24.261715 0.860000 24.441715
v -24.290001 0.888284 24.441715
vn -0.3672 -0.8865 0.2817
vn -0.2817 -0.3672 0.8865
vn -0.8865 -0.2817 0.3672
vn -0.3672 0.2817 0.8865
vn -0.2817 0.8865 0.3672
vn -0.8865 0.3672 0.2817
vn -0.2817 -0.8865 -0.3672
vn -0.8865 -0.3672 -0.2817
vn -0.3672 -0.2817 -0.8865
vn -0.3672 0.8865 -0.2817
vn -0.2817 0.3672 -0.8865
vn -0.8865 0.2817 -0.3672
vn 0.2817 -0.8865 0.3672
vn 0.8865 -0.3672 0.2817
vn 0.3672 -0.2817 0.8865
vn 0.3672 0.8865 0.2817
vn 0.2817 0.3672 0.8865
vn 0.8865 0.2817 0.3672
vn 0.3672 -0.8865 -0.2817
vn 0.2817 -0.3672 -0.8865
vn 0.8865 -0.2817 -0.3672
vn 0.2817 0.8865 -0.3672
vn 0.8865 0.3672 -0.2817
vn 0.3672 0.2817 -0.8865
vn -0.3827 -0.9239 -0.0000
vn -0.9239 -0.3827 -0.0000
vn -0.3827 -0.0000 0.9239
vn -0.9239 -0.0000 0.3827
vn -0.3827 0.9239 -0.0000
vn -0.9239 0.3827 -0.0000
vn -0.3827 -0.0000 -0.9239
vn -0.9239 -0.0000 -0.3827
vn -0.0000 -0.9239 -0.3827
vn -0.0000 -0.3827 -0.9239
vn -0.0000 0.9239 -0.3827
vn -0.0000 0.3827 -0.9239
vn 0.9239 -0.0000 -0.3827
vn 0.3827 -0.0000 -0.9239
vn 0.3827 -0.9239 -0.0000
vn 0.9239 -0.3827 -0.0000
vn 0.3827 0.9239 -0.0000
vn 0.9239 0.3827 -0.0000
vn 0.3827 -0.0000 0.9239
vn 0.9239 -0.0000 0.3827
vn -0.0000 -0.9239 0.3827
vn -0.0000 -0.3827 0.9239
vn -0.0000 0.9239 0.3827
vn -0.0000 0.3827 0.9239
vn -0.0000 -1.0000 -0.0000
vn -1.0000 -0.0000 -0.0000
vn -0.0000 -0.0000 1.0000
vn -0.0000 1.0000 -0.0000
vn -0.0000 -0.0000 -1.0000
vn 1.0000 -0.0000 -0.0000
vn -0.2817 -0.8865 0.3672
vn -0.3672 -0.2817 0.8865
vn -0.8865 -0.3672 0.2817
vn -0.2817 0.3672 0.8865
vn -0.3672 0.8865 0.2817
vn -0.8865 0.2817 0.3672
vn -0.3672 -0.8865 -0.2817
vn -0.8865 -0.2817 -0.3672
vn -0.2817 -0.3672 -0.8865
vn -0.2817 0.8865 -0.3672
vn -0.3672 0.2817 -0.8865
vn -0.8865 0.3672 -0.2817
vn 0.3672 -0.8865 0.2817
vn 0.8865 -0.2817 0.3672
vn 0.2817 -0.3672 0.8865
vn 0.2817 0.8865 0.3672
vn 0.3672 0.2817 0.8865
vn 0.8865 0.3672 0.2817
vn 0.2817 -0.8865 -0.3672
vn 0.3672 -0.2817 -0.8865
vn 0.8865 -0.3672 -0.2817
vn 0.3672 0.8865 -0.2817
vn 0.8865 0.2817 -0.3672
vn 0.2817 0.3672 -0.8865
s 0
usemtl Stone_Light
f 4585//5628 4589//5628 4591//5628
f 4586//5629 4589//5629 4588//5629
f 4587//5630 4589//5630 4590//5630
f 4592//5631 4596//5631 4598//5631
f 4593//5632 4596//5632 4595//5632
f 4594//5633 4596//5633 4597//5633
f 4599//5634 4603//5634 4605//5634
f 4600//5635 4603//5635 4602//5635
f 4601//5636 4603//5636 4604//5636
f 4606//5637 4610//5637 4612//5637
f 4607//5638 4610//5638 4609//5638
f 4608//5639 4610//5639 4611//5639
f 4613//5640 4617//5640 4619//5640
f 4614//5641 4617//5641 4616//5641
f 4615//5642 4617//5642 4618//5642
f 4620//5643 4624//5643 4626//5643
f 4621//5644 4624//5644 4623//5644
f 4622//5645 4624//5645 4625//5645
f 4627//5646 4631//5646 4633//5646
f 4628//5647 4631//5647 4630//5647
f 4629//5648 4631//5648 4632//5648
f 4634//5649 4638//5649 4640//5649
f 4635//5650 4638//5650 4637//5650
f 4636//5651 4638//5651 4639//5651
f 4585//5652 4602//5652 4599//5652
f 4591//5653 4600//5653 4602//5653
f 4592//5654 4590//5654 4586//5654
f 4598//5655 4587//5655 4590//5655
f 4606//5656 4597//5656 4593//5656
f 4612//5657 4594//5657 4597//5657
f 4601//5658 4611//5658 4607//5658
f 4604//5659 4608//5659 4611//5659
f 4599//5660 4630//5660 4627//5660
f 4605//5661 4628//5661 4630//5661
f 4634//5662 4609//5662 4606//5662
f 4640//5663 4607//5663 4609//5663
f 4629//5664 4639//5664 4635//5664
f 4632//5665 4636//5665 4639//5665
f 4627//5666 4616//5666 4613//5666
f 4633//5667 4614//5667 4616//5667
f 4620//5668 4637//5668 4634//5668
f 4626//5669 4635//5669 4637//5669
f 4615//5670 4625//5670 4621//5670
f 4618//5671 4622//5671 4625//5671
f 4613//5672 4588//5672 4585//5672
f 4619//5673 4586//5673 4588//5673
f 4593//5674 4623//5674 4620//5674
f 4595//5675 4621//5675 4623//5675
f 4627//5676 4585//5676 4599//5676
f 4594//5677 4600//5677 4587//5677
f 4621//5678 4586//5678 4615//5678
f 4606//5679 4620//5679 4634//5679
f 4607//5680 4628//5680 4601//5680
f 4635//5681 4614//5681 4629//5681
f 4585//5682 4588//5682 4589//5682
f 4586//5683 4590//5683 4589//5683
f 4587//5684 4591//5684 4589//5684
f 4592//5685 4595//5685 4596//5685
f 4593//5686 4597//5686 4596//5686
f 4594//5687 4598//5687 4596//5687
f 4599//5688 4602//5688 4603//5688
f 4600//5689 4604//5689 4603//5689
f 4601//5690 4605//5690 4603//5690
f 4606//5691 4609//5691 4610//5691
f 4607//5692 4611//5692 4610//5692
f 4608//5693 4612//5693 4610//5693
f 4613//5694 4616//5694 4617//5694
f 4614//5695 4618//5695 4617//5695
f 4615//5696 4619//5696 4617//5696
f 4620//5697 4623//5697 4624//5697
f 4621//5698 4625//5698 4624//5698
f 4622//5699 4626//5699 4624//5699
f 4627//5700 4630//5700 4631//5700
f 4628//5701 4632//5701 4631//5701
f 4629//5702 4633//5702 4631//5702
f 4634//5703 4637//5703 4638//5703
f 4635//5704 4639//5704 4638//5704
f 4636//5705 4640//5705 4638//5705
f 4585//5652 4591//5652 4602//5652
f 4591//5653 4587//5653 4600//5653
f 4592//5654 4598//5654 4590//5654
f 4598//5655 4594//5655 4587//5655
f 4606//5656 4612//5656 4597//5656
f 4612//5657 4608//5657 4594//5657
f 4601//5658 4604//5658 4611//5658
f 4604//5659 4600//5659 4608//5659
f 4599//5660 4605//5660 4630//5660
f 4605//5661 4601//5661 4628//5661
f 4634//5662 4640//5662 4609//5662
f 4640//5663 4636//5663 4607//5663
f 4629//5664 4632//5664 4639//5664
f 4632//5665 4628//5665 4636//5665
f 4627//5666 4633//5666 4616//5666
f 4633//5667 4629//5667 4614//5667
f 4620//5668 4626//5668 4637//5668
f 4626//5669 4622//5669 4635//5669
f 4615//5670 4618//5670 4625//5670
f 4618//5671 4614//5671 4622//5671
f 4613//5672 4619//5672 4588//5672
f 4619//5673 4615//5673 4586//5673
f 4593//5674 4595//5674 4623//5674
f 4595//5675 4592//5675 4621//5675
f 4627//5676 4613//5676 4585//5676
f 4594//5677 4608//5677 4600//5677
f 4621//5678 4592//5678 4586//5678
f 4606//5679 4593//5679 4620//5679
f 4607//5680 4636//5680 4628//5680
f 4635//5681 4622//5681 4614//5681
o NorthRail_1_-22
v -23.709999 0.200000 24.530001
v -23.709999 0.240000 24.570000
v -23.750000 0.240000 24.530001
v -23.709999 0.211716 24.558285
v -23.733093 0.216906 24.553095
v -23.738285 0.240000 24.558285
v -23.738285 0.211716 24.530001
v -23.709999 0.860000 24.570000
v -23.709999 0.900000 24.530001
v -23.750000 0.860000 24.530001
v -23.709999 0.888284 24.558285
v -23.733093 0.883094 24.553095
v -23.738285 0.888284 24.530001
v -23.738285 0.860000 24.558285
v -23.709999 0.200000 24.469999
v -23.750000 0.240000 24.469999
v -23.709999 0.240000 24.430000
v -23.738285 0.211716 24.469999
v -23.733093 0.216906 24.446905
v -23.738285 0.240000 24.441715
v -23.709999 0.211716 24.441715
v -23.709999 0.900000 24.469999
v -23.709999 0.860000 24.430000
v -23.750000 0.860000 24.469999
v -23.709999 0.888284 24.441715
v -23.733093 0.883094 24.446905
v -23.738285 0.860000 24.441715
v -23.738285 0.888284 24.469999
v -20.290001 0.200000 24.530001
v -20.250000 0.240000 24.530001
v -20.290001 0.240000 24.570000
v -20.261715 0.211716 24.530001
v -20.266907 0.216906 24.553095
v -20.261715 0.240000 24.558285
v -20.290001 0.211716 24.558285
v -20.290001 0.900000 24.530001
v -20.290001 0.860000 24.570000
v -20.250000 0.860000 24.530001
v -20.290001 0.888284 24.558285
v -20.266907 0.883094 24.553095
v -20.261715 0.860000 24.558285
v -20.261715 0.888284 24.530001
v -20.290001 0.200000 24.469999
v -20.290001 0.240000 24.430000
v -20.250000 0.240000 24.469999
v -20.290001 0.211716 24.441715
v -20.266907 0.216906 24.446905
v -20.261715 0.240000 24.441715
v -20.261715 0.211716 24.469999
v -20.290001 0.900000 24.469999
v -20.250000 0.860000 24.469999
v -20.290001 0.860000 24.430000
v -20.261715 0.888284 24.469999
v -20.266907 0.883094 24.446905
v -20.261715 0.860000 24.441715
v -20.290001 0.888284 24.441715
vn -0.3672 -0.8865 0.2817
vn -0.2817 -0.3672 0.8865
vn -0.8865 -0.2817 0.3672
vn -0.3672 0.2817 0.8865
vn -0.2817 0.8865 0.3672
vn -0.8865 0.3672 0.2817
vn -0.2817 -0.8865 -0.3672
vn -0.8865 -0.3672 -0.2817
vn -0.3672 -0.2817 -0.8865
vn -0.3672 0.8865 -0.2817
vn -0.2817 0.3672 -0.8865
vn -0.8865 0.2817 -0.3672
vn 0.2817 -0.8865 0.3672
vn 0.8865 -0.3672 0.2817
vn 0.3672 -0.2817 0.8865
vn 0.3672 0.8865 0.2817
vn 0.2817 0.3672 0.8865
vn 0.8865 0.2817 0.3672
vn 0.3672 -0.8865 -0.2817
vn 0.2817 -0.3672 -0.8865
vn 0.8865 -0.2817 -0.3672
vn 0.2817 0.8865 -0.3672
vn 0.8865 0.3672 -0.2817
vn 0.3672 0.2817 -0.8865
vn -0.3827 -0.9239 -0.0000
vn -0.9239 -0.3827 -0.0000
vn -0.3827 -0.0000 0.9239
vn -0.9239 -0.0000 0.3827
vn -0.3827 0.9239 -0.0000
vn -0.9239 0.3827 -0.0000
vn -0.3827 -0.0000 -0.9239
vn -0.9239 -0.0000 -0.3827
vn -0.0000 -0.9239 -0.3827
vn -0.0000 -0.3827 -0.9239
vn -0.0000 0.9239 -0.3827
vn -0.0000 0.3827 -0.9239
vn 0.9239 -0.0000 -0.3827
vn 0.3827 -0.0000 -0.9239
vn 0.3827 -0.9239 -0.0000
vn 0.9239 -0.3827 -0.0000
vn 0.3827 0.9239 -0.0000
vn 0.9239 0.3827 -0.0000
vn 0.3827 -0.0000 0.9239
vn 0.9239 -0.0000 0.3827
vn -0.0000 -0.9239 0.3827
vn -0.0000 -0.3827 0.9239
vn -0.0000 0.9239 0.3827
vn -0.0000 0.3827 0.9239
vn -0.0000 -1.0000 -0.0000
vn -1.0000 -0.0000 -0.0000
vn -0.0000 -0.0000 1.0000
vn -0.0000 1.0000 -0.0000
vn -0.0000 -0.0000 -1.0000
vn 1.0000 -0.0000 -0.0000
vn -0.2817 -0.8865 0.3672
vn -0.3672 -0.2817 0.8865
vn -0.8865 -0.3672 0.2817
vn -0.2817 0.3672 0.8865
vn -0.3672 0.8865 0.2817
vn -0.8865 0.2817 0.3672
vn -0.3672 -0.8865 -0.2817
vn -0.8865 -0.2817 -0.3672
vn -0.2817 -0.3672 -0.8865
vn -0.2817 0.8865 -0.3672
vn -0.3672 0.2817 -0.8865
vn -0.8865 0.3672 -0.2817
vn 0.3672 -0.8865 0.2817
vn 0.8865 -0.2817 0.3672
vn 0.2817 -0.3672 0.8865
vn 0.2817 0.8865 0.3672
vn 0.3672 0.2817 0.8865
vn 0.8865 0.3672 0.2817
vn 0.2817 -0.8865 -0.3672
vn 0.3672 -0.2817 -0.8865
vn 0.8865 -0.3672 -0.2817
vn 0.3672 0.8865 -0.2817
vn 0.8865 0.2817 -0.3672
vn 0.2817 0.3672 -0.8865
s 0
usemtl Stone_Light
f 4641//5706 4645//5706 4647//5706
f 4642//5707 4645//5707 4644//5707
f 4643//5708 4645//5708 4646//5708
f 4648//5709 4652//5709 4654//5709
f 4649//5710 4652//5710 4651//5710
f 4650//5711 4652//5711 4653//5711
f 4655//5712 4659//5712 4661//5712
f 4656//5713 4659//5713 4658//5713
f 4657//5714 4659//5714 4660//5714
f 4662//5715 4666//5715 4668//5715
f 4663//5716 4666//5716 4665//5716
f 4664//5717 4666//5717 4667//5717
f 4669//5718 4673//5718 4675//5718
f 4670//5719 4673//5719 4672//5719
f 4671//5720 4673//5720 4674//5720
f 4676//5721 4680//5721 4682//5721
f 4677//5722 4680//5722 4679//5722
f 4678//5723 4680//5723 4681//5723
f 4683//5724 4687//5724 4689//5724
f 4684//5725 4687//5725 4686//5725
f 4685//5726 4687//5726 4688//5726
f 4690//5727 4694//5727 4696//5727
f 4691//5728 4694//5728 4693//5728
f 4692//5729 4694//5729 4695//5729
f 4641//5730 4658//5730 4655//5730
f 4647//5731 4656//5731 4658//5731
f 4648//5732 4646//5732 4642//5732
f 4654//5733 4643//5733 4646//5733
f 4662//5734 4653//5734 4649//5734
f 4668//5735 4650//5735 4653//5735
f 4657//5736 4667//5736 4663//5736
f 4660//5737 4664//5737 4667//5737
f 4655//5738 4686//5738 4683//5738
f 4661//5739 4684//5739 4686//5739
f 4690//5740 4665//5740 4662//5740
f 4696//5741 4663//5741 4665//5741
f 4685//5742 4695//5742 4691//5742
f 4688//5743 4692//5743 4695//5743
f 4683//5744 4672//5744 4669//5744
f 4689//5745 4670//5745 4672//5745
f 4676//5746 4693//5746 4690//5746
f 4682//5747 4691//5747 4693//5747
f 4671//5748 4681//5748 4677//5748
f 4674//5749 4678//5749 4681//5749
f 4669//5750 4644//5750 4641//5750
f 4675//5751 4642//5751 4644//5751
f 4649//5752 4679//5752 4676//5752
f 4651//5753 4677//5753 4679//5753
f 4683//5754 4641//5754 4655//5754
f 4650//5755 4656//5755 4643//5755
f 4677//5756 4642//5756 4671//5756
f 4662//5757 4676//5757 4690//5757
f 4663//5758 4684//5758 4657//5758
f 4691//5759 4670//5759 4685//5759
f 4641//5760 4644//5760 4645//5760
f 4642//5761 4646//5761 4645//5761
f 4643//5762 4647//5762 4645//5762
f 4648//5763 4651//5763 4652//5763
f 4649//5764 4653//5764 4652//5764
f 4650//5765 4654//5765 4652//5765
f 4655//5766 4658//5766 4659//5766
f 4656//5767 4660//5767 4659//5767
f 4657//5768 4661//5768 4659//5768
f 4662//5769 4665//5769 4666//5769
f 4663//5770 4667//5770 4666//5770
f 4664//5771 4668//5771 4666//5771
f 4669//5772 4672//5772 4673//5772
f 4670//5773 4674//5773 4673//5773
f 4671//5774 4675//5774 4673//5774
f 4676//5775 4679//5775 4680//5775
f 4677//5776 4681//5776 4680//5776
f 4678//5777 4682//5777 4680//5777
f 4683//5778 4686//5778 4687//5778
f 4684//5779 4688//5779 4687//5779
f 4685//5780 4689//5780 4687//5780
f 4690//5781 4693//5781 4694//5781
f 4691//5782 4695//5782 4694//5782
f 4692//5783 4696//5783 4694//5783
f 4641//5730 4647//5730 4658//5730
f 4647//5731 4643//5731 4656//5731
f 4648//5732 4654//5732 4646//5732
f 4654//5733 4650//5733 4643//5733
f 4662//5734 4668//5734 4653//5734
f 4668//5735 4664//5735 4650//5735
f 4657//5736 4660//5736 4667//5736
f 4660//5737 4656//5737 4664//5737
f 4655//5738 4661//5738 4686//5738
f 4661//5739 4657//5739 4684//5739
f 4690//5740 4696//5740 4665//5740
f 4696//5741 4692//5741 4663//5741
f 4685//5742 4688//5742 4695//5742
f 4688//5743 4684//5743 4692//5743
f 4683//5744 4689//5744 4672//5744
f 4689//5745 4685//5745 4670//5745
f 4676//5746 4682//5746 4693//5746
f 4682//5747 4678//5747 4691//5747
f 4671//5748 4674//5748 4681//5748
f 4674//5749 4670//5749 4678//5749
f 4669//5750 4675//5750 4644//5750
f 4675//5751 4671//5751 4642//5751
f 4649//5752 4651//5752 4679//5752
f 4651//5753 4648//5753 4677//5753
f 4683//5754 4669//5754 4641//5754
f 4650//5755 4664//5755 4656//5755
f 4677//5756 4648//5756 4642//5756
f 4662//5757 4649//5757 4676//5757
f 4663//5758 4692//5758 4684//5758
f 4691//5759 4678//5759 4670//5759
o NorthRail_1_-18
v -19.709999 0.200000 24.530001
v -19.709999 0.240000 24.570000
v -19.750000 0.240000 24.530001
v -19.709999 0.211716 24.558285
v -19.733093 0.216906 24.553095
v -19.738285 0.240000 24.558285
v -19.738285 0.211716 24.530001
v -19.709999 0.860000 24.570000
v -19.709999 0.900000 24.530001
v -19.750000 0.860000 24.530001
v -19.709999 0.888284 24.558285
v -19.733093 0.883094 24.553095
v -19.738285 0.888284 24.530001
v -19.738285 0.860000 24.558285
v -19.709999 0.200000 24.469999
v -19.750000 0.240000 24.469999
v -19.709999 0.240000 24.430000
v -19.738285 0.211716 24.469999
v -19.733093 0.216906 24.446905
v -19.738285 0.240000 24.441715
v -19.709999 0.211716 24.441715
v -19.709999 0.900000 24.469999
v -19.709999 0.860000 24.430000
v -19.750000 0.860000 24.469999
v -19.709999 0.888284 24.441715
v -19.733093 0.883094 24.446905
v -19.738285 0.860000 24.441715
v -19.738285 0.888284 24.469999
v -16.290001 0.200000 24.530001
v -16.250000 0.240000 24.530001
v -16.290001 0.240000 24.570000
v -16.261715 0.211716 24.530001
v -16.266907 0.216906 24.553095
v -16.261715 0.240000 24.558285
v -16.290001 0.211716 24.558285
v -16.290001 0.900000 24.530001
v -16.290001 0.860000 24.570000
v -16.250000 0.860000 24.530001
v -16.290001 0.888284 24.558285
v -16.266907 0.883094 24.553095
v -16.261715 0.860000 24.558285
v -16.261715 0.888284 24.530001
v -16.290001 0.200000 24.469999
v -16.290001 0.240000 24.430000
v -16.250000 0.240000 24.469999
v -16.290001 0.211716 24.441715
v -16.266907 0.216906 24.446905
v -16.261715 0.240000 24.441715
v -16.261715 0.211716 24.469999
v -16.290001 0.900000 24.469999
v -16.250000 0.860000 24.469999
v -16.290001 0.860000 24.430000
v -16.261715 0.888284 24.469999
v -16.266907 0.883094 24.446905
v -16.261715 0.860000 24.441715
v -16.290001 0.888284 24.441715
vn -0.3672 -0.8865 0.2817
vn -0.2817 -0.3672 0.8865
vn -0.8865 -0.2817 0.3672
vn -0.3672 0.2817 0.8865
vn -0.2817 0.8865 0.3672
vn -0.8865 0.3672 0.2817
vn -0.2817 -0.8865 -0.3672
vn -0.8865 -0.3672 -0.2817
vn -0.3672 -0.2817 -0.8865
vn -0.3672 0.8865 -0.2817
vn -0.2817 0.3672 -0.8865
vn -0.8865 0.2817 -0.3672
vn 0.2817 -0.8865 0.3672
vn 0.8865 -0.3672 0.2817
vn 0.3672 -0.2817 0.8865
vn 0.3672 0.8865 0.2817
vn 0.2817 0.3672 0.8865
vn 0.8865 0.2817 0.3672
vn 0.3672 -0.8865 -0.2817
vn 0.2817 -0.3672 -0.8865
vn 0.8865 -0.2817 -0.3672
vn 0.2817 0.8865 -0.3672
vn 0.8865 0.3672 -0.2817
vn 0.3672 0.2817 -0.8865
vn -0.3827 -0.9239 -0.0000
vn -0.9239 -0.3827 -0.0000
vn -0.3827 -0.0000 0.9239
vn -0.9239 -0.0000 0.3827
vn -0.3827 0.9239 -0.0000
vn -0.9239 0.3827 -0.0000
vn -0.3827 -0.0000 -0.9239
vn -0.9239 -0.0000 -0.3827
vn -0.0000 -0.9239 -0.3827
vn -0.0000 -0.3827 -0.9239
vn -0.0000 0.9239 -0.3827
vn -0.0000 0.3827 -0.9239
vn 0.9239 -0.0000 -0.3827
vn 0.3827 -0.0000 -0.9239
vn 0.3827 -0.9239 -0.0000
vn 0.9239 -0.3827 -0.0000
vn 0.3827 0.9239 -0.0000
vn 0.9239 0.3827 -0.0000
vn 0.3827 -0.0000 0.9239
vn 0.9239 -0.0000 0.3827
vn -0.0000 -0.9239 0.3827
vn -0.0000 -0.3827 0.9239
vn -0.0000 0.9239 0.3827
vn -0.0000 0.3827 0.9239
vn -0.0000 -1.0000 -0.0000
vn -1.0000 -0.0000 -0.0000
vn -0.0000 -0.0000 1.0000
vn -0.0000 1.0000 -0.0000
vn -0.0000 -0.0000 -1.0000
vn 1.0000 -0.0000 -0.0000
vn -0.2817 -0.8865 0.3672
vn -0.3672 -0.2817 0.8865
vn -0.8865 -0.3672 0.2817
vn -0.2817 0.3672 0.8865
vn -0.3672 0.8865 0.2817
vn -0.8865 0.2817 0.3672
vn -0.3672 -0.8865 -0.2817
vn -0.8865 -0.2817 -0.3672
vn -0.2817 -0.3672 -0.8865
vn -0.2817 0.8865 -0.3672
vn -0.3672 0.2817 -0.8865
vn -0.8865 0.3672 -0.2817
vn 0.3672 -0.8865 0.2817
vn 0.8865 -0.2817 0.3672
vn 0.2817 -0.3672 0.8865
vn 0.2817 0.8865 0.3672
vn 0.3672 0.2817 0.8865
vn 0.8865 0.3672 0.2817
vn 0.2817 -0.8865 -0.3672
vn 0.3672 -0.2817 -0.8865
vn 0.8865 -0.3672 -0.2817
vn 0.3672 0.8865 -0.2817
vn 0.8865 0.2817 -0.3672
vn 0.2817 0.3672 -0.8865
s 0
usemtl Stone_Light
f 4697//5784 4701//5784 4703//5784
f 4698//5785 4701//5785 4700//5785
f 4699//5786 4701//5786 4702//5786
f 4704//5787 4708//5787 4710//5787
f 4705//5788 4708//5788 4707//5788
f 4706//5789 4708//5789 4709//5789
f 4711//5790 4715//5790 4717//5790
f 4712//5791 4715//5791 4714//5791
f 4713//5792 4715//5792 4716//5792
f 4718//5793 4722//5793 4724//5793
f 4719//5794 4722//5794 4721//5794
f 4720//5795 4722//5795 4723//5795
f 4725//5796 4729//5796 4731//5796
f 4726//5797 4729//5797 4728//5797
f 4727//5798 4729//5798 4730//5798
f 4732//5799 4736//5799 4738//5799
f 4733//5800 4736//5800 4735//5800
f 4734//5801 4736//5801 4737//5801
f 4739//5802 4743//5802 4745//5802
f 4740//5803 4743//5803 4742//5803
f 4741//5804 4743//5804 4744//5804
f 4746//5805 4750//5805 4752//5805
f 4747//5806 4750//5806 4749//5806
f 4748//5807 4750//5807 4751//5807
f 4697//5808 4714//5808 4711//5808
f 4703//5809 4712//5809 4714//5809
f 4704//5810 4702//5810 4698//5810
f 4710//5811 4699//5811 4702//5811
f 4718//5812 4709//5812 4705//5812
f 4724//5813 4706//5813 4709//5813
f 4713//5814 4723//5814 4719//5814
f 4716//5815 4720//5815 4723//5815
f 4711//5816 4742//5816 4739//5816
f 4717//5817 4740//5817 4742//5817
f 4746//5818 4721//5818 4718//5818
f 4752//5819 4719//5819 4721//5819
f 4741//5820 4751//5820 4747//5820
f 4744//5821 4748//5821 4751//5821
f 4739//5822 4728//5822 4725//5822
f 4745//5823 4726//5823 4728//5823
f 4732//5824 4749//5824 4746//5824
f 4738//5825 4747//5825 4749//5825
f 4727//5826 4737//5826 4733//5826
f 4730//5827 4734//5827 4737//5827
f 4725//5828 4700//5828 4697//5828
f 4731//5829 4698//5829 4700//5829
f 4705//5830 4735//5830 4732//5830
f 4707//5831 4733//5831 4735//5831
f 4739//5832 4697//5832 4711//5832
f 4706//5833 4712//5833 4699//5833
f 4733//5834 4698//5834 4727//5834
f 4718//5835 4732//5835 4746//5835
f 4719//5836 4740//5836 4713//5836
f 4747//5837 4726//5837 4741//5837
f 4697//5838 4700//5838 4701//5838
f 4698//5839 4702//5839 4701//5839
f 4699//5840 4703//5840 4701//5840
f 4704//5841 4707//5841 4708//5841
f 4705//5842 4709//5842 4708//5842
f 4706//5843 4710//5843 4708//5843
f 4711//5844 4714//5844 4715//5844
f 4712//5845 4716//5845 4715//5845
f 4713//5846 4717//5846 4715//5846
f 4718//5847 4721//5847 4722//5847
f 4719//5848 4723//5848 4722//5848
f 4720//5849 4724//5849 4722//5849
f 4725//5850 4728//5850 4729//5850
f 4726//5851 4730//5851 4729//5851
f 4727//5852 4731//5852 4729//5852
f 4732//5853 4735//5853 4736//5853
f 4733//5854 4737//5854 4736//5854
f 4734//5855 4738//5855 4736//5855
f 4739//5856 4742//5856 4743//5856
f 4740//5857 4744//5857 4743//5857
f 4741//5858 4745//5858 4743//5858
f 4746//5859 4749//5859 4750//5859
f 4747//5860 4751//5860 4750//5860
f 4748//5861 4752//5861 4750//5861
f 4697//5808 4703//5808 4714//5808
f 4703//5809 4699//5809 4712//5809
f 4704//5810 4710//5810 4702//5810
f 4710//5811 4706//5811 4699//5811
f 4718//5812 4724//5812 4709//5812
f 4724//5813 4720//5813 4706//5813
f 4713//5814 4716//5814 4723//5814
f 4716//5815 4712//5815 4720//5815
f 4711//5816 4717//5816 4742//5816
f 4717//5817 4713//5817 4740//5817
f 4746//5818 4752//5818 4721//5818
f 4752//5819 4748//5819 4719//5819
f 4741//5820 4744//5820 4751//5820
f 4744//5821 4740//5821 4748//5821
f 4739//5822 4745//5822 4728//5822
f 4745//5823 4741//5823 4726//5823
f 4732//5824 4738//5824 4749//5824
f 4738//5825 4734//5825 4747//5825
f 4727//5826 4730//5826 4737//5826
f 4730//5827 4726//5827 4734//5827
f 4725//5828 4731//5828 4700//5828
f 4731//5829 4727//5829 4698//5829
f 4705//5830 4707//5830 4735//5830
f 4707//5831 4704//5831 4733//5831
f 4739//5832 4725//5832 4697//5832
f 4706//5833 4720//5833 4712//5833
f 4733//5834 4704//5834 4698//5834
f 4718//5835 4705//5835 4732//5835
f 4719//5836 4748//5836 4740//5836
f 4747//5837 4734//5837 4726//5837
o NorthRail_1_-14
v -15.710000 0.200000 24.530001
v -15.710000 0.240000 24.570000
v -15.750000 0.240000 24.530001
v -15.710000 0.211716 24.558285
v -15.733094 0.216906 24.553095
v -15.738284 0.240000 24.558285
v -15.738284 0.211716 24.530001
v -15.710000 0.860000 24.570000
v -15.710000 0.900000 24.530001
v -15.750000 0.860000 24.530001
v -15.710000 0.888284 24.558285
v -15.733094 0.883094 24.553095
v -15.738284 0.888284 24.530001
v -15.738284 0.860000 24.558285
v -15.710000 0.200000 24.469999
v -15.750000 0.240000 24.469999
v -15.710000 0.240000 24.430000
v -15.738284 0.211716 24.469999
v -15.733094 0.216906 24.446905
v -15.738284 0.240000 24.441715
v -15.710000 0.211716 24.441715
v -15.710000 0.900000 24.469999
v -15.710000 0.860000 24.430000
v -15.750000 0.860000 24.469999
v -15.710000 0.888284 24.441715
v -15.733094 0.883094 24.446905
v -15.738284 0.860000 24.441715
v -15.738284 0.888284 24.469999
v -12.290000 0.200000 24.530001
v -12.250000 0.240000 24.530001
v -12.290000 0.240000 24.570000
v -12.261716 0.211716 24.530001
v -12.266906 0.216906 24.553095
v -12.261716 0.240000 24.558285
v -12.290000 0.211716 24.558285
v -12.290000 0.900000 24.530001
v -12.290000 0.860000 24.570000
v -12.250000 0.860000 24.530001
v -12.290000 0.888284 24.558285
v -12.266906 0.883094 24.553095
v -12.261716 0.860000 24.558285
v -12.261716 0.888284 24.530001
v -12.290000 0.200000 24.469999
v -12.290000 0.240000 24.430000
v -12.250000 0.240000 24.469999
v -12.290000 0.211716 24.441715
v -12.266906 0.216906 24.446905
v -12.261716 0.240000 24.441715
v -12.261716 0.211716 24.469999
v -12.290000 0.900000 24.469999
v -12.250000 0.860000 24.469999
v -12.290000 0.860000 24.430000
v -12.261716 0.888284 24.469999
v -12.266906 0.883094 24.446905
v -12.261716 0.860000 24.441715
v -12.290000 0.888284 24.441715
vn -0.3672 -0.8865 0.2817
vn -0.2817 -0.3672 0.8865
vn -0.8865 -0.2817 0.3672
vn -0.3672 0.2817 0.8865
vn -0.2817 0.8865 0.3672
vn -0.8865 0.3672 0.2817
vn -0.2817 -0.8865 -0.3672
vn -0.8865 -0.3672 -0.2817
vn -0.3672 -0.2817 -0.8865
vn -0.3672 0.8865 -0.2817
vn -0.2817 0.3672 -0.8865
vn -0.8865 0.2817 -0.3672
vn 0.2817 -0.8865 0.3672
vn 0.8865 -0.3672 0.2817
vn 0.3672 -0.2817 0.8865
vn 0.3672 0.8865 0.2817
vn 0.2817 0.3672 0.8865
vn 0.8865 0.2817 0.3672
vn 0.3672 -0.8865 -0.2817
vn 0.2817 -0.3672 -0.8865
vn 0.8865 -0.2817 -0.3672
vn 0.2817 0.8865 -0.3672
vn 0.8865 0.3672 -0.2817
vn 0.3672 0.2817 -0.8865
vn -0.3827 -0.9239 -0.0000
vn -0.9239 -0.3827 -0.0000
vn -0.3827 -0.0000 0.9239
vn -0.9239 -0.0000 0.3827
vn -0.3827 0.9239 -0.0000
vn -0.9239 0.3827 -0.0000
vn -0.3827 -0.0000 -0.9239
vn -0.9239 -0.0000 -0.3827
vn -0.0000 -0.9239 -0.3827
vn -0.0000 -0.3827 -0.9239
vn -0.0000 0.9239 -0.3827
vn -0.0000 0.3827 -0.9239
vn 0.9239 -0.0000 -0.3827
vn 0.3827 -0.0000 -0.9239
vn 0.3827 -0.9239 -0.0000
vn 0.9239 -0.3827 -0.0000
vn 0.3827 0.9239 -0.0000
vn 0.9239 0.3827 -0.0000
vn 0.3827 -0.0000 0.9239
vn 0.9239 -0.0000 0.3827
vn -0.0000 -0.9239 0.3827
vn -0.0000 -0.3827 0.9239
vn -0.0000 0.9239 0.3827
vn -0.0000 0.3827 0.9239
vn -0.0000 -1.0000 -0.0000
vn -1.0000 -0.0000 -0.0000
vn -0.0000 -0.0000 1.0000
vn -0.0000 1.0000 -0.0000
vn -0.0000 -0.0000 -1.0000
vn 1.0000 -0.0000 -0.0000
vn -0.2817 -0.8865 0.3672
vn -0.3672 -0.2817 0.8865
vn -0.8865 -0.3672 0.2817
vn -0.2817 0.3672 0.8865
vn -0.3672 0.8865 0.2817
vn -0.8865 0.2817 0.3672
vn -0.3672 -0.8865 -0.2817
vn -0.8865 -0.2817 -0.3672
vn -0.2817 -0.3672 -0.8865
vn -0.2817 0.8865 -0.3672
vn -0.3672 0.2817 -0.8865
vn -0.8865 0.3672 -0.2817
vn 0.3672 -0.8865 0.2817
vn 0.8865 -0.2817 0.3672
vn 0.2817 -0.3672 0.8865
vn 0.2817 0.8865 0.3672
vn 0.3672 0.2817 0.8865
vn 0.8865 0.3672 0.2817
vn 0.2817 -0.8865 -0.3672
vn 0.3672 -0.2817 -0.8865
vn 0.8865 -0.3672 -0.2817
vn 0.3672 0.8865 -0.2817
vn 0.8865 0.2817 -0.3672
vn 0.2817 0.3672 -0.8865
s 0
usemtl Stone_Light
f 4753//5862 4757//5862 4759//5862
f 4754//5863 4757//5863 4756//5863
f 4755//5864 4757//5864 4758//5864
f 4760//5865 4764//5865 4766//5865
f 4761//5866 4764//5866 4763//5866
f 4762//5867 4764//5867 4765//5867
f 4767//5868 4771//5868 4773//5868
f 4768//5869 4771//5869 4770//5869
f 4769//5870 4771//5870 4772//5870
f 4774//5871 4778//5871 4780//5871
f 4775//5872 4778//5872 4777//5872
f 4776//5873 4778//5873 4779//5873
f 4781//5874 4785//5874 4787//5874
f 4782//5875 4785//5875 4784//5875
f 4783//5876 4785//5876 4786//5876
f 4788//5877 4792//5877 4794//5877
f 4789//5878 4792//5878 4791//5878
f 4790//5879 4792//5879 4793//5879
f 4795//5880 4799//5880 4801//5880
f 4796//5881 4799//5881 4798//5881
f 4797//5882 4799//5882 4800//5882
f 4802//5883 4806//5883 4808//5883
f 4803//5884 4806//5884 4805//5884
f 4804//5885 4806//5885 4807//5885
f 4753//5886 4770//5886 4767//5886
f 4759//5887 4768//5887 4770//5887
f 4760//5888 4758//5888 4754//5888
f 4766//5889 4755//5889 4758//5889
f 4774//5890 4765//5890 4761//5890
f 4780//5891 4762//5891 4765//5891
f 4769//5892 4779//5892 4775//5892
f 4772//5893 4776//5893 4779//5893
f 4767//5894 4798//5894 4795//5894
f 4773//5895 4796//5895 4798//5895
f 4802//5896 4777//5896 4774//5896
f 4808//5897 4775//5897 4777//5897
f 4797//5898 4807//5898 4803//5898
f 4800//5899 4804//5899 4807//5899
f 4795//5900 4784//5900 4781//5900
f 4801//5901 4782//5901 4784//5901
f 4788//5902 4805//5902 4802//5902
f 4794//5903 4803//5903 4805//5903
f 4783//5904 4793//5904 4789//5904
f 4786//5905 4790//5905 4793//5905
f 4781//5906 4756//5906 4753//5906
f 4787//5907 4754//5907 4756//5907
f 4761//5908 4791//5908 4788//5908
f 4763//5909 4789//5909 4791//5909
f 4795//5910 4753//5910 4767//5910
f 4762//5911 4768//5911 4755//5911
f 4789//5912 4754//5912 4783//5912
f 4774//5913 4788//5913 4802//5913
f 4775//5914 4796//5914 4769//5914
f 4803//5915 4782//5915 4797//5915
f 4753//5916 4756//5916 4757//5916
f 4754//5917 4758//5917 4757//5917
f 4755//5918 4759//5918 4757//5918
f 4760//5919 4763//5919 4764//5919
f 4761//5920 4765//5920 4764//5920
f 4762//5921 4766//5921 4764//5921
f 4767//5922 4770//5922 4771//5922
f 4768//5923 4772//5923 4771//5923
f 4769//5924 4773//5924 4771//5924
f 4774//5925 4777//5925 4778//5925
f 4775//5926 4779//5926 4778//5926
f 4776//5927 4780//5927 4778//5927
f 4781//5928 4784//5928 4785//5928
f 4782//5929 4786//5929 4785//5929
f 4783//5930 4787//5930 4785//5930
f 4788//5931 4791//5931 4792//5931
f 4789//5932 4793//5932 4792//5932
f 4790//5933 4794//5933 4792//5933
f 4795//5934 4798//5934 4799//5934
f 4796//5935 4800//5935 4799//5935
f 4797//5936 4801//5936 4799//5936
f 4802//5937 4805//5937 4806//5937
f 4803//5938 4807//5938 4806//5938
f 4804//5939 4808//5939 4806//5939
f 4753//5886 4759//5886 4770//5886
f 4759//5887 4755//5887 4768//5887
f 4760//5888 4766//5888 4758//5888
f 4766//5889 4762//5889 4755//5889
f 4774//5890 4780//5890 4765//5890
f 4780//5891 4776//5891 4762//5891
f 4769//5892 4772//5892 4779//5892
f 4772//5893 4768//5893 4776//5893
f 4767//5894 4773//5894 4798//5894
f 4773//5895 4769//5895 4796//5895
f 4802//5896 4808//5896 4777//5896
f 4808//5897 4804//5897 4775//5897
f 4797//5898 4800//5898 4807//5898
f 4800//5899 4796//5899 4804//5899
f 4795//5900 4801//5900 4784//5900
f 4801//5901 4797//5901 4782//5901
f 4788//5902 4794//5902 4805//5902
f 4794//5903 4790//5903 4803//5903
f 4783//5904 4786//5904 4793//5904
f 4786//5905 4782//5905 4790//5905
f 4781//5906 4787//5906 4756//5906
f 4787//5907 4783//5907 4754//5907
f 4761//5908 4763//5908 4791//5908
f 4763//5909 4760//5909 4789//5909
f 4795//5910 4781//5910 4753//5910
f 4762//5911 4776//5911 4768//5911
f 4789//5912 4760//5912 4754//5912
f 4774//5913 4761//5913 4788//5913
f 4775//5914 4804//5914 4796//5914
f 4803//5915 4790//5915 4782//5915
o NorthRail_1_-10
v -11.710000 0.200000 24.530001
v -11.710000 0.240000 24.570000
v -11.750000 0.240000 24.530001
v -11.710000 0.211716 24.558285
v -11.733094 0.216906 24.553095
v -11.738284 0.240000 24.558285
v -11.738284 0.211716 24.530001
v -11.710000 0.860000 24.570000
v -11.710000 0.900000 24.530001
v -11.750000 0.860000 24.530001
v -11.710000 0.888284 24.558285
v -11.733094 0.883094 24.553095
v -11.738284 0.888284 24.530001
v -11.738284 0.860000 24.558285
v -11.710000 0.200000 24.469999
v -11.750000 0.240000 24.469999
v -11.710000 0.240000 24.430000
v -11.738284 0.211716 24.469999
v -11.733094 0.216906 24.446905
v -11.738284 0.240000 24.441715
v -11.710000 0.211716 24.441715
v -11.710000 0.900000 24.469999
v -11.710000 0.860000 24.430000
v -11.750000 0.860000 24.469999
v -11.710000 0.888284 24.441715
v -11.733094 0.883094 24.446905
v -11.738284 0.860000 24.441715
v -11.738284 0.888284 24.469999
v -8.290000 0.200000 24.530001
v -8.250000 0.240000 24.530001
v -8.290000 0.240000 24.570000
v -8.261716 0.211716 24.530001
v -8.266906 0.216906 24.553095
v -8.261716 0.240000 24.558285
v -8.290000 0.211716 24.558285
v -8.290000 0.900000 24.530001
v -8.290000 0.860000 24.570000
v -8.250000 0.860000 24.530001
v -8.290000 0.888284 24.558285
v -8.266906 0.883094 24.553095
v -8.261716 0.860000 24.558285
v -8.261716 0.888284 24.530001
v -8.290000 0.200000 24.469999
v -8.290000 0.240000 24.430000
v -8.250000 0.240000 24.469999
v -8.290000 0.211716 24.441715
v -8.266906 0.216906 24.446905
v -8.261716 0.240000 24.441715
v -8.261716 0.211716 24.469999
v -8.290000 0.900000 24.469999
v -8.250000 0.860000 24.469999
v -8.290000 0.860000 24.430000
v -8.261716 0.888284 24.469999
v -8.266906 0.883094 24.446905
v -8.261716 0.860000 24.441715
v -8.290000 0.888284 24.441715
vn -0.3672 -0.8865 0.2817
vn -0.2817 -0.3672 0.8865
vn -0.8865 -0.2817 0.3672
vn -0.3672 0.2817 0.8865
vn -0.2817 0.8865 0.3672
vn -0.8865 0.3672 0.2817
vn -0.2817 -0.8865 -0.3672
vn -0.8865 -0.3672 -0.2817
vn -0.3672 -0.2817 -0.8865
vn -0.3672 0.8865 -0.2817
vn -0.2817 0.3672 -0.8865
vn -0.8865 0.2817 -0.3672
vn 0.2817 -0.8865 0.3672
vn 0.8865 -0.3672 0.2817
vn 0.3672 -0.2817 0.8865
vn 0.3672 0.8865 0.2817
vn 0.2817 0.3672 0.8865
vn 0.8865 0.2817 0.3672
vn 0.3672 -0.8865 -0.2817
vn 0.2817 -0.3672 -0.8865
vn 0.8865 -0.2817 -0.3672
vn 0.2817 0.8865 -0.3672
vn 0.8865 0.3672 -0.2817
vn 0.3672 0.2817 -0.8865
vn -0.3827 -0.9239 -0.0000
vn -0.9239 -0.3827 -0.0000
vn -0.3827 -0.0000 0.9239
vn -0.9239 -0.0000 0.3827
vn -0.3827 0.9239 -0.0000
vn -0.9239 0.3827 -0.0000
vn -0.3827 -0.0000 -0.9239
vn -0.9239 -0.0000 -0.3827
vn -0.0000 -0.9239 -0.3827
vn -0.0000 -0.3827 -0.9239
vn -0.0000 0.9239 -0.3827
vn -0.0000 0.3827 -0.9239
vn 0.9239 -0.0000 -0.3827
vn 0.3827 -0.0000 -0.9239
vn 0.3827 -0.9239 -0.0000
vn 0.9239 -0.3827 -0.0000
vn 0.3827 0.9239 -0.0000
vn 0.9239 0.3827 -0.0000
vn 0.3827 -0.0000 0.9239
vn 0.9239 -0.0000 0.3827
vn -0.0000 -0.9239 0.3827
vn -0.0000 -0.3827 0.9239
vn -0.0000 0.9239 0.3827
vn -0.0000 0.3827 0.9239
vn -0.0000 -1.0000 -0.0000
vn -1.0000 -0.0000 -0.0000
vn -0.0000 -0.0000 1.0000
vn -0.0000 1.0000 -0.0000
vn -0.0000 -0.0000 -1.0000
vn 1.0000 -0.0000 -0.0000
vn -0.2817 -0.8865 0.3672
vn -0.3672 -0.2817 0.8865
vn -0.8865 -0.3672 0.2817
vn -0.2817 0.3672 0.8865
vn -0.3672 0.8865 0.2817
vn -0.8865 0.2817 0.3672
vn -0.3672 -0.8865 -0.2817
vn -0.8865 -0.2817 -0.3672
vn -0.2817 -0.3672 -0.8865
vn -0.2817 0.8865 -0.3672
vn -0.3672 0.2817 -0.8865
vn -0.8865 0.3672 -0.2817
vn 0.3672 -0.8865 0.2817
vn 0.8865 -0.2817 0.3672
vn 0.2817 -0.3672 0.8865
vn 0.2817 0.8865 0.3672
vn 0.3672 0.2817 0.8865
vn 0.8865 0.3672 0.2817
vn 0.2817 -0.8865 -0.3672
vn 0.3672 -0.2817 -0.8865
vn 0.8865 -0.3672 -0.2817
vn 0.3672 0.8865 -0.2817
vn 0.8865 0.2817 -0.3672
vn 0.2817 0.3672 -0.8865
s 0
usemtl Stone_Light
f 4809//5940 4813//5940 4815//5940
f 4810//5941 4813//5941 4812//5941
f 4811//5942 4813//5942 4814//5942
f 4816//5943 4820//5943 4822//5943
f 4817//5944 4820//5944 4819//5944
f 4818//5945 4820//5945 4821//5945
f 4823//5946 4827//5946 4829//5946
f 4824//5947 4827//5947 4826//5947
f 4825//5948 4827//5948 4828//5948
f 4830//5949 4834//5949 4836//5949
f 4831//5950 4834//5950 4833//5950
f 4832//5951 4834//5951 4835//5951
f 4837//5952 4841//5952 4843//5952
f 4838//5953 4841//5953 4840//5953
f 4839//5954 4841//5954 4842//5954
f 4844//5955 4848//5955 4850//5955
f 4845//5956 4848//5956 4847//5956
f 4846//5957 4848//5957 4849//5957
f 4851//5958 4855//5958 4857//5958
f 4852//5959 4855//5959 4854//5959
f 4853//5960 4855//5960 4856//5960
f 4858//5961 4862//5961 4864//5961
f 4859//5962 4862//5962 4861//5962
f 4860//5963 4862//5963 4863//5963
f 4809//5964 4826//5964 4823//5964
f 4815//5965 4824//5965 4826//5965
f 4816//5966 4814//5966 4810//5966
f 4822//5967 4811//5967 4814//5967
f 4830//5968 4821//5968 4817//5968
f 4836//5969 4818//5969 4821//5969
f 4825//5970 4835//5970 4831//5970
f 4828//5971 4832//5971 4835//5971
f 4823//5972 4854//5972 4851//5972
f 4829//5973 4852//5973 4854//5973
f 4858//5974 4833//5974 4830//5974
f 4864//5975 4831//5975 4833//5975
f 4853//5976 4863//5976 4859//5976
f 4856//5977 4860//5977 4863//5977
f 4851//5978 4840//5978 4837//5978
f 4857//5979 4838//5979 4840//5979
f 4844//5980 4861//5980 4858//5980
f 4850//5981 4859//5981 4861//5981
f 4839//5982 4849//5982 4845//5982
f 4842//5983 4846//5983 4849//5983
f 4837//5984 4812//5984 4809//5984
f 4843//5985 4810//5985 4812//5985
f 4817//5986 4847//5986 4844//5986
f 4819//5987 4845//5987 4847//5987
f 4851//5988 4809//5988 4823//5988
f 4818//5989 4824//5989 4811//5989
f 4845//5990 4810//5990 4839//5990
f 4830//5991 4844//5991 4858//5991
f 4831//5992 4852//5992 4825//5992
f 4859//5993 4838//5993 4853//5993
f 4809//5994 4812//5994 4813//5994
f 4810//5995 4814//5995 4813//5995
f 4811//5996 4815//5996 4813//5996
f 4816//5997 4819//5997 4820//5997
f 4817//5998 4821//5998 4820//5998
f 4818//5999 4822//5999 4820//5999
f 4823//6000 4826//6000 4827//6000
f 4824//6001 4828//6001 4827//6001
f 4825//6002 4829//6002 4827//6002
f 4830//6003 4833//6003 4834//6003
f 4831//6004 4835//6004 4834//6004
f 4832//6005 4836//6005 4834//6005
f 4837//6006 4840//6006 4841//6006
f 4838//6007 4842//6007 4841//6007
f 4839//6008 4843//6008 4841//6008
f 4844//6009 4847//6009 4848//6009
f 4845//6010 4849//6010 4848//6010
f 4846//6011 4850//6011 4848//6011
f 4851//6012 4854//6012 4855//6012
f 4852//6013 4856//6013 4855//6013
f 4853//6014 4857//6014 4855//6014
f 4858//6015 4861//6015 4862//6015
f 4859//6016 4863//6016 4862//6016
f 4860//6017 4864//6017 4862//6017
f 4809//5964 4815//5964 4826//5964
f 4815//5965 4811//5965 4824//5965
f 4816//5966 4822//5966 4814//5966
f 4822//5967 4818//5967 4811//5967
f 4830//5968 4836//5968 4821//5968
f 4836//5969 4832//5969 4818//5969
f 4825//5970 4828//5970 4835//5970
f 4828//5971 4824//5971 4832//5971
f 4823//5972 4829//5972 4854//5972
f 4829//5973 4825//5973 4852//5973
f 4858//5974 4864//5974 4833//5974
f 4864//5975 4860//5975 4831//5975
f 4853//5976 4856//5976 4863//5976
f 4856//5977 4852//5977 4860//5977
f 4851//5978 4857//5978 4840//5978
f 4857//5979 4853//5979 4838//5979
f 4844//5980 4850//5980 4861//5980
f 4850//5981 4846//5981 4859//5981
f 4839//5982 4842//5982 4849//5982
f 4842//5983 4838//5983 4846//5983
f 4837//5984 4843//5984 4812//5984
f 4843//5985 4839//5985 4810//5985
f 4817//5986 4819//5986 4847//5986
f 4819//5987 4816//5987 4845//5987
f 4851//5988 4837//5988 4809//5988
f 4818//5989 4832//5989 4824//5989
f 4845//5990 4816//5990 4810//5990
f 4830//5991 4817//5991 4844//5991
f 4831//5992 4860//5992 4852//5992
f 4859//5993 4846//5993 4838//5993
o NorthRail_1_10
v 8.290000 0.200000 24.530001
v 8.290000 0.240000 24.570000
v 8.250000 0.240000 24.530001
v 8.290000 0.211716 24.558285
v 8.266906 0.216906 24.553095
v 8.261716 0.240000 24.558285
v 8.261716 0.211716 24.530001
v 8.290000 0.860000 24.570000
v 8.290000 0.900000 24.530001
v 8.250000 0.860000 24.530001
v 8.290000 0.888284 24.558285
v 8.266906 0.883094 24.553095
v 8.261716 0.888284 24.530001
v 8.261716 0.860000 24.558285
v 8.290000 0.200000 24.469999
v 8.250000 0.240000 24.469999
v 8.290000 0.240000 24.430000
v 8.261716 0.211716 24.469999
v 8.266906 0.216906 24.446905
v 8.261716 0.240000 24.441715
v 8.290000 0.211716 24.441715
v 8.290000 0.900000 24.469999
v 8.290000 0.860000 24.430000
v 8.250000 0.860000 24.469999
v 8.290000 0.888284 24.441715
v 8.266906 0.883094 24.446905
v 8.261716 0.860000 24.441715
v 8.261716 0.888284 24.469999
v 11.710000 0.200000 24.530001
v 11.750000 0.240000 24.530001
v 11.710000 0.240000 24.570000
v 11.738284 0.211716 24.530001
v 11.733094 0.216906 24.553095
v 11.738284 0.240000 24.558285
v 11.710000 0.211716 24.558285
v 11.710000 0.900000 24.530001
v 11.710000 0.860000 24.570000
v 11.750000 0.860000 24.530001
v 11.710000 0.888284 24.558285
v 11.733094 0.883094 24.553095
v 11.738284 0.860000 24.558285
v 11.738284 0.888284 24.530001
v 11.710000 0.200000 24.469999
v 11.710000 0.240000 24.430000
v 11.750000 0.240000 24.469999
v 11.710000 0.211716 24.441715
v 11.733094 0.216906 24.446905
v 11.738284 0.240000 24.441715
v 11.738284 0.211716 24.469999
v 11.710000 0.900000 24.469999
v 11.750000 0.860000 24.469999
v 11.710000 0.860000 24.430000
v 11.738284 0.888284 24.469999
v 11.733094 0.883094 24.446905
v 11.738284 0.860000 24.441715
v 11.710000 0.888284 24.441715
vn -0.3672 -0.8865 0.2817
vn -0.2817 -0.3672 0.8865
vn -0.8865 -0.2817 0.3672
vn -0.3672 0.2817 0.8865
vn -0.2817 0.8865 0.3672
vn -0.8865 0.3672 0.2817
vn -0.2817 -0.8865 -0.3672
vn -0.8865 -0.3672 -0.2817
vn -0.3672 -0.2817 -0.8865
vn -0.3672 0.8865 -0.2817
vn -0.2817 0.3672 -0.8865
vn -0.8865 0.2817 -0.3672
vn 0.2817 -0.8865 0.3672
vn 0.8865 -0.3672 0.2817
vn 0.3672 -0.2817 0.8865
vn 0.3672 0.8865 0.2817
vn 0.2817 0.3672 0.8865
vn 0.8865 0.2817 0.3672
vn 0.3672 -0.8865 -0.2817
vn 0.2817 -0.3672 -0.8865
vn 0.8865 -0.2817 -0.3672
vn 0.2817 0.8865 -0.3672
vn 0.8865 0.3672 -0.2817
vn 0.3672 0.2817 -0.8865
vn -0.3827 -0.9239 -0.0000
vn -0.9239 -0.3827 -0.0000
vn -0.3827 -0.0000 0.9239
vn -0.9239 -0.0000 0.3827
vn -0.3827 0.9239 -0.0000
vn -0.9239 0.3827 -0.0000
vn -0.3827 -0.0000 -0.9239
vn -0.9239 -0.0000 -0.3827
vn -0.0000 -0.9239 -0.3827
vn -0.0000 -0.3827 -0.9239
vn -0.0000 0.9239 -0.3827
vn -0.0000 0.3827 -0.9239
vn 0.9239 -0.0000 -0.3827
vn 0.3827 -0.0000 -0.9239
vn 0.3827 -0.9239 -0.0000
vn 0.9239 -0.3827 -0.0000
vn 0.3827 0.9239 -0.0000
vn 0.9239 0.3827 -0.0000
vn 0.3827 -0.0000 0.9239
vn 0.9239 -0.0000 0.3827
vn -0.0000 -0.9239 0.3827
vn -0.0000 -0.3827 0.9239
vn -0.0000 0.9239 0.3827
vn -0.0000 0.3827 0.9239
vn -0.0000 -1.0000 -0.0000
vn -1.0000 -0.0000 -0.0000
vn -0.0000 -0.0000 1.0000
vn -0.0000 1.0000 -0.0000
vn -0.0000 -0.0000 -1.0000
vn 1.0000 -0.0000 -0.0000
vn -0.2817 -0.8865 0.3672
vn -0.3672 -0.2817 0.8865
vn -0.8865 -0.3672 0.2817
vn -0.2817 0.3672 0.8865
vn -0.3672 0.8865 0.2817
vn -0.8865 0.2817 0.3672
vn -0.3672 -0.8865 -0.2817
vn -0.8865 -0.2817 -0.3672
vn -0.2817 -0.3672 -0.8865
vn -0.2817 0.8865 -0.3672
vn -0.3672 0.2817 -0.8865
vn -0.8865 0.3672 -0.2817
vn 0.3672 -0.8865 0.2817
vn 0.8865 -0.2817 0.3672
vn 0.2817 -0.3672 0.8865
vn 0.2817 0.8865 0.3672
vn 0.3672 0.2817 0.8865
vn 0.8865 0.3672 0.2817
vn 0.2817 -0.8865 -0.3672
vn 0.3672 -0.2817 -0.8865
vn 0.8865 -0.3672 -0.2817
vn 0.3672 0.8865 -0.2817
vn 0.8865 0.2817 -0.3672
vn 0.2817 0.3672 -0.8865
s 0
usemtl Stone_Light
f 4865//6018 4869//6018 4871//6018
f 4866//6019 4869//6019 4868//6019
f 4867//6020 4869//6020 4870//6020
f 4872//6021 4876//6021 4878//6021
f 4873//6022 4876//6022 4875//6022
f 4874//6023 4876//6023 4877//6023
f 4879//6024 4883//6024 4885//6024
f 4880//6025 4883//6025 4882//6025
f 4881//6026 4883//6026 4884//6026
f 4886//6027 4890//6027 4892//6027
f 4887//6028 4890//6028 4889//6028
f 4888//6029 4890//6029 4891//6029
f 4893//6030 4897//6030 4899//6030
f 4894//6031 4897//6031 4896//6031
f 4895//6032 4897//6032 4898//6032
f 4900//6033 4904//6033 4906//6033
f 4901//6034 4904//6034 4903//6034
f 4902//6035 4904//6035 4905//6035
f 4907//6036 4911//6036 4913//6036
f 4908//6037 4911//6037 4910//6037
f 4909//6038 4911//6038 4912//6038
f 4914//6039 4918//6039 4920//6039
f 4915//6040 4918//6040 4917//6040
f 4916//6041 4918//6041 4919//6041
f 4865//6042 4882//6042 4879//6042
f 4871//6043 4880//6043 4882//6043
f 4872//6044 4870//6044 4866//6044
f 4878//6045 4867//6045 4870//6045
f 4886//6046 4877//6046 4873//6046
f 4892//6047 4874//6047 4877//6047
f 4881//6048 4891//6048 4887//6048
f 4884//6049 4888//6049 4891//6049
f 4879//6050 4910//6050 4907//6050
f 4885//6051 4908//6051 4910//6051
f 4914//6052 4889//6052 4886//6052
f 4920//6053 4887//6053 4889//6053
f 4909//6054 4919//6054 4915//6054
f 4912//6055 4916//6055 4919//6055
f 4907//6056 4896//6056 4893//6056
f 4913//6057 4894//6057 4896//6057
f 4900//6058 4917//6058 4914//6058
f 4906//6059 4915//6059 4917//6059
f 4895//6060 4905//6060 4901//6060
f 4898//6061 4902//6061 4905//6061
f 4893//6062 4868//6062 4865//6062
f 4899//6063 4866//6063 4868//6063
f 4873//6064 4903//6064 4900//6064
f 4875//6065 4901//6065 4903//6065
f 4907//6066 4865//6066 4879//6066
f 4874//6067 4880//6067 4867//6067
f 4901//6068 4866//6068 4895//6068
f 4886//6069 4900//6069 4914//6069
f 4887//6070 4908//6070 4881//6070
f 4915//6071 4894//6071 4909//6071
f 4865//6072 4868//6072 4869//6072
f 4866//6073 4870//6073 4869//6073
f 4867//6074 4871//6074 4869//6074
f 4872//6075 4875//6075 4876//6075
f 4873//6076 4877//6076 4876//6076
f 4874//6077 4878//6077 4876//6077
f 4879//6078 4882//6078 4883//6078
f 4880//6079 4884//6079 4883//6079
f 4881//6080 4885//6080 4883//6080
f 4886//6081 4889//6081 4890//6081
f 4887//6082 4891//6082 4890//6082
f 4888//6083 4892//6083 4890//6083
f 4893//6084 4896//6084 4897//6084
f 4894//6085 4898//6085 4897//6085
f 4895//6086 4899//6086 4897//6086
f 4900//6087 4903//6087 4904//6087
f 4901//6088 4905//6088 4904//6088
f 4902//6089 4906//6089 4904//6089
f 4907//6090 4910//6090 4911//6090
f 4908//6091 4912//6091 4911//6091
f 4909//6092 4913//6092 4911//6092
f 4914//6093 4917//6093 4918//6093
f 4915//6094 4919//6094 4918//6094
f 4916//6095 4920//6095 4918//6095
f 4865//6042 4871//6042 4882//6042
f 4871//6043 4867//6043 4880//6043
f 4872//6044 4878//6044 4870//6044
f 4878//6045 4874//6045 4867//6045
f 4886//6046 4892//6046 4877//6046
f 4892//6047 4888//6047 4874//6047
f 4881//6048 4884//6048 4891//6048
f 4884//6049 4880//6049 4888//6049
f 4879//6050 4885//6050 4910//6050
f 4885//6051 4881//6051 4908//6051
f 4914//6052 4920//6052 4889//6052
f 4920//6053 4916//6053 4887//6053
f 4909//6054 4912//6054 4919//6054
f 4912//6055 4908//6055 4916//6055
f 4907//6056 4913//6056 4896//6056
f 4913//6057 4909//6057 4894//6057
f 4900//6058 4906//6058 4917//6058
f 4906//6059 4902//6059 4915//6059
f 4895//6060 4898//6060 4905//6060
f 4898//6061 4894//6061 4902//6061
f 4893//6062 4899//6062 4868//6062
f 4899//6063 4895//6063 4866//6063
f 4873//6064 4875//6064 4903//6064
f 4875//6065 4872//6065 4901//6065
f 4907//6066 4893//6066 4865//6066
f 4874//6067 4888//6067 4880//6067
f 4901//6068 4872//6068 4866//6068
f 4886//6069 4873//6069 4900//6069
f 4887//6070 4916//6070 4908//6070
f 4915//6071 4902//6071 4894//6071
o NorthRail_1_14
v 12.290000 0.200000 24.530001
v 12.290000 0.240000 24.570000
v 12.250000 0.240000 24.530001
v 12.290000 0.211716 24.558285
v 12.266906 0.216906 24.553095
v 12.261716 0.240000 24.558285
v 12.261716 0.211716 24.530001
v 12.290000 0.860000 24.570000
v 12.290000 0.900000 24.530001
v 12.250000 0.860000 24.530001
v 12.290000 0.888284 24.558285
v 12.266906 0.883094 24.553095
v 12.261716 0.888284 24.530001
v 12.261716 0.860000 24.558285
v 12.290000 0.200000 24.469999
v 12.250000 0.240000 24.469999
v 12.290000 0.240000 24.430000
v 12.261716 0.211716 24.469999
v 12.266906 0.216906 24.446905
v 12.261716 0.240000 24.441715
v 12.290000 0.211716 24.441715
v 12.290000 0.900000 24.469999
v 12.290000 0.860000 24.430000
v 12.250000 0.860000 24.469999
v 12.290000 0.888284 24.441715
v 12.266906 0.883094 24.446905
v 12.261716 0.860000 24.441715
v 12.261716 0.888284 24.469999
v 15.710000 0.200000 24.530001
v 15.750000 0.240000 24.530001
v 15.710000 0.240000 24.570000
v 15.738284 0.211716 24.530001
v 15.733094 0.216906 24.553095
v 15.738284 0.240000 24.558285
v 15.710000 0.211716 24.558285
v 15.710000 0.900000 24.530001
v 15.710000 0.860000 24.570000
v 15.750000 0.860000 24.530001
v 15.710000 0.888284 24.558285
v 15.733094 0.883094 24.553095
v 15.738284 0.860000 24.558285
v 15.738284 0.888284 24.530001
v 15.710000 0.200000 24.469999
v 15.710000 0.240000 24.430000
v 15.750000 0.240000 24.469999
v 15.710000 0.211716 24.441715
v 15.733094 0.216906 24.446905
v 15.738284 0.240000 24.441715
v 15.738284 0.211716 24.469999
v 15.710000 0.900000 24.469999
v 15.750000 0.860000 24.469999
v 15.710000 0.860000 24.430000
v 15.738284 0.888284 24.469999
v 15.733094 0.883094 24.446905
v 15.738284 0.860000 24.441715
v 15.710000 0.888284 24.441715
vn -0.3672 -0.8865 0.2817
vn -0.2817 -0.3672 0.8865
vn -0.8865 -0.2817 0.3672
vn -0.3672 0.2817 0.8865
vn -0.2817 0.8865 0.3672
vn -0.8865 0.3672 0.2817
vn -0.2817 -0.8865 -0.3672
vn -0.8865 -0.3672 -0.2817
vn -0.3672 -0.2817 -0.8865
vn -0.3672 0.8865 -0.2817
vn -0.2817 0.3672 -0.8865
vn -0.8865 0.2817 -0.3672
vn 0.2817 -0.8865 0.3672
vn 0.8865 -0.3672 0.2817
vn 0.3672 -0.2817 0.8865
vn 0.3672 0.8865 0.2817
vn 0.2817 0.3672 0.8865
vn 0.8865 0.2817 0.3672
vn 0.3672 -0.8865 -0.2817
vn 0.2817 -0.3672 -0.8865
vn 0.8865 -0.2817 -0.3672
vn 0.2817 0.8865 -0.3672
vn 0.8865 0.3672 -0.2817
vn 0.3672 0.2817 -0.8865
vn -0.3827 -0.9239 -0.0000
vn -0.9239 -0.3827 -0.0000
vn -0.3827 -0.0000 0.9239
vn -0.9239 -0.0000 0.3827
vn -0.3827 0.9239 -0.0000
vn -0.9239 0.3827 -0.0000
vn -0.3827 -0.0000 -0.9239
vn -0.9239 -0.0000 -0.3827
vn -0.0000 -0.9239 -0.3827
vn -0.0000 -0.3827 -0.9239
vn -0.0000 0.9239 -0.3827
vn -0.0000 0.3827 -0.9239
vn 0.9239 -0.0000 -0.3827
vn 0.3827 -0.0000 -0.9239
vn 0.3827 -0.9239 -0.0000
vn 0.9239 -0.3827 -0.0000
vn 0.3827 0.9239 -0.0000
vn 0.9239 0.3827 -0.0000
vn 0.3827 -0.0000 0.9239
vn 0.9239 -0.0000 0.3827
vn -0.0000 -0.9239 0.3827
vn -0.0000 -0.3827 0.9239
vn -0.0000 0.9239 0.3827
vn -0.0000 0.3827 0.9239
vn -0.0000 -1.0000 -0.0000
vn -1.0000 -0.0000 -0.0000
vn -0.0000 -0.0000 1.0000
vn -0.0000 1.0000 -0.0000
vn -0.0000 -0.0000 -1.0000
vn 1.0000 -0.0000 -0.0000
vn -0.2817 -0.8865 0.3672
vn -0.3672 -0.2817 0.8865
vn -0.8865 -0.3672 0.2817
vn -0.2817 0.3672 0.8865
vn -0.3672 0.8865 0.2817
vn -0.8865 0.2817 0.3672
vn -0.3672 -0.8865 -0.2817
vn -0.8865 -0.2817 -0.3672
vn -0.2817 -0.3672 -0.8865
vn -0.2817 0.8865 -0.3672
vn -0.3672 0.2817 -0.8865
vn -0.8865 0.3672 -0.2817
vn 0.3672 -0.8865 0.2817
vn 0.8865 -0.2817 0.3672
vn 0.2817 -0.3672 0.8865
vn 0.2817 0.8865 0.3672
vn 0.3672 0.2817 0.8865
vn 0.8865 0.3672 0.2817
vn 0.2817 -0.8865 -0.3672
vn 0.3672 -0.2817 -0.8865
vn 0.8865 -0.3672 -0.2817
vn 0.3672 0.8865 -0.2817
vn 0.8865 0.2817 -0.3672
vn 0.2817 0.3672 -0.8865
s 0
usemtl Stone_Light
f 4921//6096 4925//6096 4927//6096
f 4922//6097 4925//6097 4924//6097
f 4923//6098 4925//6098 4926//6098
f 4928//6099 4932//6099 4934//6099
f 4929//6100 4932//6100 4931//6100
f 4930//6101 4932//6101 4933//6101
f 4935//6102 4939//6102 4941//6102
f 4936//6103 4939//6103 4938//6103
f 4937//6104 4939//6104 4940//6104
f 4942//6105 4946//6105 4948//6105
f 4943//6106 4946//6106 4945//6106
f 4944//6107 4946//6107 4947//6107
f 4949//6108 4953//6108 4955//6108
f 4950//6109 4953//6109 4952//6109
f 4951//6110 4953//6110 4954//6110
f 4956//6111 4960//6111 4962//6111
f 4957//6112 4960//6112 4959//6112
f 4958//6113 4960//6113 4961//6113
f 4963//6114 4967//6114 4969//6114
f 4964//6115 4967//6115 4966//6115
f 4965//6116 4967//6116 4968//6116
f 4970//6117 4974//6117 4976//6117
f 4971//6118 4974//6118 4973//6118
f 4972//6119 4974//6119 4975//6119
f 4921//6120 4938//6120 4935//6120
f 4927//6121 4936//6121 4938//6121
f 4928//6122 4926//6122 4922//6122
f 4934//6123 4923//6123 4926//6123
f 4942//6124 4933//6124 4929//6124
f 4948//6125 4930//6125 4933//6125
f 4937//6126 4947//6126 4943//6126
f 4940//6127 4944//6127 4947//6127
f 4935//6128 4966//6128 4963//6128
f 4941//6129 4964//6129 4966//6129
f 4970//6130 4945//6130 4942//6130
f 4976//6131 4943//6131 4945//6131
f 4965//6132 4975//6132 4971//6132
f 4968//6133 4972//6133 4975//6133
f 4963//6134 4952//6134 4949//6134
f 4969//6135 4950//6135 4952//6135
f 4956//6136 4973//6136 4970//6136
f 4962//6137 4971//6137 4973//6137
f 4951//6138 4961//6138 4957//6138
f 4954//6139 4958//6139 4961//6139
f 4949//6140 4924//6140 4921//6140
f 4955//6141 4922//6141 4924//6141
f 4929//6142 4959//6142 4956//6142
f 4931//6143 4957//6143 4959//6143
f 4963//6144 4921//6144 4935//6144
f 4930//6145 4936//6145 4923//6145
f 4957//6146 4922//6146 4951//6146
f 4942//6147 4956//6147 4970//6147
f 4943//6148 4964//6148 4937//6148
f 4971//6149 4950//6149 4965//6149
f 4921//6150 4924//6150 4925//6150
f 4922//6151 4926//6151 4925//6151
f 4923//6152 4927//6152 4925//6152
f 4928//6153 4931//6153 4932//6153
f 4929//6154 4933//6154 4932//6154
f 4930//6155 4934//6155 4932//6155
f 4935//6156 4938//6156 4939//6156
f 4936//6157 4940//6157 4939//6157
f 4937//6158 4941//6158 4939//6158
f 4942//6159 4945//6159 4946//6159
f 4943//6160 4947//6160 4946//6160
f 4944//6161 4948//6161 4946//6161
f 4949//6162 4952//6162 4953//6162
f 4950//6163 4954//6163 4953//6163
f 4951//6164 4955//6164 4953//6164
f 4956//6165 4959//6165 4960//6165
f 4957//6166 4961//6166 4960//6166
f 4958//6167 4962//6167 4960//6167
f 4963//6168 4966//6168 4967//6168
f 4964//6169 4968//6169 4967//6169
f 4965//6170 4969//6170 4967//6170
f 4970//6171 4973//6171 4974//6171
f 4971//6172 4975//6172 4974//6172
f 4972//6173 4976//6173 4974//6173
f 4921//6120 4927//6120 4938//6120
f 4927//6121 4923//6121 4936//6121
f 4928//6122 4934//6122 4926//6122
f 4934//6123 4930//6123 4923//6123
f 4942//6124 4948//6124 4933//6124
f 4948//6125 4944//6125 4930//6125
f 4937//6126 4940//6126 4947//6126
f 4940//6127 4936//6127 4944//6127
f 4935//6128 4941//6128 4966//6128
f 4941//6129 4937//6129 4964//6129
f 4970//6130 4976//6130 4945//6130
f 4976//6131 4972//6131 4943//6131
f 4965//6132 4968//6132 4975//6132
f 4968//6133 4964//6133 4972//6133
f 4963//6134 4969//6134 4952//6134
f 4969//6135 4965//6135 4950//6135
f 4956//6136 4962//6136 4973//6136
f 4962//6137 4958//6137 4971//6137
f 4951//6138 4954//6138 4961//6138
f 4954//6139 4950//6139 4958//6139
f 4949//6140 4955//6140 4924//6140
f 4955//6141 4951//6141 4922//6141
f 4929//6142 4931//6142 4959//6142
f 4931//6143 4928//6143 4957//6143
f 4963//6144 4949//6144 4921//6144
f 4930//6145 4944//6145 4936//6145
f 4957//6146 4928//6146 4922//6146
f 4942//6147 4929//6147 4956//6147
f 4943//6148 4972//6148 4964//6148
f 4971//6149 4958//6149 4950//6149
o NorthRail_1_18
v 16.290001 0.200000 24.530001
v 16.290001 0.240000 24.570000
v 16.250000 0.240000 24.530001
v 16.290001 0.211716 24.558285
v 16.266907 0.216906 24.553095
v 16.261715 0.240000 24.558285
v 16.261715 0.211716 24.530001
v 16.290001 0.860000 24.570000
v 16.290001 0.900000 24.530001
v 16.250000 0.860000 24.530001
v 16.290001 0.888284 24.558285
v 16.266907 0.883094 24.553095
v 16.261715 0.888284 24.530001
v 16.261715 0.860000 24.558285
v 16.290001 0.200000 24.469999
v 16.250000 0.240000 24.469999
v 16.290001 0.240000 24.430000
v 16.261715 0.211716 24.469999
v 16.266907 0.216906 24.446905
v 16.261715 0.240000 24.441715
v 16.290001 0.211716 24.441715
v 16.290001 0.900000 24.469999
v 16.290001 0.860000 24.430000
v 16.250000 0.860000 24.469999
v 16.290001 0.888284 24.441715
v 16.266907 0.883094 24.446905
v 16.261715 0.860000 24.441715
v 16.261715 0.888284 24.469999
v 19.709999 0.200000 24.530001
v 19.750000 0.240000 24.530001
v 19.709999 0.240000 24.570000
v 19.738285 0.211716 24.530001
v 19.733093 0.216906 24.553095
v 19.738285 0.240000 24.558285
v 19.709999 0.211716 24.558285
v 19.709999 0.900000 24.530001
v 19.709999 0.860000 24.570000
v 19.750000 0.860000 24.530001
v 19.709999 0.888284 24.558285
v 19.733093 0.883094 24.553095
v 19.738285 0.860000 24.558285
v 19.738285 0.888284 24.530001
v 19.709999 0.200000 24.469999
v 19.709999 0.240000 24.430000
v 19.750000 0.240000 24.469999
v 19.709999 0.211716 24.441715
v 19.733093 0.216906 24.446905
v 19.738285 0.240000 24.441715
v 19.738285 0.211716 24.469999
v 19.709999 0.900000 24.469999
v 19.750000 0.860000 24.469999
v 19.709999 0.860000 24.430000
v 19.738285 0.888284 24.469999
v 19.733093 0.883094 24.446905
v 19.738285 0.860000 24.441715
v 19.709999 0.888284 24.441715
vn -0.3672 -0.8865 0.2817
vn -0.2817 -0.3672 0.8865
vn -0.8865 -0.2817 0.3672
vn -0.3672 0.2817 0.8865
vn -0.2817 0.8865 0.3672
vn -0.8865 0.3672 0.2817
vn -0.2817 -0.8865 -0.3672
vn -0.8865 -0.3672 -0.2817
vn -0.3672 -0.2817 -0.8865
vn -0.3672 0.8865 -0.2817
vn -0.2817 0.3672 -0.8865
vn -0.8865 0.2817 -0.3672
vn 0.2817 -0.8865 0.3672
vn 0.8865 -0.3672 0.2817
vn 0.3672 -0.2817 0.8865
vn 0.3672 0.8865 0.2817
vn 0.2817 0.3672 0.8865
vn 0.8865 0.2817 0.3672
vn 0.3672 -0.8865 -0.2817
vn 0.2817 -0.3672 -0.8865
vn 0.8865 -0.2817 -0.3672
vn 0.2817 0.8865 -0.3672
vn 0.8865 0.3672 -0.2817
vn 0.3672 0.2817 -0.8865
vn -0.3827 -0.9239 -0.0000
vn -0.9239 -0.3827 -0.0000
vn -0.3827 -0.0000 0.9239
vn -0.9239 -0.0000 0.3827
vn -0.3827 0.9239 -0.0000
vn -0.9239 0.3827 -0.0000
vn -0.3827 -0.0000 -0.9239
vn -0.9239 -0.0000 -0.3827
vn -0.0000 -0.9239 -0.3827
vn -0.0000 -0.3827 -0.9239
vn -0.0000 0.9239 -0.3827
vn -0.0000 0.3827 -0.9239
vn 0.9239 -0.0000 -0.3827
vn 0.3827 -0.0000 -0.9239
vn 0.3827 -0.9239 -0.0000
vn 0.9239 -0.3827 -0.0000
vn 0.3827 0.9239 -0.0000
vn 0.9239 0.3827 -0.0000
vn 0.3827 -0.0000 0.9239
vn 0.9239 -0.0000 0.3827
vn -0.0000 -0.9239 0.3827
vn -0.0000 -0.3827 0.9239
vn -0.0000 0.9239 0.3827
vn -0.0000 0.3827 0.9239
vn -0.0000 -1.0000 -0.0000
vn -1.0000 -0.0000 -0.0000
vn -0.0000 -0.0000 1.0000
vn -0.0000 1.0000 -0.0000
vn -0.0000 -0.0000 -1.0000
vn 1.0000 -0.0000 -0.0000
vn -0.2817 -0.8865 0.3672
vn -0.3672 -0.2817 0.8865
vn -0.8865 -0.3672 0.2817
vn -0.2817 0.3672 0.8865
vn -0.3672 0.8865 0.2817
vn -0.8865 0.2817 0.3672
vn -0.3672 -0.8865 -0.2817
vn -0.8865 -0.2817 -0.3672
vn -0.2817 -0.3672 -0.8865
vn -0.2817 0.8865 -0.3672
vn -0.3672 0.2817 -0.8865
vn -0.8865 0.3672 -0.2817
vn 0.3672 -0.8865 0.2817
vn 0.8865 -0.2817 0.3672
vn 0.2817 -0.3672 0.8865
vn 0.2817 0.8865 0.3672
vn 0.3672 0.2817 0.8865
vn 0.8865 0.3672 0.2817
vn 0.2817 -0.8865 -0.3672
vn 0.3672 -0.2817 -0.8865
vn 0.8865 -0.3672 -0.2817
vn 0.3672 0.8865 -0.2817
vn 0.8865 0.2817 -0.3672
vn 0.2817 0.3672 -0.8865
s 0
usemtl Stone_Light
f 4977//6174 4981//6174 4983//6174
f 4978//6175 4981//6175 4980//6175
f 4979//6176 4981//6176 4982//6176
f 4984//6177 4988//6177 4990//6177
f 4985//6178 4988//6178 4987//6178
f 4986//6179 4988//6179 4989//6179
f 4991//6180 4995//6180 4997//6180
f 4992//6181 4995//6181 4994//6181
f 4993//6182 4995//6182 4996//6182
f 4998//6183 5002//6183 5004//6183
f 4999//6184 5002//6184 5001//6184
f 5000//6185 5002//6185 5003//6185
f 5005//6186 5009//6186 5011//6186
f 5006//6187 5009//6187 5008//6187
f 5007//6188 5009//6188 5010//6188
f 5012//6189 5016//6189 5018//6189
f 5013//6190 5016//6190 5015//6190
f 5014//6191 5016//6191 5017//6191
f 5019//6192 5023//6192 5025//6192
f 5020//6193 5023//6193 5022//6193
f 5021//6194 5023//6194 5024//6194
f 5026//6195 5030//6195 5032//6195
f 5027//6196 5030//6196 5029//6196
f 5028//6197 5030//6197 5031//6197
f 4977//6198 4994//6198 4991//6198
f 4983//6199 4992//6199 4994//6199
f 4984//6200 4982//6200 4978//6200
f 4990//6201 4979//6201 4982//6201
f 4998//6202 4989//6202 4985//6202
f 5004//6203 4986//6203 4989//6203
f 4993//6204 5003//6204 4999//6204
f 4996//6205 5000//6205 5003//6205
f 4991//6206 5022//6206 5019//6206
f 4997//6207 5020//6207 5022//6207
f 5026//6208 5001//6208 4998//6208
f 5032//6209 4999//6209 5001//6209
f 5021//6210 5031//6210 5027//6210
f 5024//6211 5028//6211 5031//6211
f 5019//6212 5008//6212 5005//6212
f 5025//6213 5006//6213 5008//6213
f 5012//6214 5029//6214 5026//6214
f 5018//6215 5027//6215 5029//6215
f 5007//6216 5017//6216 5013//6216
f 5010//6217 5014//6217 5017//6217
f 5005//6218 4980//6218 4977//6218
f 5011//6219 4978//6219 4980//6219
f 4985//6220 5015//6220 5012//6220
f 4987//6221 5013//6221 5015//6221
f 5019//6222 4977//6222 4991//6222
f 4986//6223 4992//6223 4979//6223
f 5013//6224 4978//6224 5007//6224
f 4998//6225 5012//6225 5026//6225
f 4999//6226 5020//6226 4993//6226
f 5027//6227 5006//6227 5021//6227
f 4977//6228 4980//6228 4981//6228
f 4978//6229 4982//6229 4981//6229
f 4979//6230 4983//6230 4981//6230
f 4984//6231 4987//6231 4988//6231
f 4985//6232 4989//6232 4988//6232
f 4986//6233 4990//6233 4988//6233
f 4991//6234 4994//6234 4995//6234
f 4992//6235 4996//6235 4995//6235
f 4993//6236 4997//6236 4995//6236
f 4998//6237 5001//6237 5002//6237
f 4999//6238 5003//6238 5002//6238
f 5000//6239 5004//6239 5002//6239
f 5005//6240 5008//6240 5009//6240
f 5006//6241 5010//6241 5009//6241
f 5007//6242 5011//6242 5009//6242
f 5012//6243 5015//6243 5016//6243
f 5013//6244 5017//6244 5016//6244
f 5014//6245 5018//6245 5016//6245
f 5019//6246 5022//6246 5023//6246
f 5020//6247 5024//6247 5023//6247
f 5021//6248 5025//6248 5023//6248
f 5026//6249 5029//6249 5030//6249
f 5027//6250 5031//6250 5030//6250
f 5028//6251 5032//6251 5030//6251
f 4977//6198 4983//6198 4994//6198
f 4983//6199 4979//6199 4992//6199
f 4984//6200 4990//6200 4982//6200
f 4990//6201 4986//6201 4979//6201
f 4998//6202 5004//6202 4989//6202
f 5004//6203 5000//6203 4986//6203
f 4993//6204 4996//6204 5003//6204
f 4996//6205 4992//6205 5000//6205
f 4991//6206 4997//6206 5022//6206
f 4997//6207 4993//6207 5020//6207
f 5026//6208 5032//6208 5001//6208
f 5032//6209 5028//6209 4999//6209
f 5021//6210 5024//6210 5031//6210
f 5024//6211 5020//6211 5028//6211
f 5019//6212 5025//6212 5008//6212
f 5025//6213 5021//6213 5006//6213
f 5012//6214 5018//6214 5029//6214
f 5018//6215 5014//6215 5027//6215
f 5007//6216 5010//6216 5017//6216
f 5010//6217 5006//6217 5014//6217
f 5005//6218 5011//6218 4980//6218
f 5011//6219 5007//6219 4978//6219
f 4985//6220 4987//6220 5015//6220
f 4987//6221 4984//6221 5013//6221
f 5019//6222 5005//6222 4977//6222
f 4986//6223 5000//6223 4992//6223
f 5013//6224 4984//6224 4978//6224
f 4998//6225 4985//6225 5012//6225
f 4999//6226 5028//6226 5020//6226
f 5027//6227 5014//6227 5006//6227
o NorthRail_1_22
v 20.290001 0.200000 24.530001
v 20.290001 0.240000 24.570000
v 20.250000 0.240000 24.530001
v 20.290001 0.211716 24.558285
v 20.266907 0.216906 24.553095
v 20.261715 0.240000 24.558285
v 20.261715 0.211716 24.530001
v 20.290001 0.860000 24.570000
v 20.290001 0.900000 24.530001
v 20.250000 0.860000 24.530001
v 20.290001 0.888284 24.558285
v 20.266907 0.883094 24.553095
v 20.261715 0.888284 24.530001
v 20.261715 0.860000 24.558285
v 20.290001 0.200000 24.469999
v 20.250000 0.240000 24.469999
v 20.290001 0.240000 24.430000
v 20.261715 0.211716 24.469999
v 20.266907 0.216906 24.446905
v 20.261715 0.240000 24.441715
v 20.290001 0.211716 24.441715
v 20.290001 0.900000 24.469999
v 20.290001 0.860000 24.430000
v 20.250000 0.860000 24.469999
v 20.290001 0.888284 24.441715
v 20.266907 0.883094 24.446905
v 20.261715 0.860000 24.441715
v 20.261715 0.888284 24.469999
v 23.709999 0.200000 24.530001
v 23.750000 0.240000 24.530001
v 23.709999 0.240000 24.570000
v 23.738285 0.211716 24.530001
v 23.733093 0.216906 24.553095
v 23.738285 0.240000 24.558285
v 23.709999 0.211716 24.558285
v 23.709999 0.900000 24.530001
v 23.709999 0.860000 24.570000
v 23.750000 0.860000 24.530001
v 23.709999 0.888284 24.558285
v 23.733093 0.883094 24.553095
v 23.738285 0.860000 24.558285
v 23.738285 0.888284 24.530001
v 23.709999 0.200000 24.469999
v 23.709999 0.240000 24.430000
v 23.750000 0.240000 24.469999
v 23.709999 0.211716 24.441715
v 23.733093 0.216906 24.446905
v 23.738285 0.240000 24.441715
v 23.738285 0.211716 24.469999
v 23.709999 0.900000 24.469999
v 23.750000 0.860000 24.469999
v 23.709999 0.860000 24.430000
v 23.738285 0.888284 24.469999
v 23.733093 0.883094 24.446905
v 23.738285 0.860000 24.441715
v 23.709999 0.888284 24.441715
vn -0.3672 -0.8865 0.2817
vn -0.2817 -0.3672 0.8865
vn -0.8865 -0.2817 0.3672
vn -0.3672 0.2817 0.8865
vn -0.2817 0.8865 0.3672
vn -0.8865 0.3672 0.2817
vn -0.2817 -0.8865 -0.3672
vn -0.8865 -0.3672 -0.2817
vn -0.3672 -0.2817 -0.8865
vn -0.3672 0.8865 -0.2817
vn -0.2817 0.3672 -0.8865
vn -0.8865 0.2817 -0.3672
vn 0.2817 -0.8865 0.3672
vn 0.8865 -0.3672 0.2817
vn 0.3672 -0.2817 0.8865
vn 0.3672 0.8865 0.2817
vn 0.2817 0.3672 0.8865
vn 0.8865 0.2817 0.3672
vn 0.3672 -0.8865 -0.2817
vn 0.2817 -0.3672 -0.8865
vn 0.8865 -0.2817 -0.3672
vn 0.2817 0.8865 -0.3672
vn 0.8865 0.3672 -0.2817
vn 0.3672 0.2817 -0.8865
vn -0.3827 -0.9239 -0.0000
vn -0.9239 -0.3827 -0.0000
vn -0.3827 -0.0000 0.9239
vn -0.9239 -0.0000 0.3827
vn -0.3827 0.9239 -0.0000
vn -0.9239 0.3827 -0.0000
vn -0.3827 -0.0000 -0.9239
vn -0.9239 -0.0000 -0.3827
vn -0.0000 -0.9239 -0.3827
vn -0.0000 -0.3827 -0.9239
vn -0.0000 0.9239 -0.3827
vn -0.0000 0.3827 -0.9239
vn 0.9239 -0.0000 -0.3827
vn 0.3827 -0.0000 -0.9239
vn 0.3827 -0.9239 -0.0000
vn 0.9239 -0.3827 -0.0000
vn 0.3827 0.9239 -0.0000
vn 0.9239 0.3827 -0.0000
vn 0.3827 -0.0000 0.9239
vn 0.9239 -0.0000 0.3827
vn -0.0000 -0.9239 0.3827
vn -0.0000 -0.3827 0.9239
vn -0.0000 0.9239 0.3827
vn -0.0000 0.3827 0.9239
vn -0.0000 -1.0000 -0.0000
vn -1.0000 -0.0000 -0.0000
vn -0.0000 -0.0000 1.0000
vn -0.0000 1.0000 -0.0000
vn -0.0000 -0.0000 -1.0000
vn 1.0000 -0.0000 -0.0000
vn -0.2817 -0.8865 0.3672
vn -0.3672 -0.2817 0.8865
vn -0.8865 -0.3672 0.2817
vn -0.2817 0.3672 0.8865
vn -0.3672 0.8865 0.2817
vn -0.8865 0.2817 0.3672
vn -0.3672 -0.8865 -0.2817
vn -0.8865 -0.2817 -0.3672
vn -0.2817 -0.3672 -0.8865
vn -0.2817 0.8865 -0.3672
vn -0.3672 0.2817 -0.8865
vn -0.8865 0.3672 -0.2817
vn 0.3672 -0.8865 0.2817
vn 0.8865 -0.2817 0.3672
vn 0.2817 -0.3672 0.8865
vn 0.2817 0.8865 0.3672
vn 0.3672 0.2817 0.8865
vn 0.8865 0.3672 0.2817
vn 0.2817 -0.8865 -0.3672
vn 0.3672 -0.2817 -0.8865
vn 0.8865 -0.3672 -0.2817
vn 0.3672 0.8865 -0.2817
vn 0.8865 0.2817 -0.3672
vn 0.2817 0.3672 -0.8865
s 0
usemtl Stone_Light
f 5033//6252 5037//6252 5039//6252
f 5034//6253 5037//6253 5036//6253
f 5035//6254 5037//6254 5038//6254
f 5040//6255 5044//6255 5046//6255
f 5041//6256 5044//6256 5043//6256
f 5042//6257 5044//6257 5045//6257
f 5047//6258 5051//6258 5053//6258
f 5048//6259 5051//6259 5050//6259
f 5049//6260 5051//6260 5052//6260
f 5054//6261 5058//6261 5060//6261
f 5055//6262 5058//6262 5057//6262
f 5056//6263 5058//6263 5059//6263
f 5061//6264 5065//6264 5067//6264
f 5062//6265 5065//6265 5064//6265
f 5063//6266 5065//6266 5066//6266
f 5068//6267 5072//6267 5074//6267
f 5069//6268 5072//6268 5071//6268
f 5070//6269 5072//6269 5073//6269
f 5075//6270 5079//6270 5081//6270
f 5076//6271 5079//6271 5078//6271
f 5077//6272 5079//6272 5080//6272
f 5082//6273 5086//6273 5088//6273
f 5083//6274 5086//6274 5085//6274
f 5084//6275 5086//6275 5087//6275
f 5033//6276 5050//6276 5047//6276
f 5039//6277 5048//6277 5050//6277
f 5040//6278 5038//6278 5034//6278
f 5046//6279 5035//6279 5038//6279
f 5054//6280 5045//6280 5041//6280
f 5060//6281 5042//6281 5045//6281
f 5049//6282 5059//6282 5055//6282
f 5052//6283 5056//6283 5059//6283
f 5047//6284 5078//6284 5075//6284
f 5053//6285 5076//6285 5078//6285
f 5082//6286 5057//6286 5054//6286
f 5088//6287 5055//6287 5057//6287
f 5077//6288 5087//6288 5083//6288
f 5080//6289 5084//6289 5087//6289
f 5075//6290 5064//6290 5061//6290
f 5081//6291 5062//6291 5064//6291
f 5068//6292 5085//6292 5082//6292
f 5074//6293 5083//6293 5085//6293
f 5063//6294 5073//6294 5069//6294
f 5066//6295 5070//6295 5073//6295
f 5061//6296 5036//6296 5033//6296
f 5067//6297 5034//6297 5036//6297
f 5041//6298 5071//6298 5068//6298
f 5043//6299 5069//6299 5071//6299
f 5075//6300 5033//6300 5047//6300
f 5042//6301 5048//6301 5035//6301
f 5069//6302 5034//6302 5063//6302
f 5054//6303 5068//6303 5082//6303
f 5055//6304 5076//6304 5049//6304
f 5083//6305 5062//6305 5077//6305
f 5033//6306 5036//6306 5037//6306
f 5034//6307 5038//6307 5037//6307
f 5035//6308 5039//6308 5037//6308
f 5040//6309 5043//6309 5044//6309
f 5041//6310 5045//6310 5044//6310
f 5042//6311 5046//6311 5044//6311
f 5047//6312 5050//6312 5051//6312
f 5048//6313 5052//6313 5051//6313
f 5049//6314 5053//6314 5051//6314
f 5054//6315 5057//6315 5058//6315
f 5055//6316 5059//6316 5058//6316
f 5056//6317 5060//6317 5058//6317
f 5061//6318 5064//6318 5065//6318
f 5062//6319 5066//6319 5065//6319
f 5063//6320 5067//6320 5065//6320
f 5068//6321 5071//6321 5072//6321
f 5069//6322 5073//6322 5072//6322
f 5070//6323 5074//6323 5072//6323
f 5075//6324 5078//6324 5079//6324
f 5076//6325 5080//6325 5079//6325
f 5077//6326 5081//6326 5079//6326
f 5082//6327 5085//6327 5086//6327
f 5083//6328 5087//6328 5086//6328
f 5084//6329 5088//6329 5086//6329
f 5033//6276 5039//6276 5050//6276
f 5039//6277 5035//6277 5048//6277
f 5040//6278 5046//6278 5038//6278
f 5046//6279 5042//6279 5035//6279
f 5054//6280 5060//6280 5045//6280
f 5060//6281 5056//6281 5042//6281
f 5049//6282 5052//6282 5059//6282
f 5052//6283 5048//6283 5056//6283
f 5047//6284 5053//6284 5078//6284
f 5053//6285 5049//6285 5076//6285
f 5082//6286 5088//6286 5057//6286
f 5088//6287 5084//6287 5055//6287
f 5077//6288 5080//6288 5087//6288
f 5080//6289 5076//6289 5084//6289
f 5075//6290 5081//6290 5064//6290
f 5081//6291 5077//6291 5062//6291
f 5068//6292 5074//6292 5085//6292
f 5074//6293 5070//6293 5083//6293
f 5063//6294 5066//6294 5073//6294
f 5066//6295 5062//6295 5070//6295
f 5061//6296 5067//6296 5036//6296
f 5067//6297 5063//6297 5034//6297
f 5041//6298 5043//6298 5071//6298
f 5043//6299 5040//6299 5069//6299
f 5075//6300 5061//6300 5033//6300
f 5042//6301 5056//6301 5048//6301
f 5069//6302 5040//6302 5034//6302
f 5054//6303 5041//6303 5068//6303
f 5055//6304 5084//6304 5076//6304
f 5083//6305 5070//6305 5062//6305
o NorthRail_1_26
v 24.290001 0.200000 24.530001
v 24.290001 0.240000 24.570000
v 24.250000 0.240000 24.530001
v 24.290001 0.211716 24.558285
v 24.266907 0.216906 24.553095
v 24.261715 0.240000 24.558285
v 24.261715 0.211716 24.530001
v 24.290001 0.860000 24.570000
v 24.290001 0.900000 24.530001
v 24.250000 0.860000 24.530001
v 24.290001 0.888284 24.558285
v 24.266907 0.883094 24.553095
v 24.261715 0.888284 24.530001
v 24.261715 0.860000 24.558285
v 24.290001 0.200000 24.469999
v 24.250000 0.240000 24.469999
v 24.290001 0.240000 24.430000
v 24.261715 0.211716 24.469999
v 24.266907 0.216906 24.446905
v 24.261715 0.240000 24.441715
v 24.290001 0.211716 24.441715
v 24.290001 0.900000 24.469999
v 24.290001 0.860000 24.430000
v 24.250000 0.860000 24.469999
v 24.290001 0.888284 24.441715
v 24.266907 0.883094 24.446905
v 24.261715 0.860000 24.441715
v 24.261715 0.888284 24.469999
v 27.709999 0.200000 24.530001
v 27.750000 0.240000 24.530001
v 27.709999 0.240000 24.570000
v 27.738285 0.211716 24.530001
v 27.733093 0.216906 24.553095
v 27.738285 0.240000 24.558285
v 27.709999 0.211716 24.558285
v 27.709999 0.900000 24.530001
v 27.709999 0.860000 24.570000
v 27.750000 0.860000 24.530001
v 27.709999 0.888284 24.558285
v 27.733093 0.883094 24.553095
v 27.738285 0.860000 24.558285
v 27.738285 0.888284 24.530001
v 27.709999 0.200000 24.469999
v 27.709999 0.240000 24.430000
v 27.750000 0.240000 24.469999
v 27.709999 0.211716 24.441715
v 27.733093 0.216906 24.446905
v 27.738285 0.240000 24.441715
v 27.738285 0.211716 24.469999
v 27.709999 0.900000 24.469999
v 27.750000 0.860000 24.469999
v 27.709999 0.860000 24.430000
v 27.738285 0.888284 24.469999
v 27.733093 0.883094 24.446905
v 27.738285 0.860000 24.441715
v 27.709999 0.888284 24.441715
vn -0.3672 -0.8865 0.2817
vn -0.2817 -0.3672 0.8865
vn -0.8865 -0.2817 0.3672
vn -0.3672 0.2817 0.8865
vn -0.2817 0.8865 0.3672
vn -0.8865 0.3672 0.2817
vn -0.2817 -0.8865 -0.3672
vn -0.8865 -0.3672 -0.2817
vn -0.3672 -0.2817 -0.8865
vn -0.3672 0.8865 -0.2817
vn -0.2817 0.3672 -0.8865
vn -0.8865 0.2817 -0.3672
vn 0.2817 -0.8865 0.3672
vn 0.8865 -0.3672 0.2817
vn 0.3672 -0.2817 0.8865
vn 0.3672 0.8865 0.2817
vn 0.2817 0.3672 0.8865
vn 0.8865 0.2817 0.3672
vn 0.3672 -0.8865 -0.2817
vn 0.2817 -0.3672 -0.8865
vn 0.8865 -0.2817 -0.3672
vn 0.2817 0.8865 -0.3672
vn 0.8865 0.3672 -0.2817
vn 0.3672 0.2817 -0.8865
vn -0.3827 -0.9239 -0.0000
vn -0.9239 -0.3827 -0.0000
vn -0.3827 -0.0000 0.9239
vn -0.9239 -0.0000 0.3827
vn -0.3827 0.9239 -0.0000
vn -0.9239 0.3827 -0.0000
vn -0.3827 -0.0000 -0.9239
vn -0.9239 -0.0000 -0.3827
vn -0.0000 -0.9239 -0.3827
vn -0.0000 -0.3827 -0.9239
vn -0.0000 0.9239 -0.3827
vn -0.0000 0.3827 -0.9239
vn 0.9239 -0.0000 -0.3827
vn 0.3827 -0.0000 -0.9239
vn 0.3827 -0.9239 -0.0000
vn 0.9239 -0.3827 -0.0000
vn 0.3827 0.9239 -0.0000
vn 0.9239 0.3827 -0.0000
vn 0.3827 -0.0000 0.9239
vn 0.9239 -0.0000 0.3827
vn -0.0000 -0.9239 0.3827
vn -0.0000 -0.3827 0.9239
vn -0.0000 0.9239 0.3827
vn -0.0000 0.3827 0.9239
vn -0.0000 -1.0000 -0.0000
vn -1.0000 -0.0000 -0.0000
vn -0.0000 -0.0000 1.0000
vn -0.0000 1.0000 -0.0000
vn -0.0000 -0.0000 -1.0000
vn 1.0000 -0.0000 -0.0000
vn -0.2817 -0.8865 0.3672
vn -0.3672 -0.2817 0.8865
vn -0.8865 -0.3672 0.2817
vn -0.2817 0.3672 0.8865
vn -0.3672 0.8865 0.2817
vn -0.8865 0.2817 0.3672
vn -0.3672 -0.8865 -0.2817
vn -0.8865 -0.2817 -0.3672
vn -0.2817 -0.3672 -0.8865
vn -0.2817 0.8865 -0.3672
vn -0.3672 0.2817 -0.8865
vn -0.8865 0.3672 -0.2817
vn 0.3672 -0.8865 0.2817
vn 0.8865 -0.2817 0.3672
vn 0.2817 -0.3672 0.8865
vn 0.2817 0.8865 0.3672
vn 0.3672 0.2817 0.8865
vn 0.8865 0.3672 0.2817
vn 0.2817 -0.8865 -0.3672
vn 0.3672 -0.2817 -0.8865
vn 0.8865 -0.3672 -0.2817
vn 0.3672 0.8865 -0.2817
vn 0.8865 0.2817 -0.3672
vn 0.2817 0.3672 -0.8865
s 0
usemtl Stone_Light
f 5089//6330 5093//6330 5095//6330
f 5090//6331 5093//6331 5092//6331
f 5091//6332 5093//6332 5094//6332
f 5096//6333 5100//6333 5102//6333
f 5097//6334 5100//6334 5099//6334
f 5098//6335 5100//6335 5101//6335
f 5103//6336 5107//6336 5109//6336
f 5104//6337 5107//6337 5106//6337
f 5105//6338 5107//6338 5108//6338
f 5110//6339 5114//6339 5116//6339
f 5111//6340 5114//6340 5113//6340
f 5112//6341 5114//6341 5115//6341
f 5117//6342 5121//6342 5123//6342
f 5118//6343 5121//6343 5120//6343
f 5119//6344 5121//6344 5122//6344
f 5124//6345 5128//6345 5130//6345
f 5125//6346 5128//6346 5127//6346
f 5126//6347 5128//6347 5129//6347
f 5131//6348 5135//6348 5137//6348
f 5132//6349 5135//6349 5134//6349
f 5133//6350 5135//6350 5136//6350
f 5138//6351 5142//6351 5144//6351
f 5139//6352 5142//6352 5141//6352
f 5140//6353 5142//6353 5143//6353
f 5089//6354 5106//6354 5103//6354
f 5095//6355 5104//6355 5106//6355
f 5096//6356 5094//6356 5090//6356
f 5102//6357 5091//6357 5094//6357
f 5110//6358 5101//6358 5097//6358
f 5116//6359 5098//6359 5101//6359
f 5105//6360 5115//6360 5111//6360
f 5108//6361 5112//6361 5115//6361
f 5103//6362 5134//6362 5131//6362
f 5109//6363 5132//6363 5134//6363
f 5138//6364 5113//6364 5110//6364
f 5144//6365 5111//6365 5113//6365
f 5133//6366 5143//6366 5139//6366
f 5136//6367 5140//6367 5143//6367
f 5131//6368 5120//6368 5117//6368
f 5137//6369 5118//6369 5120//6369
f 5124//6370 5141//6370 5138//6370
f 5130//6371 5139//6371 5141//6371
f 5119//6372 5129//6372 5125//6372
f 5122//6373 5126//6373 5129//6373
f 5117//6374 5092//6374 5089//6374
f 5123//6375 5090//6375 5092//6375
f 5097//6376 5127//6376 5124//6376
f 5099//6377 5125//6377 5127//6377
f 5131//6378 5089//6378 5103//6378
f 5098//6379 5104//6379 5091//6379
f 5125//6380 5090//6380 5119//6380
f 5110//6381 5124//6381 5138//6381
f 5111//6382 5132//6382 5105//6382
f 5139//6383 5118//6383 5133//6383
f 5089//6384 5092//6384 5093//6384
f 5090//6385 5094//6385 5093//6385
f 5091//6386 5095//6386 5093//6386
f 5096//6387 5099//6387 5100//6387
f 5097//6388 5101//6388 5100//6388
f 5098//6389 5102//6389 5100//6389
f 5103//6390 5106//6390 5107//6390
f 5104//6391 5108//6391 5107//6391
f 5105//6392 5109//6392 5107//6392
f 5110//6393 5113//6393 5114//6393
f 5111//6394 5115//6394 5114//6394
f 5112//6395 5116//6395 5114//6395
f 5117//6396 5120//6396 5121//6396
f 5118//6397 5122//6397 5121//6397
f 5119//6398 5123//6398 5121//6398
f 5124//6399 5127//6399 5128//6399
f 5125//6400 5129//6400 5128//6400
f 5126//6401 5130//6401 5128//6401
f 5131//6402 5134//6402 5135//6402
f 5132//6403 5136//6403 5135//6403
f 5133//6404 5137//6404 5135//6404
f 5138//6405 5141//6405 5142//6405
f 5139//6406 5143//6406 5142//6406
f 5140//6407 5144//6407 5142//6407
f 5089//6354 5095//6354 5106//6354
f 5095//6355 5091//6355 5104//6355
f 5096//6356 5102//6356 5094//6356
f 5102//6357 5098//6357 5091//6357
f 5110//6358 5116//6358 5101//6358
f 5116//6359 5112//6359 5098//6359
f 5105//6360 5108//6360 5115//6360
f 5108//6361 5104//6361 5112//6361
f 5103//6362 5109//6362 5134//6362
f 5109//6363 5105//6363 5132//6363
f 5138//6364 5144//6364 5113//6364
f 5144//6365 5140//6365 5111//6365
f 5133//6366 5136//6366 5143//6366
f 5136//6367 5132//6367 5140//6367
f 5131//6368 5137//6368 5120//6368
f 5137//6369 5133//6369 5118//6369
f 5124//6370 5130//6370 5141//6370
f 5130//6371 5126//6371 5139//6371
f 5119//6372 5122//6372 5129//6372
f 5122//6373 5118//6373 5126//6373
f 5117//6374 5123//6374 5092//6374
f 5123//6375 5119//6375 5090//6375
f 5097//6376 5099//6376 5127//6376
f 5099//6377 5096//6377 5125//6377
f 5131//6378 5117//6378 5089//6378
f 5098//6379 5112//6379 5104//6379
f 5125//6380 5096//6380 5090//6380
f 5110//6381 5097//6381 5124//6381
f 5111//6382 5140//6382 5132//6382
f 5139//6383 5126//6383 5118//6383
o NorthRail_1_30
v 28.290001 0.200000 24.530001
v 28.290001 0.240000 24.570000
v 28.250000 0.240000 24.530001
v 28.290001 0.211716 24.558285
v 28.266907 0.216906 24.553095
v 28.261715 0.240000 24.558285
v 28.261715 0.211716 24.530001
v 28.290001 0.860000 24.570000
v 28.290001 0.900000 24.530001
v 28.250000 0.860000 24.530001
v 28.290001 0.888284 24.558285
v 28.266907 0.883094 24.553095
v 28.261715 0.888284 24.530001
v 28.261715 0.860000 24.558285
v 28.290001 0.200000 24.469999
v 28.250000 0.240000 24.469999
v 28.290001 0.240000 24.430000
v 28.261715 0.211716 24.469999
v 28.266907 0.216906 24.446905
v 28.261715 0.240000 24.441715
v 28.290001 0.211716 24.441715
v 28.290001 0.900000 24.469999
v 28.290001 0.860000 24.430000
v 28.250000 0.860000 24.469999
v 28.290001 0.888284 24.441715
v 28.266907 0.883094 24.446905
v 28.261715 0.860000 24.441715
v 28.261715 0.888284 24.469999
v 31.709999 0.200000 24.530001
v 31.750000 0.240000 24.530001
v 31.709999 0.240000 24.570000
v 31.738285 0.211716 24.530001
v 31.733093 0.216906 24.553095
v 31.738285 0.240000 24.558285
v 31.709999 0.211716 24.558285
v 31.709999 0.900000 24.530001
v 31.709999 0.860000 24.570000
v 31.750000 0.860000 24.530001
v 31.709999 0.888284 24.558285
v 31.733093 0.883094 24.553095
v 31.738285 0.860000 24.558285
v 31.738285 0.888284 24.530001
v 31.709999 0.200000 24.469999
v 31.709999 0.240000 24.430000
v 31.750000 0.240000 24.469999
v 31.709999 0.211716 24.441715
v 31.733093 0.216906 24.446905
v 31.738285 0.240000 24.441715
v 31.738285 0.211716 24.469999
v 31.709999 0.900000 24.469999
v 31.750000 0.860000 24.469999
v 31.709999 0.860000 24.430000
v 31.738285 0.888284 24.469999
v 31.733093 0.883094 24.446905
v 31.738285 0.860000 24.441715
v 31.709999 0.888284 24.441715
vn -0.3672 -0.8865 0.2817
vn -0.2817 -0.3672 0.8865
vn -0.8865 -0.2817 0.3672
vn -0.3672 0.2817 0.8865
vn -0.2817 0.8865 0.3672
vn -0.8865 0.3672 0.2817
vn -0.2817 -0.8865 -0.3672
vn -0.8865 -0.3672 -0.2817
vn -0.3672 -0.2817 -0.8865
vn -0.3672 0.8865 -0.2817
vn -0.2817 0.3672 -0.8865
vn -0.8865 0.2817 -0.3672
vn 0.2817 -0.8865 0.3672
vn 0.8865 -0.3672 0.2817
vn 0.3672 -0.2817 0.8865
vn 0.3672 0.8865 0.2817
vn 0.2817 0.3672 0.8865
vn 0.8865 0.2817 0.3672
vn 0.3672 -0.8865 -0.2817
vn 0.2817 -0.3672 -0.8865
vn 0.8865 -0.2817 -0.3672
vn 0.2817 0.8865 -0.3672
vn 0.8865 0.3672 -0.2817
vn 0.3672 0.2817 -0.8865
vn -0.3827 -0.9239 -0.0000
vn -0.9239 -0.3827 -0.0000
vn -0.3827 -0.0000 0.9239
vn -0.9239 -0.0000 0.3827
vn -0.3827 0.9239 -0.0000
vn -0.9239 0.3827 -0.0000
vn -0.3827 -0.0000 -0.9239
vn -0.9239 -0.0000 -0.3827
vn -0.0000 -0.9239 -0.3827
vn -0.0000 -0.3827 -0.9239
vn -0.0000 0.9239 -0.3827
vn -0.0000 0.3827 -0.9239
vn 0.9239 -0.0000 -0.3827
vn 0.3827 -0.0000 -0.9239
vn 0.3827 -0.9239 -0.0000
vn 0.9239 -0.3827 -0.0000
vn 0.3827 0.9239 -0.0000
vn 0.9239 0.3827 -0.0000
vn 0.3827 -0.0000 0.9239
vn 0.9239 -0.0000 0.3827
vn -0.0000 -0.9239 0.3827
vn -0.0000 -0.3827 0.9239
vn -0.0000 0.9239 0.3827
vn -0.0000 0.3827 0.9239
vn -0.0000 -1.0000 -0.0000
vn -1.0000 -0.0000 -0.0000
vn -0.0000 -0.0000 1.0000
vn -0.0000 1.0000 -0.0000
vn -0.0000 -0.0000 -1.0000
vn 1.0000 -0.0000 -0.0000
vn -0.2817 -0.8865 0.3672
vn -0.3672 -0.2817 0.8865
vn -0.8865 -0.3672 0.2817
vn -0.2817 0.3672 0.8865
vn -0.3672 0.8865 0.2817
vn -0.8865 0.2817 0.3672
vn -0.3672 -0.8865 -0.2817
vn -0.8865 -0.2817 -0.3672
vn -0.2817 -0.3672 -0.8865
vn -0.2817 0.8865 -0.3672
vn -0.3672 0.2817 -0.8865
vn -0.8865 0.3672 -0.2817
vn 0.3672 -0.8865 0.2817
vn 0.8865 -0.2817 0.3672
vn 0.2817 -0.3672 0.8865
vn 0.2817 0.8865 0.3672
vn 0.3672 0.2817 0.8865
vn 0.8865 0.3672 0.2817
vn 0.2817 -0.8865 -0.3672
vn 0.3672 -0.2817 -0.8865
vn 0.8865 -0.3672 -0.2817
vn 0.3672 0.8865 -0.2817
vn 0.8865 0.2817 -0.3672
vn 0.2817 0.3672 -0.8865
s 0
usemtl Stone_Light
f 5145//6408 5149//6408 5151//6408
f 5146//6409 5149//6409 5148//6409
f 5147//6410 5149//6410 5150//6410
f 5152//6411 5156//6411 5158//6411
f 5153//6412 5156//6412 5155//6412
f 5154//6413 5156//6413 5157//6413
f 5159//6414 5163//6414 5165//6414
f 5160//6415 5163//6415 5162//6415
f 5161//6416 5163//6416 5164//6416
f 5166//6417 5170//6417 5172//6417
f 5167//6418 5170//6418 5169//6418
f 5168//6419 5170//6419 5171//6419
f 5173//6420 5177//6420 5179//6420
f 5174//6421 5177//6421 5176//6421
f 5175//6422 5177//6422 5178//6422
f 5180//6423 5184//6423 5186//6423
f 5181//6424 5184//6424 5183//6424
f 5182//6425 5184//6425 5185//6425
f 5187//6426 5191//6426 5193//6426
f 5188//6427 5191//6427 5190//6427
f 5189//6428 5191//6428 5192//6428
f 5194//6429 5198//6429 5200//6429
f 5195//6430 5198//6430 5197//6430
f 5196//6431 5198//6431 5199//6431
f 5145//6432 5162//6432 5159//6432
f 5151//6433 5160//6433 5162//6433
f 5152//6434 5150//6434 5146//6434
f 5158//6435 5147//6435 5150//6435
f 5166//6436 5157//6436 5153//6436
f 5172//6437 5154//6437 5157//6437
f 5161//6438 5171//6438 5167//6438
f 5164//6439 5168//6439 5171//6439
f 5159//6440 5190//6440 5187//6440
f 5165//6441 5188//6441 5190//6441
f 5194//6442 5169//6442 5166//6442
f 5200//6443 5167//6443 5169//6443
f 5189//6444 5199//6444 5195//6444
f 5192//6445 5196//6445 5199//6445
f 5187//6446 5176//6446 5173//6446
f 5193//6447 5174//6447 5176//6447
f 5180//6448 5197//6448 5194//6448
f 5186//6449 5195//6449 5197//6449
f 5175//6450 5185//6450 5181//6450
f 5178//6451 5182//6451 5185//6451
f 5173//6452 5148//6452 5145//6452
f 5179//6453 5146//6453 5148//6453
f 5153//6454 5183//6454 5180//6454
f 5155//6455 5181//6455 5183//6455
f 5187//6456 5145//6456 5159//6456
f 5154//6457 5160//6457 5147//6457
f 5181//6458 5146//6458 5175//6458
f 5166//6459 5180//6459 5194//6459
f 5167//6460 5188//6460 5161//6460
f 5195//6461 5174//6461 5189//6461
f 5145//6462 5148//6462 5149//6462
f 5146//6463 5150//6463 5149//6463
f 5147//6464 5151//6464 5149//6464
f 5152//6465 5155//6465 5156//6465
f 5153//6466 5157//6466 5156//6466
f 5154//6467 5158//6467 5156//6467
f 5159//6468 5162//6468 5163//6468
f 5160//6469 5164//6469 5163//6469
f 5161//6470 5165//6470 5163//6470
f 5166//6471 5169//6471 5170//6471
f 5167//6472 5171//6472 5170//6472
f 5168//6473 5172//6473 5170//6473
f 5173//6474 5176//6474 5177//6474
f 5174//6475 5178//6475 5177//6475
f 5175//6476 5179//6476 5177//6476
f 5180//6477 5183//6477 5184//6477
f 5181//6478 5185//6478 5184//6478
f 5182//6479 5186//6479 5184//6479
f 5187//6480 5190//6480 5191//6480
f 5188//6481 5192//6481 5191//6481
f 5189//6482 5193//6482 5191//6482
f 5194//6483 5197//6483 5198//6483
f 5195//6484 5199//6484 5198//6484
f 5196//6485 5200//6485 5198//6485
f 5145//6432 5151//6432 5162//6432
f 5151//6433 5147//6433 5160//6433
f 5152//6434 5158//6434 5150//6434
f 5158//6435 5154//6435 5147//6435
f 5166//6436 5172//6436 5157//6436
f 5172//6437 5168//6437 5154//6437
f 5161//6438 5164//6438 5171//6438
f 5164//6439 5160//6439 5168//6439
f 5159//6440 5165//6440 5190//6440
f 5165//6441 5161//6441 5188//6441
f 5194//6442 5200//6442 5169//6442
f 5200//6443 5196//6443 5167//6443
f 5189//6444 5192//6444 5199//6444
f 5192//6445 5188//6445 5196//6445
f 5187//6446 5193//6446 5176//6446
f 5193//6447 5189//6447 5174//6447
f 5180//6448 5186//6448 5197//6448
f 5186//6449 5182//6449 5195//6449
f 5175//6450 5178//6450 5185//6450
f 5178//6451 5174//6451 5182//6451
f 5173//6452 5179//6452 5148//6452
f 5179//6453 5175//6453 5146//6453
f 5153//6454 5155//6454 5183//6454
f 5155//6455 5152//6455 5181//6455
f 5187//6456 5173//6456 5145//6456
f 5154//6457 5168//6457 5160//6457
f 5181//6458 5152//6458 5146//6458
f 5166//6459 5153//6459 5180//6459
f 5167//6460 5196//6460 5188//6460
f 5195//6461 5182//6461 5174//6461
o NorthRail_1_34
v 32.290001 0.200000 24.530001
v 32.290001 0.240000 24.570000
v 32.250000 0.240000 24.530001
v 32.290001 0.211716 24.558285
v 32.266907 0.216906 24.553095
v 32.261715 0.240000 24.558285
v 32.261715 0.211716 24.530001
v 32.290001 0.860000 24.570000
v 32.290001 0.900000 24.530001
v 32.250000 0.860000 24.530001
v 32.290001 0.888284 24.558285
v 32.266907 0.883094 24.553095
v 32.261715 0.888284 24.530001
v 32.261715 0.860000 24.558285
v 32.290001 0.200000 24.469999
v 32.250000 0.240000 24.469999
v 32.290001 0.240000 24.430000
v 32.261715 0.211716 24.469999
v 32.266907 0.216906 24.446905
v 32.261715 0.240000 24.441715
v 32.290001 0.211716 24.441715
v 32.290001 0.900000 24.469999
v 32.290001 0.860000 24.430000
v 32.250000 0.860000 24.469999
v 32.290001 0.888284 24.441715
v 32.266907 0.883094 24.446905
v 32.261715 0.860000 24.441715
v 32.261715 0.888284 24.469999
v 35.709999 0.200000 24.530001
v 35.750000 0.240000 24.530001
v 35.709999 0.240000 24.570000
v 35.738285 0.211716 24.530001
v 35.733093 0.216906 24.553095
v 35.738285 0.240000 24.558285
v 35.709999 0.211716 24.558285
v 35.709999 0.900000 24.530001
v 35.709999 0.860000 24.570000
v 35.750000 0.860000 24.530001
v 35.709999 0.888284 24.558285
v 35.733093 0.883094 24.553095
v 35.738285 0.860000 24.558285
v 35.738285 0.888284 24.530001
v 35.709999 0.200000 24.469999
v 35.709999 0.240000 24.430000
v 35.750000 0.240000 24.469999
v 35.709999 0.211716 24.441715
v 35.733093 0.216906 24.446905
v 35.738285 0.240000 24.441715
v 35.738285 0.211716 24.469999
v 35.709999 0.900000 24.469999
v 35.750000 0.860000 24.469999
v 35.709999 0.860000 24.430000
v 35.738285 0.888284 24.469999
v 35.733093 0.883094 24.446905
v 35.738285 0.860000 24.441715
v 35.709999 0.888284 24.441715
vn -0.3672 -0.8865 0.2817
vn -0.2817 -0.3672 0.8865
vn -0.8865 -0.2817 0.3672
vn -0.3672 0.2817 0.8865
vn -0.2817 0.8865 0.3672
vn -0.8865 0.3672 0.2817
vn -0.2817 -0.8865 -0.3672
vn -0.8865 -0.3672 -0.2817
vn -0.3672 -0.2817 -0.8865
vn -0.3672 0.8865 -0.2817
vn -0.2817 0.3672 -0.8865
vn -0.8865 0.2817 -0.3672
vn 0.2817 -0.8865 0.3672
vn 0.8865 -0.3672 0.2817
vn 0.3672 -0.2817 0.8865
vn 0.3672 0.8865 0.2817
vn 0.2817 0.3672 0.8865
vn 0.8865 0.2817 0.3672
vn 0.3672 -0.8865 -0.2817
vn 0.2817 -0.3672 -0.8865
vn 0.8865 -0.2817 -0.3672
vn 0.2817 0.8865 -0.3672
vn 0.8865 0.3672 -0.2817
vn 0.3672 0.2817 -0.8865
vn -0.3827 -0.9239 -0.0000
vn -0.9239 -0.3827 -0.0000
vn -0.3827 -0.0000 0.9239
vn -0.9239 -0.0000 0.3827
vn -0.3827 0.9239 -0.0000
vn -0.9239 0.3827 -0.0000
vn -0.3827 -0.0000 -0.9239
vn -0.9239 -0.0000 -0.3827
vn -0.0000 -0.9239 -0.3827
vn -0.0000 -0.3827 -0.9239
vn -0.0000 0.9239 -0.3827
vn -0.0000 0.3827 -0.9239
vn 0.9239 -0.0000 -0.3827
vn 0.3827 -0.0000 -0.9239
vn 0.3827 -0.9239 -0.0000
vn 0.9239 -0.3827 -0.0000
vn 0.3827 0.9239 -0.0000
vn 0.9239 0.3827 -0.0000
vn 0.3827 -0.0000 0.9239
vn 0.9239 -0.0000 0.3827
vn -0.0000 -0.9239 0.3827
vn -0.0000 -0.3827 0.9239
vn -0.0000 0.9239 0.3827
vn -0.0000 0.3827 0.9239
vn -0.0000 -1.0000 -0.0000
vn -1.0000 -0.0000 -0.0000
vn -0.0000 -0.0000 1.0000
vn -0.0000 1.0000 -0.0000
vn -0.0000 -0.0000 -1.0000
vn 1.0000 -0.0000 -0.0000
vn -0.2817 -0.8865 0.3672
vn -0.3672 -0.2817 0.8865
vn -0.8865 -0.3672 0.2817
vn -0.2817 0.3672 0.8865
vn -0.3672 0.8865 0.2817
vn -0.8865 0.2817 0.3672
vn -0.3672 -0.8865 -0.2817
vn -0.8865 -0.2817 -0.3672
vn -0.2817 -0.3672 -0.8865
vn -0.2817 0.8865 -0.3672
vn -0.3672 0.2817 -0.8865
vn -0.8865 0.3672 -0.2817
vn 0.3672 -0.8865 0.2817
vn 0.8865 -0.2817 0.3672
vn 0.2817 -0.3672 0.8865
vn 0.2817 0.8865 0.3672
vn 0.3672 0.2817 0.8865
vn 0.8865 0.3672 0.2817
vn 0.2817 -0.8865 -0.3672
vn 0.3672 -0.2817 -0.8865
vn 0.8865 -0.3672 -0.2817
vn 0.3672 0.8865 -0.2817
vn 0.8865 0.2817 -0.3672
vn 0.2817 0.3672 -0.8865
s 0
usemtl Stone_Light
f 5201//6486 5205//6486 5207//6486
f 5202//6487 5205//6487 5204//6487
f 5203//6488 5205//6488 5206//6488
f 5208//6489 5212//6489 5214//6489
f 5209//6490 5212//6490 5211//6490
f 5210//6491 5212//6491 5213//6491
f 5215//6492 5219//6492 5221//6492
f 5216//6493 5219//6493 5218//6493
f 5217//6494 5219//6494 5220//6494
f 5222//6495 5226//6495 5228//6495
f 5223//6496 5226//6496 5225//6496
f 5224//6497 5226//6497 5227//6497
f 5229//6498 5233//6498 5235//6498
f 5230//6499 5233//6499 5232//6499
f 5231//6500 5233//6500 5234//6500
f 5236//6501 5240//6501 5242//6501
f 5237//6502 5240//6502 5239//6502
f 5238//6503 5240//6503 5241//6503
f 5243//6504 5247//6504 5249//6504
f 5244//6505 5247//6505 5246//6505
f 5245//6506 5247//6506 5248//6506
f 5250//6507 5254//6507 5256//6507
f 5251//6508 5254//6508 5253//6508
f 5252//6509 5254//6509 5255//6509
f 5201//6510 5218//6510 5215//6510
f 5207//6511 5216//6511 5218//6511
f 5208//6512 5206//6512 5202//6512
f 5214//6513 5203//6513 5206//6513
f 5222//6514 5213//6514 5209//6514
f 5228//6515 5210//6515 5213//6515
f 5217//6516 5227//6516 5223//6516
f 5220//6517 5224//6517 5227//6517
f 5215//6518 5246//6518 5243//6518
f 5221//6519 5244//6519 5246//6519
f 5250//6520 5225//6520 5222//6520
f 5256//6521 5223//6521 5225//6521
f 5245//6522 5255//6522 5251//6522
f 5248//6523 5252//6523 5255//6523
f 5243//6524 5232//6524 5229//6524
f 5249//6525 5230//6525 5232//6525
f 5236//6526 5253//6526 5250//6526
f 5242//6527 5251//6527 5253//6527
f 5231//6528 5241//6528 5237//6528
f 5234//6529 5238//6529 5241//6529
f 5229//6530 5204//6530 5201//6530
f 5235//6531 5202//6531 5204//6531
f 5209//6532 5239//6532 5236//6532
f 5211//6533 5237//6533 5239//6533
f 5243//6534 5201//6534 5215//6534
f 5210//6535 5216//6535 5203//6535
f 5237//6536 5202//6536 5231//6536
f 5222//6537 5236//6537 5250//6537
f 5223//6538 5244//6538 5217//6538
f 5251//6539 5230//6539 5245//6539
f 5201//6540 5204//6540 5205//6540
f 5202//6541 5206//6541 5205//6541
f 5203//6542 5207//6542 5205//6542
f 5208//6543 5211//6543 5212//6543
f 5209//6544 5213//6544 5212//6544
f 5210//6545 5214//6545 5212//6545
f 5215//6546 5218//6546 5219//6546
f 5216//6547 5220//6547 5219//6547
f 5217//6548 5221//6548 5219//6548
f 5222//6549 5225//6549 5226//6549
f 5223//6550 5227//6550 5226//6550
f 5224//6551 5228//6551 5226//6551
f 5229//6552 5232//6552 5233//6552
f 5230//6553 5234//6553 5233//6553
f 5231//6554 5235//6554 5233//6554
f 5236//6555 5239//6555 5240//6555
f 5237//6556 5241//6556 5240//6556
f 5238//6557 5242//6557 5240//6557
f 5243//6558 5246//6558 5247//6558
f 5244//6559 5248//6559 5247//6559
f 5245//6560 5249//6560 5247//6560
f 5250//6561 5253//6561 5254//6561
f 5251//6562 5255//6562 5254//6562
f 5252//6563 5256//6563 5254//6563
f 5201//6510 5207//6510 5218//6510
f 5207//6511 5203//6511 5216//6511
f 5208//6512 5214//6512 5206//6512
f 5214//6513 5210//6513 5203//6513
f 5222//6514 5228//6514 5213//6514
f 5228//6515 5224//6515 5210//6515
f 5217//6516 5220//6516 5227//6516
f 5220//6517 5216//6517 5224//6517
f 5215//6518 5221//6518 5246//6518
f 5221//6519 5217//6519 5244//6519
f 5250//6520 5256//6520 5225//6520
f 5256//6521 5252//6521 5223//6521
f 5245//6522 5248//6522 5255//6522
f 5248//6523 5244//6523 5252//6523
f 5243//6524 5249//6524 5232//6524
f 5249//6525 5245//6525 5230//6525
f 5236//6526 5242//6526 5253//6526
f 5242//6527 5238//6527 5251//6527
f 5231//6528 5234//6528 5241//6528
f 5234//6529 5230//6529 5238//6529
f 5229//6530 5235//6530 5204//6530
f 5235//6531 5231//6531 5202//6531
f 5209//6532 5211//6532 5239//6532
f 5211//6533 5208//6533 5237//6533
f 5243//6534 5229//6534 5201//6534
f 5210//6535 5224//6535 5216//6535
f 5237//6536 5208//6536 5202//6536
f 5222//6537 5209//6537 5236//6537
f 5223//6538 5252//6538 5244//6538
f 5251//6539 5238//6539 5230//6539
o Mountain_0
v -42.000000 -0.300000 -77.808449
v -42.171997 -0.144828 -77.840324
v -41.828003 -0.144828 -77.840324
v -42.105213 -0.254551 -77.877167
v -42.000000 -0.231997 -77.895859
v -42.000000 -0.133168 -77.858963
v -41.894787 -0.254551 -77.877167
v -42.000000 24.700001 -62.168449
v -41.828003 24.544827 -62.394474
v -42.171997 24.544827 -62.394474
v -41.907711 24.654551 -62.298740
v -42.000000 24.636841 -62.339867
v -42.000000 24.556486 -62.413109
v -42.092289 24.654551 -62.298740
v -31.195738 -0.300000 -73.876022
v -31.307007 -0.144828 -74.010994
v -31.043491 -0.144828 -73.789879
v -31.232161 -0.254551 -73.996292
v -31.139553 -0.231997 -73.942978
v -31.163269 -0.133169 -73.914711
v -31.070967 -0.254551 -73.861031
v -41.248936 24.700001 -61.895084
v -40.971889 24.544827 -61.957672
v -41.235409 24.544827 -62.178787
v -41.094490 24.654551 -61.935570
v -41.138752 24.636841 -62.026398
v -41.091671 24.556488 -62.082504
v -41.235882 24.654551 -62.054214
v -25.446909 -0.300000 -63.918758
v -25.445389 -0.144828 -64.093674
v -25.385654 -0.144828 -63.754906
v -25.397501 -0.254551 -64.034302
v -25.360828 -0.231997 -63.933937
v -25.397167 -0.133169 -63.927528
v -25.360966 -0.254551 -63.827080
v -40.849304 24.700001 -61.202900
v -40.596844 24.544827 -61.072762
v -40.656578 24.544827 -61.411533
v -40.704967 24.654551 -61.134640
v -40.680489 24.636841 -61.232666
v -40.608356 24.556488 -61.245384
v -40.737019 24.654551 -61.316410
v -27.443459 -0.300000 -52.595776
v -27.329857 -0.144828 -52.728794
v -27.501854 -0.144828 -52.430885
v -27.331337 -0.254551 -52.652531
v -27.367760 -0.231997 -52.552071
v -27.399715 -0.133168 -52.570522
v -27.436550 -0.254551 -52.470299
v -40.988094 24.700001 -60.415775
v -40.878349 24.544827 -60.153809
v -40.706352 24.544827 -60.451717
v -40.921402 24.654551 -60.270706
v -40.839642 24.636841 -60.330067
v -40.776211 24.556488 -60.293446
v -40.829117 24.654551 -60.430553
v -36.251171 -0.300000 -45.205227
v -36.078644 -0.144828 -45.234100
v -36.401897 -0.144828 -45.116447
v -36.128803 -0.254550 -45.176636
v -36.221275 -0.231997 -45.123093
v -36.233898 -0.133167 -45.157761
v -36.326534 -0.254551 -45.104668
v -41.600368 24.700001 -59.902020
v -41.684689 24.544827 -59.630795
v -41.361435 24.544827 -59.748451
v -41.642529 24.654551 -59.748020
v -41.541740 24.636841 -59.740936
v -41.516689 24.556488 -59.672112
v -41.469082 24.654551 -59.811150
v -47.748829 -0.300000 -45.205227
v -47.598103 -0.144828 -45.116447
v -47.921356 -0.144828 -45.234100
v -47.673466 -0.254551 -45.104668
v -47.778725 -0.231997 -45.123093
v -47.766102 -0.133167 -45.157761
v -47.871197 -0.254551 -45.176636
v -42.399632 24.700001 -59.902020
v -42.638565 24.544827 -59.748451
v -42.315311 24.544827 -59.630798
v -42.530918 24.654551 -59.811150
v -42.458260 24.636841 -59.740936
v -42.483311 24.556488 -59.672112
v -42.357471 24.654551 -59.748020
v -56.556541 -0.300000 -52.595776
v -56.498146 -0.144828 -52.430885
v -56.670143 -0.144828 -52.728794
v -56.563450 -0.254551 -52.470299
v -56.632240 -0.231997 -52.552071
v -56.600288 -0.133168 -52.570522
v -56.668663 -0.254551 -52.652531
v -43.011906 24.700001 -60.415775
v -43.293648 24.544827 -60.451717
v -43.121651 24.544827 -60.153809
v -43.170883 24.654551 -60.430553
v -43.160358 24.636841 -60.330067
v -43.223789 24.556488 -60.293446
v -43.078598 24.654551 -60.270706
v -58.553093 -0.300000 -63.918758
v -58.614346 -0.144828 -63.754906
v -58.554611 -0.144828 -64.093674
v -58.639038 -0.254551 -63.827080
v -58.639172 -0.231997 -63.933937
v -58.602833 -0.133169 -63.927528
v -58.602501 -0.254551 -64.034302
v -43.150696 24.700001 -61.202900
v -43.343422 24.544827 -61.411533
v -43.403156 24.544827 -61.072762
v -43.262981 24.654551 -61.316410
v -43.319511 24.636841 -61.232666
v -43.391644 24.556488 -61.245384
v -43.295033 24.654551 -61.134640
v -52.804260 -0.300000 -73.876022
v -52.956509 -0.144828 -73.789879
v -52.692993 -0.144828 -74.010994
v -52.929031 -0.254551 -73.861031
v -52.860447 -0.231997 -73.942978
v -52.836731 -0.133171 -73.914711
v -52.767838 -0.254551 -73.996292
v -42.751064 24.700001 -61.895084
v -42.764591 24.544827 -62.178787
v -43.028107 24.544827 -61.957672
v -42.764118 24.654551 -62.054214
v -42.861248 24.636841 -62.026398
v -42.908329 24.556488 -62.082504
v -42.905510 24.654551 -61.935570
vn -0.0600 -0.7879 -0.6129
vn -0.1210 0.2491 -0.9609
vn 0.1210 0.2491 -0.9609
vn 0.0260 0.9380 -0.3456
vn 0.1236 0.7019 -0.7015
vn -0.1236 0.7019 -0.7015
vn 0.3480 -0.7878 -0.5081
vn 0.5250 0.2490 -0.8139
vn 0.7103 0.2491 -0.6583
vn 0.2421 0.9380 -0.2481
vn 0.5456 0.7019 -0.4579
vn 0.3562 0.7019 -0.6168
vn 0.5932 -0.7878 -0.1655
vn 0.9253 0.2491 -0.2860
vn 0.9673 0.2490 -0.0477
vn 0.3449 0.9380 -0.0344
vn 0.7123 0.7019 -0.0001
vn 0.6694 0.7019 -0.2435
vn 0.5608 -0.7878 0.2545
vn 0.8927 0.2490 0.3757
vn 0.7717 0.2490 0.5852
vn 0.2863 0.9380 0.1953
vn 0.5457 0.7019 0.4578
vn 0.6693 0.7019 0.2437
vn 0.2661 -0.7878 0.5555
vn 0.4424 0.2490 0.8616
vn 0.2149 0.2490 0.9443
vn 0.0938 0.9380 0.3337
vn 0.1238 0.7019 0.7015
vn 0.3561 0.7019 0.6169
vn -0.1532 -0.7878 0.5965
vn -0.2149 0.2490 0.9443
vn -0.4424 0.2490 0.8616
vn -0.1426 0.9380 0.3159
vn -0.3561 0.7019 0.6169
vn -0.1238 0.7019 0.7015
vn -0.5008 -0.7878 0.3585
vn -0.7717 0.2490 0.5852
vn -0.8927 0.2490 0.3757
vn -0.3123 0.9380 0.1503
vn -0.6693 0.7019 0.2437
vn -0.5457 0.7019 0.4578
vn -0.6141 -0.7878 -0.0473
vn -0.9673 0.2490 -0.0477
vn -0.9253 0.2491 -0.2860
vn -0.3358 0.9380 -0.0856
vn -0.6694 0.7019 -0.2435
vn -0.7123 0.7019 -0.0001
vn -0.4400 -0.7878 -0.4310
vn -0.7103 0.2490 -0.6583
vn -0.5250 0.2490 -0.8139
vn -0.2022 0.9380 -0.2815
vn -0.3562 0.7019 -0.6168
vn -0.5456 0.7019 -0.4579
vn 0.3401 0.1067 -0.9343
vn 0.1409 -0.9113 -0.3870
vn 0.2337 0.7301 -0.6422
vn 0.0968 0.9591 -0.2660
vn -0.1268 0.5261 -0.8409
vn 0.1268 0.5261 -0.8409
vn 0.6377 0.5261 -0.5627
vn 0.4434 0.5261 -0.7257
vn 0.8611 0.1068 -0.4971
vn 0.3567 -0.9112 -0.2059
vn 0.5918 0.7301 -0.3417
vn 0.2451 0.9591 -0.1415
vn 0.8502 0.5261 -0.0212
vn 0.8061 0.5261 -0.2709
vn 0.9792 0.1068 0.1727
vn 0.4056 -0.9112 0.0715
vn 0.6730 0.7301 0.1187
vn 0.2788 0.9591 0.0492
vn 0.6649 0.5261 0.5303
vn 0.7917 0.5261 0.3107
vn 0.6391 0.1068 0.7617
vn 0.2647 -0.9113 0.3155
vn 0.4393 0.7301 0.5235
vn 0.1820 0.9591 0.2168
vn 0.1685 0.5261 0.8336
vn 0.4068 0.5261 0.7469
vn -0.0000 0.1068 0.9943
vn -0.0000 -0.9112 0.4119
vn -0.0000 0.7301 0.6834
vn -0.0000 0.9591 0.2831
vn -0.4067 0.5261 0.7469
vn -0.1685 0.5261 0.8336
vn -0.6391 0.1068 0.7617
vn -0.2647 -0.9112 0.3155
vn -0.4393 0.7301 0.5235
vn -0.1819 0.9591 0.2168
vn -0.7917 0.5261 0.3107
vn -0.6649 0.5261 0.5303
vn -0.9792 0.1068 0.1727
vn -0.4056 -0.9112 0.0715
vn -0.6730 0.7301 0.1187
vn -0.2788 0.9591 0.0492
vn -0.8061 0.5261 -0.2709
vn -0.8502 0.5261 -0.0212
vn -0.8611 0.1068 -0.4971
vn -0.3567 -0.9113 -0.2059
vn -0.5918 0.7301 -0.3417
vn -0.2451 0.9591 -0.1415
vn -0.4434 0.5261 -0.7257
vn -0.6377 0.5261 -0.5627
vn -0.3401 0.1068 -0.9343
vn -0.1409 -0.9113 -0.3870
vn -0.2337 0.7301 -0.6421
vn -0.0968 0.9591 -0.2660
vn -0.0000 -1.0000 -0.0000
vn 0.2948 0.5068 -0.8101
vn -0.2948 0.5068 -0.8101
vn -0.0000 1.0000 -0.0000
vn 0.7466 0.5068 -0.4310
vn 0.8490 0.5068 0.1497
vn 0.5541 0.5068 0.6604
vn -0.0000 0.5068 0.8621
vn -0.5541 0.5068 0.6604
vn -0.8490 0.5068 0.1497
vn -0.7466 0.5068 -0.4310
vn 0.0600 -0.7879 -0.6129
vn -0.2346 0.3400 -0.9107
vn 0.2346 0.3400 -0.9107
vn -0.0260 0.9380 -0.3456
vn 0.1962 0.6606 -0.7247
vn -0.1962 0.6606 -0.7247
vn 0.4400 -0.7878 -0.4310
vn 0.4056 0.3400 -0.8485
vn 0.7651 0.3400 -0.5468
vn 0.2022 0.9380 -0.2815
vn 0.6161 0.6606 -0.4290
vn 0.3155 0.6606 -0.6812
vn 0.6141 -0.7878 -0.0473
vn 0.8561 0.3400 -0.3892
vn 0.9376 0.3400 0.0730
vn 0.3358 0.9380 -0.0856
vn 0.7477 0.6606 0.0674
vn 0.6796 0.6606 -0.3191
vn 0.5008 -0.7878 0.3585
vn 0.9060 0.3400 0.2522
vn 0.6714 0.3400 0.6585
vn 0.3123 0.9380 0.1503
vn 0.5295 0.6606 0.5322
vn 0.7257 0.6606 0.1924
vn 0.1532 -0.7878 0.5965
vn 0.5319 0.3400 0.7755
vn 0.0910 0.3400 0.9360
vn 0.1426 0.9380 0.3159
vn 0.0635 0.6606 0.7481
vn 0.4322 0.6606 0.6139
vn -0.2661 -0.7878 0.5555
vn -0.0910 0.3400 0.9360
vn -0.5319 0.3400 0.7755
vn -0.0938 0.9380 0.3337
vn -0.4322 0.6606 0.6139
vn -0.0635 0.6606 0.7481
vn -0.5608 -0.7878 0.2545
vn -0.6714 0.3400 0.6585
vn -0.9060 0.3400 0.2522
vn -0.2863 0.9380 0.1953
vn -0.7257 0.6606 0.1924
vn -0.5295 0.6606 0.5322
vn -0.5932 -0.7878 -0.1656
vn -0.9376 0.3400 0.0730
vn -0.8561 0.3400 -0.3892
vn -0.3449 0.9380 -0.0344
vn -0.6796 0.6606 -0.3190
vn -0.7477 0.6606 0.0674
vn -0.3480 -0.7879 -0.5081
vn -0.7651 0.3400 -0.5468
vn -0.4056 0.3400 -0.8485
vn -0.2421 0.9380 -0.2481
vn -0.3155 0.6606 -0.6812
vn -0.6161 0.6606 -0.4290
vn 0.3401 0.1068 -0.9343
vn 0.2337 0.7301 -0.6421
vn 0.3567 -0.9113 -0.2059
vn 0.4056 -0.9113 0.0715
vn 0.2647 -0.9112 0.3155
vn 0.1819 0.9591 0.2168
vn -0.0000 0.1067 0.9943
vn -0.0000 -0.9113 0.4118
vn -0.4068 0.5261 0.7468
vn -0.2647 -0.9113 0.3155
vn -0.1820 0.9591 0.2168
vn -0.4056 -0.9113 0.0715
vn -0.2337 0.7301 -0.6422
s 0
usemtl Distant_Mountain
f 5257//6564 5261//6564 5263//6564
f 5262//6565 5260//6565 5258//6565
f 5263//6566 5262//6566 5259//6566
f 5264//6567 5268//6567 5270//6567
f 5269//6568 5267//6568 5265//6568
f 5270//6569 5269//6569 5266//6569
f 5271//6570 5275//6570 5277//6570
f 5276//6571 5274//6571 5272//6571
f 5277//6572 5276//6572 5273//6572
f 5278//6573 5282//6573 5284//6573
f 5283//6574 5281//6574 5279//6574
f 5284//6575 5283//6575 5280//6575
f 5285//6576 5289//6576 5291//6576
f 5290//6577 5288//6577 5286//6577
f 5291//6578 5290//6578 5287//6578
f 5292//6579 5296//6579 5298//6579
f 5297//6580 5295//6580 5293//6580
f 5298//6581 5297//6581 5294//6581
f 5299//6582 5303//6582 5305//6582
f 5304//6583 5302//6583 5300//6583
f 5305//6584 5304//6584 5301//6584
f 5306//6585 5310//6585 5312//6585
f 5311//6586 5309//6586 5307//6586
f 5312//6587 5311//6587 5308//6587
f 5313//6588 5317//6588 5319//6588
f 5318//6589 5316//6589 5314//6589
f 5319//6590 5318//6590 5315//6590
f 5320//6591 5324//6591 5326//6591
f 5325//6592 5323//6592 5321//6592
f 5326//6593 5325//6593 5322//6593
f 5327//6594 5331//6594 5333//6594
f 5332//6595 5330//6595 5328//6595
f 5333//6596 5332//6596 5329//6596
f 5334//6597 5338//6597 5340//6597
f 5339//6598 5337//6598 5335//6598
f 5340//6599 5339//6599 5336//6599
f 5341//6600 5345//6600 5347//6600
f 5346//6601 5344//6601 5342//6601
f 5347//6602 5346//6602 5343//6602
f 5348//6603 5352//6603 5354//6603
f 5353//6604 5351//6604 5349//6604
f 5354//6605 5353//6605 5350//6605
f 5355//6606 5359//6606 5361//6606
f 5360//6607 5358//6607 5356//6607
f 5361//6608 5360//6608 5357//6608
f 5362//6609 5366//6609 5368//6609
f 5367//6610 5365//6610 5363//6610
f 5368//6611 5367//6611 5364//6611
f 5369//6612 5373//6612 5375//6612
f 5374//6613 5372//6613 5370//6613
f 5375//6614 5374//6614 5371//6614
f 5376//6615 5380//6615 5382//6615
f 5381//6616 5379//6616 5377//6616
f 5382//6617 5381//6617 5378//6617
f 5259//6618 5274//6618 5263//6618
f 5274//6619 5257//6619 5263//6619
f 5265//6620 5284//6620 5280//6620
f 5267//6621 5278//6621 5284//6621
f 5266//6622 5262//6622 5258//6622
f 5262//6623 5265//6623 5259//6623
f 5279//6624 5276//6624 5283//6624
f 5283//6625 5272//6625 5280//6625
f 5286//6626 5277//6626 5273//6626
f 5288//6627 5271//6627 5277//6627
f 5294//6628 5281//6628 5298//6628
f 5298//6629 5278//6629 5292//6629
f 5293//6630 5290//6630 5297//6630
f 5297//6631 5286//6631 5294//6631
f 5287//6632 5302//6632 5291//6632
f 5302//6633 5285//6633 5291//6633
f 5308//6634 5295//6634 5312//6634
f 5295//6635 5306//6635 5312//6635
f 5307//6636 5304//6636 5311//6636
f 5304//6637 5308//6637 5311//6637
f 5314//6638 5305//6638 5301//6638
f 5305//6639 5313//6639 5299//6639
f 5307//6640 5326//6640 5322//6640
f 5309//6641 5320//6641 5326//6641
f 5315//6642 5325//6642 5321//6642
f 5318//6643 5322//6643 5325//6643
f 5328//6644 5319//6644 5315//6644
f 5330//6645 5313//6645 5319//6645
f 5336//6646 5323//6646 5340//6646
f 5323//6647 5334//6647 5340//6647
f 5329//6648 5339//6648 5335//6648
f 5339//6649 5328//6649 5336//6649
f 5342//6650 5333//6650 5329//6650
f 5344//6651 5327//6651 5333//6651
f 5335//6652 5354//6652 5350//6652
f 5354//6653 5334//6653 5348//6653
f 5343//6654 5353//6654 5349//6654
f 5353//6655 5342//6655 5350//6655
f 5356//6656 5347//6656 5343//6656
f 5358//6657 5341//6657 5347//6657
f 5364//6658 5351//6658 5368//6658
f 5351//6659 5362//6659 5368//6659
f 5357//6660 5367//6660 5363//6660
f 5360//6661 5364//6661 5367//6661
f 5370//6662 5361//6662 5357//6662
f 5372//6663 5355//6663 5361//6663
f 5378//6664 5365//6664 5382//6664
f 5365//6665 5376//6665 5382//6665
f 5371//6666 5381//6666 5377//6666
f 5374//6667 5378//6667 5381//6667
f 5258//6668 5375//6668 5371//6668
f 5375//6669 5257//6669 5369//6669
f 5266//6670 5379//6670 5270//6670
f 5270//6671 5376//6671 5264//6671
f 5271//6672 5327//6672 5355//6672
f 5265//6673 5272//6673 5259//6673
f 5377//6674 5258//6674 5371//6674
f 5264//6675 5334//6675 5306//6675
f 5279//6676 5286//6676 5273//6676
f 5293//6677 5300//6677 5287//6677
f 5301//6678 5322//6678 5314//6678
f 5315//6679 5336//6679 5328//6679
f 5335//6680 5342//6680 5329//6680
f 5349//6681 5356//6681 5343//6681
f 5357//6682 5378//6682 5370//6682
f 5257//6683 5260//6683 5261//6683
f 5262//6684 5261//6684 5260//6684
f 5263//6685 5261//6685 5262//6685
f 5264//6686 5267//6686 5268//6686
f 5269//6687 5268//6687 5267//6687
f 5270//6688 5268//6688 5269//6688
f 5271//6689 5274//6689 5275//6689
f 5276//6690 5275//6690 5274//6690
f 5277//6691 5275//6691 5276//6691
f 5278//6692 5281//6692 5282//6692
f 5283//6693 5282//6693 5281//6693
f 5284//6694 5282//6694 5283//6694
f 5285//6695 5288//6695 5289//6695
f 5290//6696 5289//6696 5288//6696
f 5291//6697 5289//6697 5290//6697
f 5292//6698 5295//6698 5296//6698
f 5297//6699 5296//6699 5295//6699
f 5298//6700 5296//6700 5297//6700
f 5299//6701 5302//6701 5303//6701
f 5304//6702 5303//6702 5302//6702
f 5305//6703 5303//6703 5304//6703
f 5306//6704 5309//6704 5310//6704
f 5311//6705 5310//6705 5309//6705
f 5312//6706 5310//6706 5311//6706
f 5313//6707 5316//6707 5317//6707
f 5318//6708 5317//6708 5316//6708
f 5319//6709 5317//6709 5318//6709
f 5320//6710 5323//6710 5324//6710
f 5325//6711 5324//6711 5323//6711
f 5326//6712 5324//6712 5325//6712
f 5327//6713 5330//6713 5331//6713
f 5332//6714 5331//6714 5330//6714
f 5333//6715 5331//6715 5332//6715
f 5334//6716 5337//6716 5338//6716
f 5339//6717 5338//6717 5337//6717
f 5340//6718 5338//6718 5339//6718
f 5341//6719 5344//6719 5345//6719
f 5346//6720 5345//6720 5344//6720
f 5347//6721 5345//6721 5346//6721
f 5348//6722 5351//6722 5352//6722
f 5353//6723 5352//6723 5351//6723
f 5354//6724 5352//6724 5353//6724
f 5355//6725 5358//6725 5359//6725
f 5360//6726 5359//6726 5358//6726
f 5361//6727 5359//6727 5360//6727
f 5362//6728 5365//6728 5366//6728
f 5367//6729 5366//6729 5365//6729
f 5368//6730 5366//6730 5367//6730
f 5369//6731 5372//6731 5373//6731
f 5374//6732 5373//6732 5372//6732
f 5375//6733 5373//6733 5374//6733
f 5376//6734 5379//6734 5380//6734
f 5381//6735 5380//6735 5379//6735
f 5382//6736 5380//6736 5381//6736
f 5259//6737 5272//6737 5274//6737
f 5274//6619 5271//6619 5257//6619
f 5265//6738 5267//6738 5284//6738
f 5267//6621 5264//6621 5278//6621
f 5266//6622 5269//6622 5262//6622
f 5262//6623 5269//6623 5265//6623
f 5279//6624 5273//6624 5276//6624
f 5283//6625 5276//6625 5272//6625
f 5286//6626 5288//6626 5277//6626
f 5288//6739 5285//6739 5271//6739
f 5294//6628 5279//6628 5281//6628
f 5298//6629 5281//6629 5278//6629
f 5293//6630 5287//6630 5290//6630
f 5297//6631 5290//6631 5286//6631
f 5287//6632 5300//6632 5302//6632
f 5302//6740 5299//6740 5285//6740
f 5308//6634 5293//6634 5295//6634
f 5295//6635 5292//6635 5306//6635
f 5307//6636 5301//6636 5304//6636
f 5304//6637 5300//6637 5308//6637
f 5314//6638 5316//6638 5305//6638
f 5305//6741 5316//6741 5313//6741
f 5307//6640 5309//6640 5326//6640
f 5309//6742 5306//6742 5320//6742
f 5315//6642 5318//6642 5325//6642
f 5318//6643 5314//6643 5322//6643
f 5328//6743 5330//6743 5319//6743
f 5330//6744 5327//6744 5313//6744
f 5336//6646 5321//6646 5323//6646
f 5323//6647 5320//6647 5334//6647
f 5329//6745 5332//6745 5339//6745
f 5339//6649 5332//6649 5328//6649
f 5342//6650 5344//6650 5333//6650
f 5344//6746 5341//6746 5327//6746
f 5335//6652 5337//6652 5354//6652
f 5354//6747 5337//6747 5334//6747
f 5343//6654 5346//6654 5353//6654
f 5353//6655 5346//6655 5342//6655
f 5356//6656 5358//6656 5347//6656
f 5358//6748 5355//6748 5341//6748
f 5364//6658 5349//6658 5351//6658
f 5351//6659 5348//6659 5362//6659
f 5357//6660 5360//6660 5367//6660
f 5360//6661 5356//6661 5364//6661
f 5370//6662 5372//6662 5361//6662
f 5372//6663 5369//6663 5355//6663
f 5378//6664 5363//6664 5365//6664
f 5365//6665 5362//6665 5376//6665
f 5371//6666 5374//6666 5381//6666
f 5374//6667 5370//6667 5378//6667
f 5258//6668 5260//6668 5375//6668
f 5375//6669 5260//6669 5257//6669
f 5266//6749 5377//6749 5379//6749
f 5270//6671 5379//6671 5376//6671
f 5369//6672 5257//6672 5271//6672
f 5271//6672 5285//6672 5299//6672
f 5299//6672 5313//6672 5327//6672
f 5327//6672 5341//6672 5355//6672
f 5355//6672 5369//6672 5271//6672
f 5271//6672 5299//6672 5327//6672
f 5265//6673 5280//6673 5272//6673
f 5377//6674 5266//6674 5258//6674
f 5292//6675 5278//6675 5264//6675
f 5264//6675 5376//6675 5362//6675
f 5362//6675 5348//6675 5334//6675
f 5334//6675 5320//6675 5306//6675
f 5306//6675 5292//6675 5264//6675
f 5264//6675 5362//6675 5334//6675
f 5279//6676 5294//6676 5286//6676
f 5293//6677 5308//6677 5300//6677
f 5301//6678 5307//6678 5322//6678
f 5315//6679 5321//6679 5336//6679
f 5335//6680 5350//6680 5342//6680
f 5349//6681 5364//6681 5356//6681
f 5357//6682 5363//6682 5378//6682
o Mountain_1
v -17.000000 -0.299999 -89.808449
v -17.171793 -0.142908 -89.843956
v -16.828205 -0.142908 -89.843956
v -17.104872 -0.253990 -89.878334
v -17.000000 -0.231245 -89.897537
v -17.000000 -0.131525 -89.863083
v -16.895128 -0.253990 -89.878334
v -17.000000 33.700001 -69.568451
v -16.828205 33.542908 -69.790985
v -17.171795 33.542908 -69.790985
v -16.907578 33.653992 -69.697647
v -17.000000 33.635975 -69.738464
v -17.000000 33.554295 -69.810112
v -17.092422 33.653992 -69.697647
v -2.981799 -0.299999 -84.706238
v -3.090576 -0.142908 -84.843872
v -2.827374 -0.142908 -84.623016
v -3.017212 -0.253990 -84.827187
v -2.924536 -0.231245 -84.774490
v -2.946683 -0.131525 -84.748093
v -2.856543 -0.253990 -84.692368
v -15.991821 33.700001 -69.201500
v -15.717174 33.542908 -69.261551
v -15.980377 33.542908 -69.482407
v -15.837975 33.653992 -69.241066
v -15.882537 33.635971 -69.331741
v -15.836483 33.554291 -69.386627
v -15.979573 33.653992 -69.359879
v 4.477129 -0.299999 -71.786995
v 4.482264 -0.142908 -71.962349
v 4.541929 -0.142908 -71.623978
v 4.527742 -0.253990 -71.902412
v 4.564865 -0.231245 -71.802467
v 4.530930 -0.131525 -71.796486
v 4.564165 -0.253990 -71.695854
v -15.455380 33.700001 -68.272362
v -15.206389 33.542908 -68.141815
v -15.266053 33.542908 -68.480186
v -15.312096 33.653992 -68.203773
v -15.287947 33.635971 -68.301880
v -15.217389 33.554291 -68.314323
v -15.344193 33.653992 -68.385811
v 1.886671 -0.299999 -57.095776
v 2.003319 -0.142908 -57.226799
v 1.831524 -0.142908 -56.929245
v 1.999632 -0.253990 -57.151653
v 1.963823 -0.231245 -57.051231
v 1.933983 -0.131525 -57.068459
v 1.894760 -0.253992 -56.970016
v -15.641685 33.700001 -67.215775
v -15.534856 33.542908 -66.955727
v -15.363062 33.542908 -67.253281
v -15.576006 33.653992 -67.071136
v -15.494446 33.635971 -67.130768
v -15.432398 33.554291 -67.094948
v -15.483583 33.653992 -67.231216
v -9.541071 -0.299999 -47.506763
v -9.367493 -0.142908 -47.532150
v -9.690360 -0.142908 -47.414639
v -9.418623 -0.253990 -47.476959
v -9.510601 -0.231245 -47.423050
v -9.522385 -0.131525 -47.455429
v -9.615714 -0.253990 -47.405220
v -16.463560 33.700001 -66.526138
v -16.548880 33.542908 -66.258263
v -16.226013 33.542908 -66.375778
v -16.506220 33.653992 -66.373123
v -16.405411 33.635971 -66.366379
v -16.380905 33.554291 -66.299049
v -16.332521 33.653992 -66.436340
v -24.458929 -0.299999 -47.506763
v -24.309639 -0.142908 -47.414639
v -24.632507 -0.142908 -47.532150
v -24.384287 -0.253990 -47.405220
v -24.489399 -0.231245 -47.423046
v -24.477615 -0.131525 -47.455429
v -24.581377 -0.253992 -47.476959
v -17.536440 33.700001 -66.526138
v -17.773987 33.542908 -66.375778
v -17.451120 33.542908 -66.258263
v -17.667479 33.653992 -66.436340
v -17.594589 33.635971 -66.366379
v -17.619095 33.554291 -66.299049
v -17.493780 33.653992 -66.373123
v -35.886673 -0.299999 -57.095776
v -35.831524 -0.142908 -56.929245
v -36.003319 -0.142908 -57.226799
v -35.894760 -0.253990 -56.970016
v -35.963821 -0.231245 -57.051231
v -35.933983 -0.131525 -57.068459
v -35.999634 -0.253990 -57.151653
v -18.358316 33.700001 -67.215775
v -18.636938 33.542908 -67.253281
v -18.465143 33.542908 -66.955727
v -18.516417 33.653992 -67.231216
v -18.505554 33.635971 -67.130768
v -18.567602 33.554291 -67.094948
v -18.423994 33.653992 -67.071136
v -38.477127 -0.299999 -71.786995
v -38.541931 -0.142908 -71.623978
v -38.482265 -0.142908 -71.962349
v -38.564163 -0.253992 -71.695854
v -38.564865 -0.231245 -71.802467
v -38.530930 -0.131525 -71.796486
v -38.527748 -0.253990 -71.902412
v -18.544621 33.700001 -68.272362
v -18.733948 33.542908 -68.480186
v -18.793610 33.542908 -68.141815
v -18.655806 33.653992 -68.385811
v -18.712053 33.635971 -68.301880
v -18.782610 33.554291 -68.314323
v -18.687904 33.653992 -68.203773
v -31.018200 -0.299999 -84.706238
v -31.172626 -0.142908 -84.623016
v -30.909424 -0.142908 -84.843872
v -31.143457 -0.253990 -84.692368
v -31.075466 -0.231245 -84.774490
v -31.053318 -0.131525 -84.748093
v -30.982788 -0.253990 -84.827187
v -18.008179 33.700001 -69.201500
v -18.019623 33.542908 -69.482407
v -18.282827 33.542908 -69.261551
v -18.020426 33.653992 -69.359879
v -18.117464 33.635971 -69.331741
v -18.163517 33.554291 -69.386627
v -18.162025 33.653992 -69.241066
vn -0.0597 -0.7903 -0.6099
vn -0.1225 0.2253 -0.9665
vn 0.1225 0.2253 -0.9666
vn 0.0268 0.9355 -0.3523
vn 0.1251 0.6891 -0.7137
vn -0.1251 0.6891 -0.7137
vn 0.3462 -0.7903 -0.5056
vn 0.5274 0.2253 -0.8192
vn 0.7151 0.2253 -0.6617
vn 0.2470 0.9355 -0.2527
vn 0.5546 0.6892 -0.4663
vn 0.3629 0.6891 -0.6272
vn 0.5902 -0.7903 -0.1647
vn 0.9306 0.2253 -0.2885
vn 0.9731 0.2253 -0.0472
vn 0.3516 0.9355 -0.0348
vn 0.7246 0.6891 -0.0007
vn 0.6812 0.6891 -0.2471
vn 0.5581 -0.7902 0.2532
vn 0.8983 0.2253 0.3772
vn 0.7758 0.2253 0.5894
vn 0.2917 0.9355 0.1994
vn 0.5556 0.6892 0.4652
vn 0.6807 0.6891 0.2485
vn 0.2648 -0.7902 0.5527
vn 0.4457 0.2253 0.8664
vn 0.2154 0.2253 0.9502
vn 0.0954 0.9355 0.3402
vn 0.1265 0.6891 0.7135
vn 0.3617 0.6891 0.6279
vn -0.1524 -0.7902 0.5935
vn -0.2154 0.2253 0.9502
vn -0.4457 0.2253 0.8664
vn -0.1457 0.9355 0.3219
vn -0.3617 0.6891 0.6279
vn -0.1265 0.6891 0.7135
vn -0.4983 -0.7902 0.3567
vn -0.7758 0.2253 0.5894
vn -0.8983 0.2253 0.3772
vn -0.3185 0.9355 0.1529
vn -0.6807 0.6892 0.2485
vn -0.5555 0.6892 0.4652
vn -0.6110 -0.7903 -0.0471
vn -0.9731 0.2253 -0.0472
vn -0.9306 0.2254 -0.2885
vn -0.3423 0.9355 -0.0876
vn -0.6812 0.6892 -0.2472
vn -0.7246 0.6892 -0.0007
vn -0.4378 -0.7903 -0.4288
vn -0.7151 0.2253 -0.6617
vn -0.5274 0.2253 -0.8192
vn -0.2059 0.9355 -0.2871
vn -0.3629 0.6891 -0.6272
vn -0.5546 0.6892 -0.4663
vn 0.3408 0.0845 -0.9363
vn 0.1412 -0.9109 -0.3878
vn 0.2378 0.7188 -0.6533
vn 0.0985 0.9576 -0.2706
vn -0.1285 0.5073 -0.8522
vn 0.1285 0.5073 -0.8522
vn 0.6462 0.5073 -0.5702
vn 0.4493 0.5073 -0.7354
vn 0.8629 0.0845 -0.4982
vn 0.3574 -0.9109 -0.2064
vn 0.6020 0.7188 -0.3476
vn 0.2494 0.9576 -0.1440
vn 0.8615 0.5073 -0.0215
vn 0.8169 0.5073 -0.2745
vn 0.9813 0.0845 0.1730
vn 0.4064 -0.9109 0.0717
vn 0.6846 0.7188 0.1207
vn 0.2836 0.9576 0.0500
vn 0.6737 0.5073 0.5373
vn 0.8022 0.5073 0.3148
vn 0.6405 0.0845 0.7633
vn 0.2653 -0.9109 0.3162
vn 0.4469 0.7188 0.5326
vn 0.1851 0.9576 0.2206
vn 0.1707 0.5073 0.8447
vn 0.4122 0.5073 0.7568
vn -0.0000 0.0845 0.9964
vn -0.0000 -0.9109 0.4127
vn -0.0000 0.7188 0.6952
vn -0.0000 0.9576 0.2879
vn -0.4122 0.5073 0.7568
vn -0.1707 0.5073 0.8447
vn -0.6405 0.0844 0.7633
vn -0.2653 -0.9109 0.3162
vn -0.4469 0.7188 0.5325
vn -0.1851 0.9576 0.2206
vn -0.8022 0.5073 0.3148
vn -0.6737 0.5073 0.5373
vn -0.9813 0.0845 0.1730
vn -0.4065 -0.9108 0.0717
vn -0.6846 0.7188 0.1207
vn -0.2836 0.9576 0.0500
vn -0.8169 0.5073 -0.2745
vn -0.8615 0.5073 -0.0215
vn -0.8629 0.0845 -0.4982
vn -0.3574 -0.9109 -0.2064
vn -0.6020 0.7188 -0.3476
vn -0.2494 0.9576 -0.1440
vn -0.4493 0.5073 -0.7354
vn -0.6462 0.5073 -0.5702
vn -0.3408 0.0845 -0.9363
vn -0.1412 -0.9109 -0.3878
vn -0.2378 0.7188 -0.6533
vn -0.0985 0.9576 -0.2706
vn -0.0000 -1.0000 -0.0000
vn 0.2985 0.4882 -0.8201
vn -0.2985 0.4882 -0.8201
vn -0.0000 1.0000 -0.0000
vn 0.7558 0.4882 -0.4364
vn 0.8595 0.4882 0.1515
vn 0.5610 0.4882 0.6686
vn -0.0000 0.4882 0.8727
vn -0.5610 0.4882 0.6686
vn -0.8595 0.4882 0.1515
vn -0.7558 0.4882 -0.4364
vn 0.0597 -0.7902 -0.6099
vn -0.2369 0.3173 -0.9183
vn 0.2369 0.3173 -0.9183
vn -0.0268 0.9355 -0.3523
vn 0.1994 0.6462 -0.7367
vn -0.1994 0.6462 -0.7367
vn 0.4378 -0.7902 -0.4288
vn 0.4088 0.3173 -0.8557
vn 0.7718 0.3173 -0.5511
vn 0.2060 0.9355 -0.2871
vn 0.6263 0.6462 -0.4362
vn 0.3208 0.6462 -0.6925
vn 0.6110 -0.7903 -0.0471
vn 0.8632 0.3173 -0.3928
vn 0.9454 0.3173 0.0739
vn 0.3423 0.9355 -0.0876
vn 0.7601 0.6462 0.0684
vn 0.6909 0.6462 -0.3243
vn 0.4983 -0.7903 0.3567
vn 0.9137 0.3173 0.2540
vn 0.6767 0.3173 0.6643
vn 0.3185 0.9355 0.1530
vn 0.5383 0.6462 0.5410
vn 0.7377 0.6462 0.1957
vn 0.1524 -0.7902 0.5935
vn 0.5367 0.3173 0.7818
vn 0.0915 0.3173 0.9439
vn 0.1456 0.9355 0.3219
vn 0.0646 0.6462 0.7604
vn 0.4393 0.6462 0.6241
vn -0.2647 -0.7902 0.5527
vn -0.0914 0.3173 0.9439
vn -0.5367 0.3173 0.7818
vn -0.0953 0.9355 0.3402
vn -0.4393 0.6462 0.6241
vn -0.0646 0.6462 0.7604
vn -0.5580 -0.7902 0.2532
vn -0.6768 0.3173 0.6643
vn -0.9137 0.3173 0.2539
vn -0.2917 0.9355 0.1994
vn -0.7377 0.6462 0.1957
vn -0.5383 0.6462 0.5410
vn -0.5902 -0.7902 -0.1647
vn -0.9454 0.3173 0.0739
vn -0.8632 0.3173 -0.3928
vn -0.3516 0.9355 -0.0348
vn -0.6909 0.6462 -0.3243
vn -0.7601 0.6462 0.0684
vn -0.3462 -0.7903 -0.5056
vn -0.7718 0.3173 -0.5511
vn -0.4088 0.3173 -0.8557
vn -0.2470 0.9355 -0.2527
vn -0.3208 0.6462 -0.6925
vn -0.6263 0.6462 -0.4362
vn 0.3408 0.0844 -0.9363
vn 0.6021 0.7188 -0.3476
vn 0.6405 0.0844 0.7633
vn 0.2653 -0.9108 0.3162
vn 0.4469 0.7188 0.5325
vn -0.0000 0.0844 0.9964
vn -0.6405 0.0845 0.7633
vn -0.2653 -0.9108 0.3162
vn -0.6738 0.5073 0.5373
vn -0.4064 -0.9109 0.0717
vn -0.6021 0.7188 -0.3476
s 0
usemtl Distant_Mountain
f 5383//6750 5387//6750 5389//6750
f 5388//6751 5386//6751 5384//6751
f 5389//6752 5388//6752 5385//6752
f 5390//6753 5394//6753 5396//6753
f 5395//6754 5393//6754 5391//6754
f 5396//6755 5395//6755 5392//6755
f 5397//6756 5401//6756 5403//6756
f 5402//6757 5400//6757 5398//6757
f 5403//6758 5402//6758 5399//6758
f 5404//6759 5408//6759 5410//6759
f 5409//6760 5407//6760 5405//6760
f 5410//6761 5409//6761 5406//6761
f 5411//6762 5415//6762 5417//6762
f 5416//6763 5414//6763 5412//6763
f 5417//6764 5416//6764 5413//6764
f 5418//6765 5422//6765 5424//6765
f 5423//6766 5421//6766 5419//6766
f 5424//6767 5423//6767 5420//6767
f 5425//6768 5429//6768 5431//6768
f 5430//6769 5428//6769 5426//6769
f 5431//6770 5430//6770 5427//6770
f 5432//6771 5436//6771 5438//6771
f 5437//6772 5435//6772 5433//6772
f 5438//6773 5437//6773 5434//6773
f 5439//6774 5443//6774 5445//6774
f 5444//6775 5442//6775 5440//6775
f 5445//6776 5444//6776 5441//6776
f 5446//6777 5450//6777 5452//6777
f 5451//6778 5449//6778 5447//6778
f 5452//6779 5451//6779 5448//6779
f 5453//6780 5457//6780 5459//6780
f 5458//6781 5456//6781 5454//6781
f 5459//6782 5458//6782 5455//6782
f 5460//6783 5464//6783 5466//6783
f 5465//6784 5463//6784 5461//6784
f 5466//6785 5465//6785 5462//6785
f 5467//6786 5471//6786 5473//6786
f 5472//6787 5470//6787 5468//6787
f 5473//6788 5472//6788 5469//6788
f 5474//6789 5478//6789 5480//6789
f 5479//6790 5477//6790 5475//6790
f 5480//6791 5479//6791 5476//6791
f 5481//6792 5485//6792 5487//6792
f 5486//6793 5484//6793 5482//6793
f 5487//6794 5486//6794 5483//6794
f 5488//6795 5492//6795 5494//6795
f 5493//6796 5491//6796 5489//6796
f 5494//6797 5493//6797 5490//6797
f 5495//6798 5499//6798 5501//6798
f 5500//6799 5498//6799 5496//6799
f 5501//6800 5500//6800 5497//6800
f 5502//6801 5506//6801 5508//6801
f 5507//6802 5505//6802 5503//6802
f 5508//6803 5507//6803 5504//6803
f 5398//6804 5389//6804 5385//6804
f 5400//6805 5383//6805 5389//6805
f 5391//6806 5410//6806 5406//6806
f 5393//6807 5404//6807 5410//6807
f 5392//6808 5388//6808 5384//6808
f 5395//6809 5385//6809 5388//6809
f 5399//6810 5409//6810 5405//6810
f 5409//6811 5398//6811 5406//6811
f 5412//6812 5403//6812 5399//6812
f 5414//6813 5397//6813 5403//6813
f 5405//6814 5424//6814 5420//6814
f 5407//6815 5418//6815 5424//6815
f 5413//6816 5423//6816 5419//6816
f 5416//6817 5420//6817 5423//6817
f 5413//6818 5428//6818 5417//6818
f 5428//6819 5411//6819 5417//6819
f 5419//6820 5438//6820 5434//6820
f 5421//6821 5432//6821 5438//6821
f 5433//6822 5430//6822 5437//6822
f 5430//6823 5434//6823 5437//6823
f 5427//6824 5442//6824 5431//6824
f 5431//6825 5439//6825 5425//6825
f 5433//6826 5452//6826 5448//6826
f 5435//6827 5446//6827 5452//6827
f 5447//6828 5444//6828 5451//6828
f 5444//6829 5448//6829 5451//6829
f 5454//6830 5445//6830 5441//6830
f 5456//6831 5439//6831 5445//6831
f 5462//6832 5449//6832 5466//6832
f 5449//6833 5460//6833 5466//6833
f 5461//6834 5458//6834 5465//6834
f 5458//6835 5462//6835 5465//6835
f 5468//6836 5459//6836 5455//6836
f 5470//6837 5453//6837 5459//6837
f 5461//6838 5480//6838 5476//6838
f 5480//6839 5460//6839 5474//6839
f 5469//6840 5479//6840 5475//6840
f 5472//6841 5476//6841 5479//6841
f 5482//6842 5473//6842 5469//6842
f 5484//6843 5467//6843 5473//6843
f 5490//6844 5477//6844 5494//6844
f 5477//6845 5488//6845 5494//6845
f 5483//6846 5493//6846 5489//6846
f 5493//6847 5482//6847 5490//6847
f 5496//6848 5487//6848 5483//6848
f 5498//6849 5481//6849 5487//6849
f 5489//6850 5508//6850 5504//6850
f 5491//6851 5502//6851 5508//6851
f 5497//6852 5507//6852 5503//6852
f 5500//6853 5504//6853 5507//6853
f 5384//6854 5501//6854 5497//6854
f 5386//6855 5495//6855 5501//6855
f 5392//6856 5505//6856 5396//6856
f 5396//6857 5502//6857 5390//6857
f 5397//6858 5453//6858 5481//6858
f 5385//6859 5406//6859 5398//6859
f 5503//6860 5384//6860 5497//6860
f 5390//6861 5460//6861 5432//6861
f 5399//6862 5420//6862 5412//6862
f 5419//6863 5426//6863 5413//6863
f 5427//6864 5448//6864 5440//6864
f 5447//6865 5454//6865 5441//6865
f 5461//6866 5468//6866 5455//6866
f 5475//6867 5482//6867 5469//6867
f 5483//6868 5504//6868 5496//6868
f 5383//6869 5386//6869 5387//6869
f 5388//6870 5387//6870 5386//6870
f 5389//6871 5387//6871 5388//6871
f 5390//6872 5393//6872 5394//6872
f 5395//6873 5394//6873 5393//6873
f 5396//6874 5394//6874 5395//6874
f 5397//6875 5400//6875 5401//6875
f 5402//6876 5401//6876 5400//6876
f 5403//6877 5401//6877 5402//6877
f 5404//6878 5407//6878 5408//6878
f 5409//6879 5408//6879 5407//6879
f 5410//6880 5408//6880 5409//6880
f 5411//6881 5414//6881 5415//6881
f 5416//6882 5415//6882 5414//6882
f 5417//6883 5415//6883 5416//6883
f 5418//6884 5421//6884 5422//6884
f 5423//6885 5422//6885 5421//6885
f 5424//6886 5422//6886 5423//6886
f 5425//6887 5428//6887 5429//6887
f 5430//6888 5429//6888 5428//6888
f 5431//6889 5429//6889 5430//6889
f 5432//6890 5435//6890 5436//6890
f 5437//6891 5436//6891 5435//6891
f 5438//6892 5436//6892 5437//6892
f 5439//6893 5442//6893 5443//6893
f 5444//6894 5443//6894 5442//6894
f 5445//6895 5443//6895 5444//6895
f 5446//6896 5449//6896 5450//6896
f 5451//6897 5450//6897 5449//6897
f 5452//6898 5450//6898 5451//6898
f 5453//6899 5456//6899 5457//6899
f 5458//6900 5457//6900 5456//6900
f 5459//6901 5457//6901 5458//6901
f 5460//6902 5463//6902 5464//6902
f 5465//6903 5464//6903 5463//6903
f 5466//6904 5464//6904 5465//6904
f 5467//6905 5470//6905 5471//6905
f 5472//6906 5471//6906 5470//6906
f 5473//6907 5471//6907 5472//6907
f 5474//6908 5477//6908 5478//6908
f 5479//6909 5478//6909 5477//6909
f 5480//6910 5478//6910 5479//6910
f 5481//6911 5484//6911 5485//6911
f 5486//6912 5485//6912 5484//6912
f 5487//6913 5485//6913 5486//6913
f 5488//6914 5491//6914 5492//6914
f 5493//6915 5492//6915 5491//6915
f 5494//6916 5492//6916 5493//6916
f 5495//6917 5498//6917 5499//6917
f 5500//6918 5499//6918 5498//6918
f 5501//6919 5499//6919 5500//6919
f 5502//6920 5505//6920 5506//6920
f 5507//6921 5506//6921 5505//6921
f 5508//6922 5506//6922 5507//6922
f 5398//6923 5400//6923 5389//6923
f 5400//6805 5397//6805 5383//6805
f 5391//6806 5393//6806 5410//6806
f 5393//6807 5390//6807 5404//6807
f 5392//6808 5395//6808 5388//6808
f 5395//6809 5391//6809 5385//6809
f 5399//6810 5402//6810 5409//6810
f 5409//6811 5402//6811 5398//6811
f 5412//6812 5414//6812 5403//6812
f 5414//6813 5411//6813 5397//6813
f 5405//6924 5407//6924 5424//6924
f 5407//6815 5404//6815 5418//6815
f 5413//6816 5416//6816 5423//6816
f 5416//6817 5412//6817 5420//6817
f 5413//6818 5426//6818 5428//6818
f 5428//6819 5425//6819 5411//6819
f 5419//6820 5421//6820 5438//6820
f 5421//6821 5418//6821 5432//6821
f 5433//6822 5427//6822 5430//6822
f 5430//6823 5426//6823 5434//6823
f 5427//6925 5440//6925 5442//6925
f 5431//6926 5442//6926 5439//6926
f 5433//6927 5435//6927 5452//6927
f 5435//6827 5432//6827 5446//6827
f 5447//6828 5441//6828 5444//6828
f 5444//6829 5440//6829 5448//6829
f 5454//6928 5456//6928 5445//6928
f 5456//6831 5453//6831 5439//6831
f 5462//6832 5447//6832 5449//6832
f 5449//6833 5446//6833 5460//6833
f 5461//6834 5455//6834 5458//6834
f 5458//6835 5454//6835 5462//6835
f 5468//6929 5470//6929 5459//6929
f 5470//6930 5467//6930 5453//6930
f 5461//6838 5463//6838 5480//6838
f 5480//6839 5463//6839 5460//6839
f 5469//6840 5472//6840 5479//6840
f 5472//6931 5468//6931 5476//6931
f 5482//6842 5484//6842 5473//6842
f 5484//6932 5481//6932 5467//6932
f 5490//6844 5475//6844 5477//6844
f 5477//6845 5474//6845 5488//6845
f 5483//6846 5486//6846 5493//6846
f 5493//6847 5486//6847 5482//6847
f 5496//6848 5498//6848 5487//6848
f 5498//6849 5495//6849 5481//6849
f 5489//6933 5491//6933 5508//6933
f 5491//6851 5488//6851 5502//6851
f 5497//6852 5500//6852 5507//6852
f 5500//6853 5496//6853 5504//6853
f 5384//6854 5386//6854 5501//6854
f 5386//6855 5383//6855 5495//6855
f 5392//6856 5503//6856 5505//6856
f 5396//6857 5505//6857 5502//6857
f 5495//6858 5383//6858 5397//6858
f 5397//6858 5411//6858 5425//6858
f 5425//6858 5439//6858 5453//6858
f 5453//6858 5467//6858 5481//6858
f 5481//6858 5495//6858 5397//6858
f 5397//6858 5425//6858 5453//6858
f 5385//6859 5391//6859 5406//6859
f 5503//6860 5392//6860 5384//6860
f 5418//6861 5404//6861 5390//6861
f 5390//6861 5502//6861 5488//6861
f 5488//6861 5474//6861 5460//6861
f 5460//6861 5446//6861 5432//6861
f 5432//6861 5418//6861 5390//6861
f 5390//6861 5488//6861 5460//6861
f 5399//6862 5405//6862 5420//6862
f 5419//6863 5434//6863 5426//6863
f 5427//6864 5433//6864 5448//6864
f 5447//6865 5462//6865 5454//6865
f 5461//6866 5476//6866 5468//6866
f 5475//6867 5490//6867 5482//6867
f 5483//6868 5489//6868 5504//6868
o Mountain_2
v 12.000000 -0.299999 -96.808449
v 11.828243 -0.142559 -96.844635
v 12.171757 -0.142559 -96.844635
v 11.895190 -0.253887 -96.878555
v 12.000000 -0.231104 -96.897850
v 12.000000 -0.131229 -96.863846
v 12.104810 -0.253885 -96.878555
v 12.000000 38.700001 -73.808449
v 12.171757 38.542561 -74.030334
v 11.828243 38.542561 -74.030334
v 12.092448 38.653885 -73.937439
v 12.000000 38.635811 -73.978203
v 12.000000 38.553894 -74.049545
v 11.907552 38.653885 -73.937439
v 27.946564 -0.299999 -91.004372
v 27.838253 -0.142559 -91.142502
v 28.101398 -0.142559 -90.921692
v 27.911339 -0.253885 -91.125450
v 28.004030 -0.231104 -91.072861
v 27.982174 -0.131227 -91.046814
v 28.071915 -0.253885 -90.990707
v 13.162448 38.700001 -73.385353
v 13.436647 38.542561 -73.444923
v 13.173501 38.542561 -73.665733
v 13.316183 38.653885 -73.424744
v 13.271564 38.635811 -73.515388
v 13.317424 38.553890 -73.570045
v 13.174544 38.653885 -73.543594
v 36.431549 -0.299999 -76.307945
v 36.437363 -0.142559 -76.483376
v 36.497017 -0.142559 -76.145081
v 36.482391 -0.253885 -76.423332
v 36.519596 -0.231104 -76.323463
v 36.486111 -0.131231 -76.317566
v 36.518791 -0.253885 -76.216896
v 13.780973 38.700001 -72.314034
v 14.029315 38.542561 -72.183418
v 13.969665 38.542561 -72.521713
v 13.924062 38.653885 -72.245392
v 13.948148 38.635811 -72.343513
v 14.018410 38.553890 -72.355904
v 13.891954 38.653885 -72.427475
v 33.484749 -0.299999 -59.595776
v 33.601967 -0.142559 -59.726425
v 33.430206 -0.142559 -59.428936
v 33.597862 -0.253885 -59.651489
v 33.562172 -0.231104 -59.551075
v 33.532726 -0.131229 -59.568077
v 33.493057 -0.253883 -59.469955
v 13.566162 38.700001 -71.095779
v 13.672443 38.542561 -70.836090
v 13.844200 38.542561 -71.133575
v 13.631650 38.653885 -70.951218
v 13.713173 38.635811 -71.010902
v 13.774960 38.553890 -70.975227
v 13.724098 38.653885 -71.111343
v 20.484989 -0.299999 -48.687683
v 20.658764 -0.142559 -48.712425
v 20.335968 -0.142559 -48.594933
v 20.607456 -0.253885 -48.657654
v 20.515566 -0.231104 -48.603676
v 20.503937 -0.131227 -48.635628
v 20.410479 -0.253885 -48.585960
v 12.618526 38.700001 -70.300613
v 12.533017 38.542561 -70.033363
v 12.855814 38.542561 -70.150856
v 12.575771 38.653885 -70.147781
v 12.676585 38.635811 -70.141098
v 12.700987 38.553890 -70.074059
v 12.749517 38.653885 -70.211021
v 3.515011 -0.299999 -48.687683
v 3.664032 -0.142559 -48.594933
v 3.341235 -0.142559 -48.712425
v 3.589522 -0.253885 -48.585960
v 3.484434 -0.231104 -48.603672
v 3.496064 -0.131227 -48.635628
v 3.392546 -0.253885 -48.657654
v 11.381474 38.700001 -70.300613
v 11.144186 38.542561 -70.150856
v 11.466983 38.542561 -70.033363
v 11.250483 38.653885 -70.211021
v 11.323415 38.635811 -70.141098
v 11.299013 38.553890 -70.074059
v 11.424229 38.653885 -70.147781
v -9.484747 -0.299999 -59.595776
v -9.430208 -0.142559 -59.428936
v -9.601965 -0.142559 -59.726425
v -9.493055 -0.253885 -59.469955
v -9.562170 -0.231104 -59.551075
v -9.532724 -0.131229 -59.568077
v -9.597862 -0.253885 -59.651489
v 10.433838 38.700001 -71.095779
v 10.155800 38.542561 -71.133575
v 10.327557 38.542561 -70.836090
v 10.275902 38.653885 -71.111343
v 10.286827 38.635811 -71.010902
v 10.225040 38.553890 -70.975227
v 10.368350 38.653885 -70.951218
v -12.431551 -0.299999 -76.307945
v -12.497015 -0.142559 -76.145081
v -12.437366 -0.142559 -76.483376
v -12.518789 -0.253885 -76.216904
v -12.519596 -0.231104 -76.323463
v -12.486109 -0.131229 -76.317566
v -12.482393 -0.253885 -76.423332
v 10.219027 38.700001 -72.314034
v 10.030335 38.542561 -72.521713
v 9.970685 38.542561 -72.183418
v 10.108046 38.653885 -72.427475
v 10.051851 38.635811 -72.343513
v 9.981590 38.553890 -72.355904
v 10.075938 38.653885 -72.245392
v -3.946564 -0.299999 -91.004372
v -4.101398 -0.142559 -90.921692
v -3.838252 -0.142559 -91.142502
v -4.071915 -0.253885 -90.990707
v -4.004030 -0.231104 -91.072861
v -3.982176 -0.131229 -91.046814
v -3.911337 -0.253885 -91.125450
v 10.837552 38.700001 -73.385353
v 10.826499 38.542561 -73.665733
v 10.563353 38.542561 -73.444923
v 10.825456 38.653885 -73.543594
v 10.728436 38.635811 -73.515388
v 10.682576 38.553890 -73.570045
v 10.683817 38.653885 -73.424744
vn -0.0597 -0.7907 -0.6093
vn -0.1228 0.2209 -0.9675
vn 0.1228 0.2209 -0.9675
vn 0.0269 0.9350 -0.3536
vn 0.1254 0.6868 -0.7160
vn -0.1254 0.6868 -0.7160
vn 0.3459 -0.7907 -0.5051
vn 0.5278 0.2209 -0.8201
vn 0.7160 0.2209 -0.6622
vn 0.2479 0.9350 -0.2535
vn 0.5563 0.6868 -0.4679
vn 0.3642 0.6868 -0.6291
vn 0.5897 -0.7907 -0.1645
vn 0.9315 0.2209 -0.2889
vn 0.9742 0.2209 -0.0471
vn 0.3529 0.9350 -0.0349
vn 0.7269 0.6868 -0.0008
vn 0.6833 0.6867 -0.2478
vn 0.5575 -0.7907 0.2530
vn 0.8993 0.2209 0.3774
vn 0.7765 0.2209 0.5901
vn 0.2927 0.9350 0.2001
vn 0.5574 0.6868 0.4666
vn 0.6828 0.6868 0.2494
vn 0.2645 -0.7907 0.5522
vn 0.4463 0.2209 0.8672
vn 0.2155 0.2209 0.9512
vn 0.0956 0.9350 0.3414
vn 0.1271 0.6868 0.7157
vn 0.3627 0.6868 0.6299
vn -0.1523 -0.7907 0.5930
vn -0.2155 0.2209 0.9512
vn -0.4463 0.2209 0.8672
vn -0.1462 0.9350 0.3230
vn -0.3627 0.6868 0.6299
vn -0.1271 0.6868 0.7157
vn -0.4979 -0.7907 0.3563
vn -0.7765 0.2209 0.5901
vn -0.8993 0.2209 0.3774
vn -0.3197 0.9350 0.1535
vn -0.6828 0.6868 0.2494
vn -0.5574 0.6868 0.4666
vn -0.6104 -0.7907 -0.0470
vn -0.9742 0.2209 -0.0471
vn -0.9315 0.2209 -0.2889
vn -0.3435 0.9350 -0.0879
vn -0.6833 0.6868 -0.2478
vn -0.7269 0.6868 -0.0008
vn -0.4374 -0.7907 -0.4284
vn -0.7160 0.2209 -0.6622
vn -0.5278 0.2209 -0.8201
vn -0.2066 0.9350 -0.2881
vn -0.3642 0.6868 -0.6291
vn -0.5563 0.6868 -0.4679
vn 0.3409 0.0804 -0.9366
vn 0.1412 -0.9108 -0.3880
vn 0.2385 0.7167 -0.6553
vn 0.0988 0.9574 -0.2714
vn -0.1288 0.5038 -0.8542
vn 0.1288 0.5038 -0.8542
vn 0.6477 0.5038 -0.5716
vn 0.4504 0.5038 -0.7371
vn 0.8632 0.0803 -0.4984
vn 0.3576 -0.9108 -0.2064
vn 0.6039 0.7167 -0.3487
vn 0.2502 0.9574 -0.1444
vn 0.8636 0.5038 -0.0215
vn 0.8189 0.5038 -0.2751
vn 0.9816 0.0803 0.1731
vn 0.4066 -0.9108 0.0717
vn 0.6868 0.7167 0.1211
vn 0.2845 0.9574 0.0502
vn 0.6754 0.5038 0.5386
vn 0.8041 0.5038 0.3156
vn 0.6407 0.0804 0.7636
vn 0.2654 -0.9108 0.3163
vn 0.4483 0.7167 0.5342
vn 0.1857 0.9574 0.2213
vn 0.1711 0.5038 0.8467
vn 0.4132 0.5038 0.7586
vn -0.0000 0.0803 0.9968
vn -0.0000 -0.9108 0.4129
vn -0.0000 0.7167 0.6974
vn -0.0000 0.9574 0.2889
vn -0.4132 0.5038 0.7586
vn -0.1711 0.5038 0.8467
vn -0.6407 0.0804 0.7636
vn -0.2654 -0.9108 0.3163
vn -0.4482 0.7167 0.5342
vn -0.1857 0.9574 0.2213
vn -0.8041 0.5038 0.3156
vn -0.6754 0.5038 0.5386
vn -0.9816 0.0803 0.1731
vn -0.4066 -0.9108 0.0717
vn -0.6868 0.7167 0.1211
vn -0.2845 0.9574 0.0502
vn -0.8189 0.5038 -0.2752
vn -0.8636 0.5038 -0.0215
vn -0.8632 0.0804 -0.4984
vn -0.3575 -0.9108 -0.2064
vn -0.6039 0.7167 -0.3487
vn -0.2502 0.9574 -0.1444
vn -0.4504 0.5038 -0.7371
vn -0.6477 0.5038 -0.5716
vn -0.3409 0.0803 -0.9367
vn -0.1412 -0.9108 -0.3880
vn -0.2385 0.7167 -0.6553
vn -0.0988 0.9574 -0.2714
vn -0.0000 -1.0000 -0.0000
vn 0.2992 0.4847 -0.8219
vn -0.2992 0.4847 -0.8219
vn -0.0000 1.0000 -0.0000
vn 0.7575 0.4847 -0.4373
vn 0.8614 0.4847 0.1519
vn 0.5622 0.4847 0.6700
vn -0.0000 0.4847 0.8747
vn -0.5622 0.4847 0.6700
vn -0.8614 0.4847 0.1519
vn -0.7575 0.4847 -0.4373
vn 0.0597 -0.7907 -0.6093
vn -0.2373 0.3131 -0.9196
vn 0.2373 0.3131 -0.9196
vn -0.0269 0.9350 -0.3536
vn 0.1999 0.6435 -0.7389
vn -0.2000 0.6435 -0.7389
vn 0.4374 -0.7907 -0.4284
vn 0.4093 0.3130 -0.8570
vn 0.7729 0.3131 -0.5519
vn 0.2066 0.9350 -0.2881
vn 0.6281 0.6435 -0.4375
vn 0.3218 0.6435 -0.6945
vn 0.6104 -0.7907 -0.0470
vn 0.8644 0.3131 -0.3934
vn 0.9468 0.3131 0.0741
vn 0.3435 0.9350 -0.0879
vn 0.7624 0.6435 0.0686
vn 0.6929 0.6435 -0.3252
vn 0.4979 -0.7907 0.3563
vn 0.9151 0.3131 0.2543
vn 0.6777 0.3131 0.6654
vn 0.3197 0.9350 0.1535
vn 0.5399 0.6435 0.5426
vn 0.7399 0.6435 0.1963
vn 0.1523 -0.7907 0.5930
vn 0.5376 0.3131 0.7830
vn 0.0915 0.3130 0.9453
vn 0.1462 0.9350 0.3230
vn 0.0648 0.6435 0.7627
vn 0.4406 0.6435 0.6259
vn -0.2645 -0.7907 0.5522
vn -0.0915 0.3131 0.9453
vn -0.5376 0.3131 0.7829
vn -0.0956 0.9350 0.3414
vn -0.4406 0.6435 0.6259
vn -0.0648 0.6435 0.7627
vn -0.5575 -0.7907 0.2530
vn -0.6777 0.3131 0.6654
vn -0.9151 0.3131 0.2542
vn -0.2927 0.9350 0.2001
vn -0.7399 0.6435 0.1963
vn -0.5399 0.6435 0.5426
vn -0.5897 -0.7907 -0.1645
vn -0.9468 0.3131 0.0741
vn -0.8644 0.3131 -0.3934
vn -0.3529 0.9350 -0.0349
vn -0.6929 0.6435 -0.3252
vn -0.7624 0.6435 0.0686
vn -0.3459 -0.7907 -0.5051
vn -0.7729 0.3131 -0.5519
vn -0.4093 0.3131 -0.8570
vn -0.2479 0.9350 -0.2535
vn -0.3218 0.6435 -0.6945
vn -0.6281 0.6435 -0.4375
vn 0.3409 0.0803 -0.9367
vn 0.6477 0.5038 -0.5715
vn 0.4504 0.5037 -0.7371
vn 0.8632 0.0804 -0.4984
vn 0.8189 0.5038 -0.2752
vn 0.9816 0.0804 0.1731
vn 0.6407 0.0803 0.7636
vn -0.0000 0.0804 0.9968
vn -0.6407 0.0803 0.7636
vn -0.4483 0.7167 0.5342
vn -0.8189 0.5038 -0.2751
vn -0.3576 -0.9108 -0.2064
s 0
usemtl Distant_Mountain
f 5509//6934 5513//6934 5515//6934
f 5514//6935 5512//6935 5510//6935
f 5515//6936 5514//6936 5511//6936
f 5516//6937 5520//6937 5522//6937
f 5521//6938 5519//6938 5517//6938
f 5522//6939 5521//6939 5518//6939
f 5523//6940 5527//6940 5529//6940
f 5528//6941 5526//6941 5524//6941
f 5529//6942 5528//6942 5525//6942
f 5530//6943 5534//6943 5536//6943
f 5535//6944 5533//6944 5531//6944
f 5536//6945 5535//6945 5532//6945
f 5537//6946 5541//6946 5543//6946
f 5542//6947 5540//6947 5538//6947
f 5543//6948 5542//6948 5539//6948
f 5544//6949 5548//6949 5550//6949
f 5549//6950 5547//6950 5545//6950
f 5550//6951 5549//6951 5546//6951
f 5551//6952 5555//6952 5557//6952
f 5556//6953 5554//6953 5552//6953
f 5557//6954 5556//6954 5553//6954
f 5558//6955 5562//6955 5564//6955
f 5563//6956 5561//6956 5559//6956
f 5564//6957 5563//6957 5560//6957
f 5565//6958 5569//6958 5571//6958
f 5570//6959 5568//6959 5566//6959
f 5571//6960 5570//6960 5567//6960
f 5572//6961 5576//6961 5578//6961
f 5577//6962 5575//6962 5573//6962
f 5578//6963 5577//6963 5574//6963
f 5579//6964 5583//6964 5585//6964
f 5584//6965 5582//6965 5580//6965
f 5585//6966 5584//6966 5581//6966
f 5586//6967 5590//6967 5592//6967
f 5591//6968 5589//6968 5587//6968
f 5592//6969 5591//6969 5588//6969
f 5593//6970 5597//6970 5599//6970
f 5598//6971 5596//6971 5594//6971
f 5599//6972 5598//6972 5595//6972
f 5600//6973 5604//6973 5606//6973
f 5605//6974 5603//6974 5601//6974
f 5606//6975 5605//6975 5602//6975
f 5607//6976 5611//6976 5613//6976
f 5612//6977 5610//6977 5608//6977
f 5613//6978 5612//6978 5609//6978
f 5614//6979 5618//6979 5620//6979
f 5619//6980 5617//6980 5615//6980
f 5620//6981 5619//6981 5616//6981
f 5621//6982 5625//6982 5627//6982
f 5626//6983 5624//6983 5622//6983
f 5627//6984 5626//6984 5623//6984
f 5628//6985 5632//6985 5634//6985
f 5633//6986 5631//6986 5629//6986
f 5634//6987 5633//6987 5630//6987
f 5524//6988 5515//6988 5511//6988
f 5515//6989 5523//6989 5509//6989
f 5517//6990 5536//6990 5532//6990
f 5519//6991 5530//6991 5536//6991
f 5510//6992 5521//6992 5514//6992
f 5514//6993 5517//6993 5511//6993
f 5525//6994 5535//6994 5531//6994
f 5528//6995 5532//6995 5535//6995
f 5538//6996 5529//6996 5525//6996
f 5529//6997 5537//6997 5523//6997
f 5531//6998 5550//6998 5546//6998
f 5533//6999 5544//6999 5550//6999
f 5539//7000 5549//7000 5545//7000
f 5542//7001 5546//7001 5549//7001
f 5552//7002 5543//7002 5539//7002
f 5554//7003 5537//7003 5543//7003
f 5545//7004 5564//7004 5560//7004
f 5547//7005 5558//7005 5564//7005
f 5559//7006 5556//7006 5563//7006
f 5563//7007 5552//7007 5560//7007
f 5553//7008 5568//7008 5557//7008
f 5568//7009 5551//7009 5557//7009
f 5559//7010 5578//7010 5574//7010
f 5561//7011 5572//7011 5578//7011
f 5573//7012 5570//7012 5577//7012
f 5577//7013 5566//7013 5574//7013
f 5580//7014 5571//7014 5567//7014
f 5582//7015 5565//7015 5571//7015
f 5573//7016 5592//7016 5588//7016
f 5575//7017 5586//7017 5592//7017
f 5587//7018 5584//7018 5591//7018
f 5584//7019 5588//7019 5591//7019
f 5594//7020 5585//7020 5581//7020
f 5596//7021 5579//7021 5585//7021
f 5602//7022 5589//7022 5606//7022
f 5589//7023 5600//7023 5606//7023
f 5595//7024 5605//7024 5601//7024
f 5598//7025 5602//7025 5605//7025
f 5608//7026 5599//7026 5595//7026
f 5599//7027 5607//7027 5593//7027
f 5601//7028 5620//7028 5616//7028
f 5620//7029 5600//7029 5614//7029
f 5609//7030 5619//7030 5615//7030
f 5612//7031 5616//7031 5619//7031
f 5622//7032 5613//7032 5609//7032
f 5613//7033 5621//7033 5607//7033
f 5615//7034 5634//7034 5630//7034
f 5617//7035 5628//7035 5634//7035
f 5629//7036 5626//7036 5633//7036
f 5626//7037 5630//7037 5633//7037
f 5510//7038 5627//7038 5623//7038
f 5627//7039 5509//7039 5621//7039
f 5518//7040 5631//7040 5522//7040
f 5631//7041 5516//7041 5522//7041
f 5523//7042 5579//7042 5607//7042
f 5511//7043 5532//7043 5524//7043
f 5623//7044 5518//7044 5510//7044
f 5516//7045 5586//7045 5558//7045
f 5525//7046 5546//7046 5538//7046
f 5545//7047 5552//7047 5539//7047
f 5553//7048 5574//7048 5566//7048
f 5573//7049 5580//7049 5567//7049
f 5581//7050 5602//7050 5594//7050
f 5601//7051 5608//7051 5595//7051
f 5615//7052 5622//7052 5609//7052
f 5509//7053 5512//7053 5513//7053
f 5514//7054 5513//7054 5512//7054
f 5515//7055 5513//7055 5514//7055
f 5516//7056 5519//7056 5520//7056
f 5521//7057 5520//7057 5519//7057
f 5522//7058 5520//7058 5521//7058
f 5523//7059 5526//7059 5527//7059
f 5528//7060 5527//7060 5526//7060
f 5529//7061 5527//7061 5528//7061
f 5530//7062 5533//7062 5534//7062
f 5535//7063 5534//7063 5533//7063
f 5536//7064 5534//7064 5535//7064
f 5537//7065 5540//7065 5541//7065
f 5542//7066 5541//7066 5540//7066
f 5543//7067 5541//7067 5542//7067
f 5544//7068 5547//7068 5548//7068
f 5549//7069 5548//7069 5547//7069
f 5550//7070 5548//7070 5549//7070
f 5551//7071 5554//7071 5555//7071
f 5556//7072 5555//7072 5554//7072
f 5557//7073 5555//7073 5556//7073
f 5558//7074 5561//7074 5562//7074
f 5563//7075 5562//7075 5561//7075
f 5564//7076 5562//7076 5563//7076
f 5565//7077 5568//7077 5569//7077
f 5570//7078 5569//7078 5568//7078
f 5571//7079 5569//7079 5570//7079
f 5572//7080 5575//7080 5576//7080
f 5577//7081 5576//7081 5575//7081
f 5578//7082 5576//7082 5577//7082
f 5579//7083 5582//7083 5583//7083
f 5584//7084 5583//7084 5582//7084
f 5585//7085 5583//7085 5584//7085
f 5586//7086 5589//7086 5590//7086
f 5591//7087 5590//7087 5589//7087
f 5592//7088 5590//7088 5591//7088
f 5593//7089 5596//7089 5597//7089
f 5598//7090 5597//7090 5596//7090
f 5599//7091 5597//7091 5598//7091
f 5600//7092 5603//7092 5604//7092
f 5605//7093 5604//7093 5603//7093
f 5606//7094 5604//7094 5605//7094
f 5607//7095 5610//7095 5611//7095
f 5612//7096 5611//7096 5610//7096
f 5613//7097 5611//7097 5612//7097
f 5614//7098 5617//7098 5618//7098
f 5619//7099 5618//7099 5617//7099
f 5620//7100 5618//7100 5619//7100
f 5621//7101 5624//7101 5625//7101
f 5626//7102 5625//7102 5624//7102
f 5627//7103 5625//7103 5626//7103
f 5628//7104 5631//7104 5632//7104
f 5633//7105 5632//7105 5631//7105
f 5634//7106 5632//7106 5633//7106
f 5524//7107 5526//7107 5515//7107
f 5515//6989 5526//6989 5523//6989
f 5517//6990 5519//6990 5536//6990
f 5519//6991 5516//6991 5530//6991
f 5510//6992 5518//6992 5521//6992
f 5514//6993 5521//6993 5517//6993
f 5525//7108 5528//7108 5535//7108
f 5528//7109 5524//7109 5532//7109
f 5538//7110 5540//7110 5529//7110
f 5529//6997 5540//6997 5537//6997
f 5531//6998 5533//6998 5550//6998
f 5533//6999 5530//6999 5544//6999
f 5539//7000 5542//7000 5549//7000
f 5542//7111 5538//7111 5546//7111
f 5552//7112 5554//7112 5543//7112
f 5554//7003 5551//7003 5537//7003
f 5545//7004 5547//7004 5564//7004
f 5547//7005 5544//7005 5558//7005
f 5559//7006 5553//7006 5556//7006
f 5563//7007 5556//7007 5552//7007
f 5553//7113 5566//7113 5568//7113
f 5568//7009 5565//7009 5551//7009
f 5559//7010 5561//7010 5578//7010
f 5561//7011 5558//7011 5572//7011
f 5573//7012 5567//7012 5570//7012
f 5577//7013 5570//7013 5566//7013
f 5580//7114 5582//7114 5571//7114
f 5582//7015 5579//7015 5565//7015
f 5573//7016 5575//7016 5592//7016
f 5575//7017 5572//7017 5586//7017
f 5587//7018 5581//7018 5584//7018
f 5584//7019 5580//7019 5588//7019
f 5594//7115 5596//7115 5585//7115
f 5596//7021 5593//7021 5579//7021
f 5602//7116 5587//7116 5589//7116
f 5589//7023 5586//7023 5600//7023
f 5595//7024 5598//7024 5605//7024
f 5598//7025 5594//7025 5602//7025
f 5608//7026 5610//7026 5599//7026
f 5599//7027 5610//7027 5607//7027
f 5601//7028 5603//7028 5620//7028
f 5620//7029 5603//7029 5600//7029
f 5609//7117 5612//7117 5619//7117
f 5612//7031 5608//7031 5616//7031
f 5622//7032 5624//7032 5613//7032
f 5613//7118 5624//7118 5621//7118
f 5615//7034 5617//7034 5634//7034
f 5617//7035 5614//7035 5628//7035
f 5629//7036 5623//7036 5626//7036
f 5626//7037 5622//7037 5630//7037
f 5510//7038 5512//7038 5627//7038
f 5627//7039 5512//7039 5509//7039
f 5518//7040 5629//7040 5631//7040
f 5631//7041 5628//7041 5516//7041
f 5621//7042 5509//7042 5523//7042
f 5523//7042 5537//7042 5551//7042
f 5551//7042 5565//7042 5579//7042
f 5579//7042 5593//7042 5607//7042
f 5607//7042 5621//7042 5523//7042
f 5523//7042 5551//7042 5579//7042
f 5511//7043 5517//7043 5532//7043
f 5623//7044 5629//7044 5518//7044
f 5544//7045 5530//7045 5516//7045
f 5516//7045 5628//7045 5614//7045
f 5614//7045 5600//7045 5586//7045
f 5586//7045 5572//7045 5558//7045
f 5558//7045 5544//7045 5516//7045
f 5516//7045 5614//7045 5586//7045
f 5525//7046 5531//7046 5546//7046
f 5545//7047 5560//7047 5552//7047
f 5553//7048 5559//7048 5574//7048
f 5573//7049 5588//7049 5580//7049
f 5581//7050 5587//7050 5602//7050
f 5601//7051 5616//7051 5608//7051
f 5615//7052 5630//7052 5622//7052
o Mountain_3
v 42.000000 -0.300000 -79.808449
v 41.828369 -0.141392 -79.846962
v 42.171631 -0.141392 -79.846962
v 41.895401 -0.253546 -79.879303
v 42.000000 -0.230653 -79.898926
v 42.000000 -0.130248 -79.866478
v 42.104595 -0.253546 -79.879303
v 42.000000 28.700001 -63.248447
v 42.171631 28.541391 -63.468102
v 41.828369 28.541391 -63.468102
v 42.092537 28.653545 -63.376743
v 42.000000 28.635283 -63.417301
v 42.000000 28.552534 -63.487614
v 41.907463 28.653545 -63.376743
v 53.447048 -0.300000 -75.642059
v 53.340328 -0.141392 -75.781891
v 53.603283 -0.141392 -75.561241
v 53.412468 -0.253546 -75.763565
v 53.505203 -0.230653 -75.711372
v 53.484348 -0.130249 -75.686516
v 53.572716 -0.253546 -75.629105
v 42.802486 28.700001 -62.956367
v 43.075153 28.541391 -63.014309
v 42.812202 28.541391 -63.234955
v 42.955841 28.653545 -62.995163
v 42.911022 28.635283 -63.085716
v 42.956219 28.552534 -63.139580
v 42.814064 28.653545 -63.114128
v 59.537899 -0.300000 -65.092407
v 59.546021 -0.141392 -65.268112
v 59.605629 -0.141392 -64.930069
v 59.589516 -0.253546 -65.207718
v 59.626999 -0.230653 -65.108116
v 59.595039 -0.130249 -65.102478
v 59.625835 -0.253547 -65.001701
v 43.229481 28.700001 -62.216789
v 43.475601 28.541391 -62.085911
v 43.415997 28.541391 -62.423958
v 43.371895 28.653545 -62.147938
v 43.395771 28.635283 -62.246113
v 43.465015 28.552534 -62.258320
v 43.339760 28.653545 -62.330200
v 57.422569 -0.300000 -53.095776
v 57.541737 -0.141392 -53.225159
v 57.370106 -0.141392 -52.927883
v 57.536224 -0.253546 -53.150932
v 57.500919 -0.230653 -53.050537
v 57.472820 -0.130248 -53.066765
v 57.431629 -0.253546 -52.969769
v 43.081188 28.700001 -61.375774
v 43.185596 28.541391 -61.117313
v 43.357231 28.541391 -61.414585
v 43.146027 28.653545 -61.231491
v 43.227417 28.635283 -61.291351
v 43.288311 28.552534 -61.256191
v 43.238564 28.653545 -61.391769
v 48.090847 -0.300000 -45.265533
v 48.265301 -0.141392 -45.288044
v 47.942741 -0.141392 -45.170639
v 48.213367 -0.253546 -45.234726
v 48.121792 -0.230653 -45.180515
v 48.110695 -0.130249 -45.211010
v 48.016792 -0.253546 -45.163177
v 42.426994 28.700001 -60.826843
v 42.340839 28.541391 -60.561733
v 42.663403 28.541391 -60.679138
v 42.383919 28.653545 -60.674637
v 42.484745 28.635283 -60.668171
v 42.508793 28.552534 -60.602100
v 42.557831 28.653545 -60.737934
v 35.909153 -0.300000 -45.265533
v 36.057259 -0.141392 -45.170639
v 35.734699 -0.141392 -45.288044
v 35.983208 -0.253546 -45.163177
v 35.878208 -0.230653 -45.180515
v 35.889305 -0.130249 -45.211010
v 35.786636 -0.253546 -45.234726
v 41.573006 28.700001 -60.826843
v 41.336597 28.541391 -60.679138
v 41.659161 28.541391 -60.561733
v 41.442169 28.653545 -60.737934
v 41.515255 28.635283 -60.668171
v 41.491207 28.552534 -60.602100
v 41.616081 28.653545 -60.674637
v 26.577431 -0.300000 -53.095776
v 26.629894 -0.141392 -52.927883
v 26.458263 -0.141392 -53.225159
v 26.568371 -0.253546 -52.969769
v 26.499081 -0.230653 -53.050537
v 26.527180 -0.130248 -53.066765
v 26.463776 -0.253546 -53.150932
v 40.918812 28.700001 -61.375774
v 40.642769 28.541391 -61.414585
v 40.814404 28.541391 -61.117313
v 40.761436 28.653545 -61.391769
v 40.772583 28.635283 -61.291351
v 40.711689 28.552534 -61.256191
v 40.853973 28.653545 -61.231491
v 24.462101 -0.300000 -65.092407
v 24.394373 -0.141392 -64.930069
v 24.453978 -0.141392 -65.268112
v 24.374166 -0.253546 -65.001709
v 24.373005 -0.230653 -65.108116
v 24.404959 -0.130250 -65.102478
v 24.410488 -0.253546 -65.207710
v 40.770519 28.700001 -62.216789
v 40.584003 28.541391 -62.423958
v 40.524399 28.541391 -62.085911
v 40.660240 28.653545 -62.330200
v 40.604229 28.635283 -62.246113
v 40.534985 28.552534 -62.258320
v 40.628105 28.653545 -62.147938
v 30.552952 -0.300000 -75.642059
v 30.396717 -0.141392 -75.561241
v 30.659672 -0.141392 -75.781891
v 30.427284 -0.253546 -75.629105
v 30.494797 -0.230653 -75.711365
v 30.515652 -0.130248 -75.686508
v 30.587532 -0.253546 -75.763565
v 41.197514 28.700001 -62.956367
v 41.187798 28.541391 -63.234955
v 40.924847 28.541391 -63.014309
v 41.185936 28.653545 -63.114128
v 41.088978 28.635283 -63.085716
v 41.043781 28.552534 -63.139580
v 41.044159 28.653545 -62.995163
vn -0.0595 -0.7923 -0.6072
vn -0.1237 0.2059 -0.9707
vn 0.1237 0.2059 -0.9707
vn 0.0274 0.9334 -0.3578
vn 0.1263 0.6785 -0.7236
vn -0.1263 0.6785 -0.7236
vn 0.3448 -0.7923 -0.5034
vn 0.5292 0.2059 -0.8231
vn 0.7187 0.2059 -0.6641
vn 0.2509 0.9334 -0.2564
vn 0.5619 0.6785 -0.4731
vn 0.3684 0.6785 -0.6355
vn 0.5877 -0.7923 -0.1640
vn 0.9345 0.2060 -0.2904
vn 0.9774 0.2059 -0.0467
vn 0.3571 0.9334 -0.0351
vn 0.7346 0.6785 -0.0013
vn 0.6907 0.6785 -0.2501
vn 0.5557 -0.7923 0.2521
vn 0.9025 0.2060 0.3782
vn 0.7788 0.2059 0.5925
vn 0.2961 0.9334 0.2026
vn 0.5635 0.6785 0.4712
vn 0.6898 0.6785 0.2524
vn 0.2636 -0.7923 0.5503
vn 0.4483 0.2059 0.8699
vn 0.2158 0.2060 0.9545
vn 0.0966 0.9334 0.3456
vn 0.1288 0.6785 0.7232
vn 0.3662 0.6785 0.6368
vn -0.1518 -0.7923 0.5910
vn -0.2158 0.2060 0.9545
vn -0.4483 0.2059 0.8699
vn -0.1481 0.9334 0.3268
vn -0.3662 0.6785 0.6368
vn -0.1288 0.6785 0.7232
vn -0.4962 -0.7923 0.3551
vn -0.7788 0.2059 0.5925
vn -0.9025 0.2059 0.3782
vn -0.3235 0.9334 0.1551
vn -0.6898 0.6785 0.2524
vn -0.5635 0.6785 0.4712
vn -0.6084 -0.7922 -0.0469
vn -0.9774 0.2059 -0.0467
vn -0.9345 0.2060 -0.2904
vn -0.3476 0.9334 -0.0891
vn -0.6907 0.6785 -0.2501
vn -0.7346 0.6785 -0.0013
vn -0.4359 -0.7923 -0.4270
vn -0.7188 0.2060 -0.6641
vn -0.5292 0.2059 -0.8231
vn -0.2090 0.9334 -0.2917
vn -0.3684 0.6785 -0.6355
vn -0.5619 0.6785 -0.4731
vn 0.3413 0.0663 -0.9376
vn 0.1413 -0.9106 -0.3884
vn 0.2410 0.7095 -0.6623
vn 0.0998 0.9564 -0.2743
vn -0.1298 0.4917 -0.8610
vn 0.1298 0.4917 -0.8610
vn 0.6529 0.4917 -0.5762
vn 0.4540 0.4917 -0.7430
vn 0.8641 0.0664 -0.4989
vn 0.3579 -0.9106 -0.2066
vn 0.6104 0.7094 -0.3524
vn 0.2528 0.9564 -0.1460
vn 0.8705 0.4917 -0.0217
vn 0.8254 0.4917 -0.2774
vn 0.9826 0.0664 0.1733
vn 0.4070 -0.9106 0.0718
vn 0.6941 0.7094 0.1224
vn 0.2875 0.9564 0.0507
vn 0.6808 0.4917 0.5429
vn 0.8106 0.4917 0.3181
vn 0.6414 0.0664 0.7644
vn 0.2657 -0.9106 0.3166
vn 0.4530 0.7094 0.5399
vn 0.1876 0.9564 0.2236
vn 0.1725 0.4917 0.8535
vn 0.4165 0.4917 0.7647
vn -0.0000 0.0664 0.9978
vn -0.0000 -0.9106 0.4133
vn -0.0000 0.7095 0.7048
vn -0.0000 0.9564 0.2919
vn -0.4165 0.4917 0.7647
vn -0.1725 0.4917 0.8535
vn -0.6414 0.0664 0.7644
vn -0.2657 -0.9106 0.3166
vn -0.4530 0.7095 0.5399
vn -0.1876 0.9564 0.2236
vn -0.8106 0.4917 0.3181
vn -0.6808 0.4917 0.5429
vn -0.9826 0.0664 0.1733
vn -0.4070 -0.9106 0.0718
vn -0.6940 0.7095 0.1224
vn -0.2875 0.9564 0.0507
vn -0.8254 0.4917 -0.2774
vn -0.8705 0.4917 -0.0217
vn -0.8641 0.0664 -0.4989
vn -0.3579 -0.9106 -0.2066
vn -0.6103 0.7095 -0.3524
vn -0.2528 0.9564 -0.1460
vn -0.4540 0.4917 -0.7430
vn -0.6529 0.4917 -0.5762
vn -0.3413 0.0663 -0.9376
vn -0.1414 -0.9106 -0.3884
vn -0.2410 0.7095 -0.6623
vn -0.0998 0.9564 -0.2743
vn -0.0000 -1.0000 -0.0000
vn 0.3014 0.4728 -0.8280
vn -0.3014 0.4728 -0.8280
vn -0.0000 1.0000 -0.0000
vn 0.7631 0.4728 -0.4406
vn 0.8678 0.4728 0.1530
vn 0.5664 0.4728 0.6750
vn -0.0000 0.4728 0.8812
vn -0.5664 0.4728 0.6750
vn -0.8678 0.4728 0.1530
vn -0.7631 0.4728 -0.4406
vn 0.0595 -0.7923 -0.6073
vn -0.2387 0.2986 -0.9241
vn 0.2387 0.2986 -0.9240
vn -0.0274 0.9334 -0.3578
vn 0.2020 0.6342 -0.7463
vn -0.2019 0.6342 -0.7463
vn 0.4359 -0.7923 -0.4270
vn 0.4111 0.2986 -0.8613
vn 0.7768 0.2986 -0.5544
vn 0.2090 0.9334 -0.2917
vn 0.6345 0.6342 -0.4419
vn 0.3250 0.6342 -0.7015
vn 0.6084 -0.7923 -0.0469
vn 0.8685 0.2987 -0.3955
vn 0.9514 0.2986 0.0747
vn 0.3476 0.9334 -0.0891
vn 0.7701 0.6342 0.0693
vn 0.6999 0.6342 -0.3285
vn 0.4962 -0.7923 0.3551
vn 0.9196 0.2986 0.2553
vn 0.6809 0.2986 0.6688
vn 0.3235 0.9334 0.1551
vn 0.5454 0.6342 0.5481
vn 0.7473 0.6342 0.1983
vn 0.1518 -0.7923 0.5910
vn 0.5404 0.2986 0.7867
vn 0.0917 0.2986 0.9499
vn 0.1481 0.9334 0.3268
vn 0.0655 0.6342 0.7704
vn 0.4450 0.6342 0.6323
vn -0.2636 -0.7923 0.5503
vn -0.0917 0.2987 0.9499
vn -0.5404 0.2987 0.7866
vn -0.0966 0.9334 0.3456
vn -0.4450 0.6342 0.6323
vn -0.0655 0.6342 0.7704
vn -0.5557 -0.7923 0.2521
vn -0.6809 0.2986 0.6688
vn -0.9196 0.2986 0.2553
vn -0.2961 0.9334 0.2026
vn -0.7473 0.6342 0.1983
vn -0.5454 0.6342 0.5481
vn -0.5877 -0.7923 -0.1640
vn -0.9515 0.2986 0.0746
vn -0.8686 0.2986 -0.3955
vn -0.3571 0.9334 -0.0351
vn -0.6999 0.6342 -0.3285
vn -0.7701 0.6342 0.0693
vn -0.3448 -0.7923 -0.5034
vn -0.7768 0.2986 -0.5545
vn -0.4111 0.2986 -0.8613
vn -0.2509 0.9334 -0.2564
vn -0.3250 0.6342 -0.7015
vn -0.6344 0.6342 -0.4419
vn 0.3413 0.0664 -0.9376
vn 0.1414 -0.9106 -0.3884
vn 0.6103 0.7095 -0.3524
vn 0.6940 0.7095 0.1224
vn 0.4530 0.7095 0.5399
vn 0.1877 0.9564 0.2236
vn -0.4530 0.7094 0.5399
vn -0.6103 0.7094 -0.3524
vn -0.3413 0.0664 -0.9376
vn -0.1413 -0.9106 -0.3884
s 0
usemtl Distant_Mountain
f 5635//7119 5639//7119 5641//7119
f 5640//7120 5638//7120 5636//7120
f 5641//7121 5640//7121 5637//7121
f 5642//7122 5646//7122 5648//7122
f 5647//7123 5645//7123 5643//7123
f 5648//7124 5647//7124 5644//7124
f 5649//7125 5653//7125 5655//7125
f 5654//7126 5652//7126 5650//7126
f 5655//7127 5654//7127 5651//7127
f 5656//7128 5660//7128 5662//7128
f 5661//7129 5659//7129 5657//7129
f 5662//7130 5661//7130 5658//7130
f 5663//7131 5667//7131 5669//7131
f 5668//7132 5666//7132 5664//7132
f 5669//7133 5668//7133 5665//7133
f 5670//7134 5674//7134 5676//7134
f 5675//7135 5673//7135 5671//7135
f 5676//7136 5675//7136 5672//7136
f 5677//7137 5681//7137 5683//7137
f 5682//7138 5680//7138 5678//7138
f 5683//7139 5682//7139 5679//7139
f 5684//7140 5688//7140 5690//7140
f 5689//7141 5687//7141 5685//7141
f 5690//7142 5689//7142 5686//7142
f 5691//7143 5695//7143 5697//7143
f 5696//7144 5694//7144 5692//7144
f 5697//7145 5696//7145 5693//7145
f 5698//7146 5702//7146 5704//7146
f 5703//7147 5701//7147 5699//7147
f 5704//7148 5703//7148 5700//7148
f 5705//7149 5709//7149 5711//7149
f 5710//7150 5708//7150 5706//7150
f 5711//7151 5710//7151 5707//7151
f 5712//7152 5716//7152 5718//7152
f 5717//7153 5715//7153 5713//7153
f 5718//7154 5717//7154 5714//7154
f 5719//7155 5723//7155 5725//7155
f 5724//7156 5722//7156 5720//7156
f 5725//7157 5724//7157 5721//7157
f 5726//7158 5730//7158 5732//7158
f 5731//7159 5729//7159 5727//7159
f 5732//7160 5731//7160 5728//7160
f 5733//7161 5737//7161 5739//7161
f 5738//7162 5736//7162 5734//7162
f 5739//7163 5738//7163 5735//7163
f 5740//7164 5744//7164 5746//7164
f 5745//7165 5743//7165 5741//7165
f 5746//7166 5745//7166 5742//7166
f 5747//7167 5751//7167 5753//7167
f 5752//7168 5750//7168 5748//7168
f 5753//7169 5752//7169 5749//7169
f 5754//7170 5758//7170 5760//7170
f 5759//7171 5757//7171 5755//7171
f 5760//7172 5759//7172 5756//7172
f 5650//7173 5641//7173 5637//7173
f 5652//7174 5635//7174 5641//7174
f 5643//7175 5662//7175 5658//7175
f 5645//7176 5656//7176 5662//7176
f 5636//7177 5647//7177 5640//7177
f 5640//7178 5643//7178 5637//7178
f 5651//7179 5661//7179 5657//7179
f 5661//7180 5650//7180 5658//7180
f 5651//7181 5666//7181 5655//7181
f 5666//7182 5649//7182 5655//7182
f 5657//7183 5676//7183 5672//7183
f 5659//7184 5670//7184 5676//7184
f 5671//7185 5668//7185 5675//7185
f 5675//7186 5664//7186 5672//7186
f 5665//7187 5680//7187 5669//7187
f 5680//7188 5663//7188 5669//7188
f 5686//7189 5673//7189 5690//7189
f 5690//7190 5670//7190 5684//7190
f 5685//7191 5682//7191 5689//7191
f 5689//7192 5678//7192 5686//7192
f 5692//7193 5683//7193 5679//7193
f 5694//7194 5677//7194 5683//7194
f 5685//7195 5704//7195 5700//7195
f 5687//7196 5698//7196 5704//7196
f 5699//7197 5696//7197 5703//7197
f 5703//7198 5692//7198 5700//7198
f 5706//7199 5697//7199 5693//7199
f 5708//7200 5691//7200 5697//7200
f 5699//7201 5718//7201 5714//7201
f 5701//7202 5712//7202 5718//7202
f 5713//7203 5710//7203 5717//7203
f 5717//7204 5706//7204 5714//7204
f 5707//7205 5722//7205 5711//7205
f 5722//7206 5705//7206 5711//7206
f 5713//7207 5732//7207 5728//7207
f 5715//7208 5726//7208 5732//7208
f 5727//7209 5724//7209 5731//7209
f 5724//7210 5728//7210 5731//7210
f 5734//7211 5725//7211 5721//7211
f 5736//7212 5719//7212 5725//7212
f 5727//7213 5746//7213 5742//7213
f 5729//7214 5740//7214 5746//7214
f 5735//7215 5745//7215 5741//7215
f 5745//7216 5734//7216 5742//7216
f 5748//7217 5739//7217 5735//7217
f 5750//7218 5733//7218 5739//7218
f 5756//7219 5743//7219 5760//7219
f 5743//7220 5754//7220 5760//7220
f 5755//7221 5752//7221 5759//7221
f 5752//7222 5756//7222 5759//7222
f 5749//7223 5638//7223 5753//7223
f 5753//7224 5635//7224 5747//7224
f 5644//7225 5757//7225 5648//7225
f 5757//7226 5642//7226 5648//7226
f 5649//7227 5705//7227 5733//7227
f 5643//7228 5650//7228 5637//7228
f 5755//7229 5636//7229 5749//7229
f 5642//7230 5712//7230 5684//7230
f 5657//7231 5664//7231 5651//7231
f 5671//7232 5678//7232 5665//7232
f 5685//7233 5692//7233 5679//7233
f 5699//7234 5706//7234 5693//7234
f 5713//7235 5720//7235 5707//7235
f 5721//7236 5742//7236 5734//7236
f 5741//7237 5748//7237 5735//7237
f 5635//7238 5638//7238 5639//7238
f 5640//7239 5639//7239 5638//7239
f 5641//7240 5639//7240 5640//7240
f 5642//7241 5645//7241 5646//7241
f 5647//7242 5646//7242 5645//7242
f 5648//7243 5646//7243 5647//7243
f 5649//7244 5652//7244 5653//7244
f 5654//7245 5653//7245 5652//7245
f 5655//7246 5653//7246 5654//7246
f 5656//7247 5659//7247 5660//7247
f 5661//7248 5660//7248 5659//7248
f 5662//7249 5660//7249 5661//7249
f 5663//7250 5666//7250 5667//7250
f 5668//7251 5667//7251 5666//7251
f 5669//7252 5667//7252 5668//7252
f 5670//7253 5673//7253 5674//7253
f 5675//7254 5674//7254 5673//7254
f 5676//7255 5674//7255 5675//7255
f 5677//7256 5680//7256 5681//7256
f 5682//7257 5681//7257 5680//7257
f 5683//7258 5681//7258 5682//7258
f 5684//7259 5687//7259 5688//7259
f 5689//7260 5688//7260 5687//7260
f 5690//7261 5688//7261 5689//7261
f 5691//7262 5694//7262 5695//7262
f 5696//7263 5695//7263 5694//7263
f 5697//7264 5695//7264 5696//7264
f 5698//7265 5701//7265 5702//7265
f 5703//7266 5702//7266 5701//7266
f 5704//7267 5702//7267 5703//7267
f 5705//7268 5708//7268 5709//7268
f 5710//7269 5709//7269 5708//7269
f 5711//7270 5709//7270 5710//7270
f 5712//7271 5715//7271 5716//7271
f 5717//7272 5716//7272 5715//7272
f 5718//7273 5716//7273 5717//7273
f 5719//7274 5722//7274 5723//7274
f 5724//7275 5723//7275 5722//7275
f 5725//7276 5723//7276 5724//7276
f 5726//7277 5729//7277 5730//7277
f 5731//7278 5730//7278 5729//7278
f 5732//7279 5730//7279 5731//7279
f 5733//7280 5736//7280 5737//7280
f 5738//7281 5737//7281 5736//7281
f 5739//7282 5737//7282 5738//7282
f 5740//7283 5743//7283 5744//7283
f 5745//7284 5744//7284 5743//7284
f 5746//7285 5744//7285 5745//7285
f 5747//7286 5750//7286 5751//7286
f 5752//7287 5751//7287 5750//7287
f 5753//7288 5751//7288 5752//7288
f 5754//7289 5757//7289 5758//7289
f 5759//7290 5758//7290 5757//7290
f 5760//7291 5758//7291 5759//7291
f 5650//7292 5652//7292 5641//7292
f 5652//7293 5649//7293 5635//7293
f 5643//7175 5645//7175 5662//7175
f 5645//7176 5642//7176 5656//7176
f 5636//7177 5644//7177 5647//7177
f 5640//7178 5647//7178 5643//7178
f 5651//7179 5654//7179 5661//7179
f 5661//7180 5654//7180 5650//7180
f 5651//7181 5664//7181 5666//7181
f 5666//7182 5663//7182 5649//7182
f 5657//7294 5659//7294 5676//7294
f 5659//7184 5656//7184 5670//7184
f 5671//7185 5665//7185 5668//7185
f 5675//7186 5668//7186 5664//7186
f 5665//7187 5678//7187 5680//7187
f 5680//7188 5677//7188 5663//7188
f 5686//7295 5671//7295 5673//7295
f 5690//7190 5673//7190 5670//7190
f 5685//7191 5679//7191 5682//7191
f 5689//7192 5682//7192 5678//7192
f 5692//7193 5694//7193 5683//7193
f 5694//7194 5691//7194 5677//7194
f 5685//7296 5687//7296 5704//7296
f 5687//7297 5684//7297 5698//7297
f 5699//7197 5693//7197 5696//7197
f 5703//7198 5696//7198 5692//7198
f 5706//7199 5708//7199 5697//7199
f 5708//7200 5705//7200 5691//7200
f 5699//7201 5701//7201 5718//7201
f 5701//7202 5698//7202 5712//7202
f 5713//7203 5707//7203 5710//7203
f 5717//7204 5710//7204 5706//7204
f 5707//7205 5720//7205 5722//7205
f 5722//7206 5719//7206 5705//7206
f 5713//7298 5715//7298 5732//7298
f 5715//7208 5712//7208 5726//7208
f 5727//7209 5721//7209 5724//7209
f 5724//7210 5720//7210 5728//7210
f 5734//7211 5736//7211 5725//7211
f 5736//7212 5733//7212 5719//7212
f 5727//7213 5729//7213 5746//7213
f 5729//7214 5726//7214 5740//7214
f 5735//7215 5738//7215 5745//7215
f 5745//7216 5738//7216 5734//7216
f 5748//7217 5750//7217 5739//7217
f 5750//7218 5747//7218 5733//7218
f 5756//7299 5741//7299 5743//7299
f 5743//7220 5740//7220 5754//7220
f 5755//7221 5749//7221 5752//7221
f 5752//7222 5748//7222 5756//7222
f 5749//7300 5636//7300 5638//7300
f 5753//7301 5638//7301 5635//7301
f 5644//7225 5755//7225 5757//7225
f 5757//7226 5754//7226 5642//7226
f 5747//7227 5635//7227 5649//7227
f 5649//7227 5663//7227 5677//7227
f 5677//7227 5691//7227 5705//7227
f 5705//7227 5719//7227 5733//7227
f 5733//7227 5747//7227 5649//7227
f 5649//7227 5677//7227 5705//7227
f 5643//7228 5658//7228 5650//7228
f 5755//7229 5644//7229 5636//7229
f 5670//7230 5656//7230 5642//7230
f 5642//7230 5754//7230 5740//7230
f 5740//7230 5726//7230 5712//7230
f 5712//7230 5698//7230 5684//7230
f 5684//7230 5670//7230 5642//7230
f 5642//7230 5740//7230 5712//7230
f 5657//7231 5672//7231 5664//7231
f 5671//7232 5686//7232 5678//7232
f 5685//7233 5700//7233 5692//7233
f 5699//7234 5714//7234 5706//7234
f 5713//7235 5728//7235 5720//7235
f 5721//7236 5727//7236 5742//7236
f 5741//7237 5756//7237 5748//7237
o Mountain_4
v 64.000000 -0.300000 -63.808449
v 63.828442 -0.140709 -63.848354
v 64.171555 -0.140709 -63.848354
v 63.895535 -0.253345 -63.879745
v 64.000000 -0.230388 -63.899563
v 64.000000 -0.129683 -63.868042
v 64.104469 -0.253345 -63.879745
v 64.000000 22.700001 -50.928448
v 64.171555 22.540709 -51.146763
v 63.828442 22.540709 -51.146763
v 64.092590 22.653345 -51.056320
v 64.000000 22.634968 -51.096760
v 64.000000 22.551735 -51.166451
v 63.907410 22.653345 -51.056324
v 72.875900 -0.300000 -60.577885
v 72.770134 -0.140709 -60.718731
v 73.032974 -0.140709 -60.498180
v 72.841705 -0.253345 -60.699654
v 72.934464 -0.230388 -60.647682
v 72.914207 -0.129683 -60.623539
v 73.001755 -0.253345 -60.565353
v 64.596794 22.700001 -50.711231
v 64.868546 22.540709 -50.768196
v 64.605705 22.540709 -50.988747
v 64.749916 22.653345 -50.749672
v 64.704987 22.634968 -50.840168
v 64.749779 22.551735 -50.893555
v 64.608063 22.653345 -50.868706
v 77.598663 -0.300000 -52.397812
v 77.608177 -0.140709 -52.573692
v 77.667755 -0.140709 -52.235790
v 77.650742 -0.253345 -52.513069
v 77.688393 -0.230388 -52.413635
v 77.657356 -0.129683 -52.408161
v 77.687019 -0.253345 -52.307316
v 64.914345 22.700001 -50.161224
v 65.159126 22.540709 -50.030182
v 65.099548 22.540709 -50.368084
v 65.056351 22.653345 -50.092243
v 65.080101 22.634968 -50.190449
v 65.148727 22.551735 -50.202553
v 65.024193 22.653345 -50.274612
v 75.958466 -0.300000 -43.095776
v 76.078804 -0.140709 -43.224396
v 75.907249 -0.140709 -42.927250
v 76.072449 -0.253345 -43.150597
v 76.037376 -0.230388 -43.050217
v 76.010078 -0.129683 -43.065979
v 75.967979 -0.253345 -42.969658
v 64.804062 22.700001 -49.535774
v 64.907349 22.540709 -49.278046
v 65.078903 22.540709 -49.575191
v 64.868507 22.653345 -49.391651
v 64.949821 22.634968 -49.451622
v 65.010178 22.551735 -49.416775
v 64.961098 22.653345 -49.552025
v 68.722771 -0.300000 -37.024303
v 68.897629 -0.140709 -37.045479
v 68.575203 -0.140709 -36.928127
v 68.845322 -0.253345 -36.993034
v 68.753929 -0.230388 -36.938683
v 68.743149 -0.129683 -36.968300
v 68.648987 -0.253346 -36.921577
v 64.317551 22.700001 -49.127544
v 64.231003 22.540709 -48.863720
v 64.553429 22.540709 -48.981071
v 64.274277 22.653345 -48.975716
v 64.375114 22.634968 -48.969383
v 64.398949 22.551735 -48.903896
v 64.448288 22.653345 -49.039051
v 59.277233 -0.300000 -37.024303
v 59.424793 -0.140709 -36.928127
v 59.102371 -0.140709 -37.045479
v 59.351013 -0.253345 -36.921577
v 59.246067 -0.230388 -36.938683
v 59.256847 -0.129683 -36.968300
v 59.154682 -0.253345 -36.993034
v 63.682453 22.700001 -49.127544
v 63.446575 22.540709 -48.981071
v 63.768997 22.540709 -48.863720
v 63.551708 22.653345 -49.039051
v 63.624886 22.634968 -48.969383
v 63.601051 22.551735 -48.903896
v 63.725723 22.653345 -48.975712
v 52.041534 -0.300000 -43.095776
v 52.092751 -0.140709 -42.927250
v 51.921196 -0.140709 -43.224396
v 52.032021 -0.253345 -42.969658
v 51.962624 -0.230388 -43.050217
v 51.989922 -0.129683 -43.065979
v 51.927555 -0.253345 -43.150597
v 63.195942 22.700001 -49.535774
v 62.921097 22.540709 -49.575191
v 63.092655 22.540709 -49.278046
v 63.038902 22.653345 -49.552025
v 63.050179 22.634968 -49.451622
v 62.989822 22.551735 -49.416775
v 63.131493 22.653345 -49.391651
v 50.401333 -0.300000 -52.397812
v 50.332245 -0.140709 -52.235790
v 50.391823 -0.140709 -52.573692
v 50.312981 -0.253345 -52.307316
v 50.311604 -0.230388 -52.413635
v 50.342644 -0.129683 -52.408161
v 50.349258 -0.253345 -52.513073
v 63.085659 22.700001 -50.161224
v 62.900452 22.540709 -50.368084
v 62.840870 22.540709 -50.030182
v 62.975803 22.653345 -50.274612
v 62.919903 22.634968 -50.190449
v 62.851269 22.551735 -50.202553
v 62.943649 22.653345 -50.092243
v 55.124100 -0.300000 -60.577885
v 54.967026 -0.140709 -60.498180
v 55.229866 -0.140709 -60.718731
v 54.998245 -0.253346 -60.565353
v 55.065533 -0.230388 -60.647682
v 55.085793 -0.129683 -60.623539
v 55.158295 -0.253345 -60.699654
v 63.403206 22.700001 -50.711231
v 63.394295 22.540709 -50.988747
v 63.131454 22.540709 -50.768196
v 63.391937 22.653345 -50.868706
v 63.295017 22.634968 -50.840168
v 63.250221 22.551735 -50.893555
v 63.250080 22.653345 -50.749672
vn -0.0594 -0.7932 -0.6060
vn -0.1243 0.1970 -0.9725
vn 0.1243 0.1970 -0.9725
vn 0.0277 0.9324 -0.3603
vn 0.1269 0.6736 -0.7281
vn -0.1269 0.6736 -0.7281
vn 0.3441 -0.7932 -0.5024
vn 0.5299 0.1970 -0.8249
vn 0.7203 0.1970 -0.6651
vn 0.2528 0.9324 -0.2582
vn 0.5652 0.6736 -0.4762
vn 0.3709 0.6736 -0.6393
vn 0.5865 -0.7932 -0.1637
vn 0.9361 0.1970 -0.2913
vn 0.9793 0.1970 -0.0465
vn 0.3596 0.9324 -0.0353
vn 0.7391 0.6736 -0.0015
vn 0.6950 0.6736 -0.2514
vn 0.5545 -0.7932 0.2516
vn 0.9043 0.1970 0.3786
vn 0.7801 0.1970 0.5939
vn 0.2981 0.9324 0.2041
vn 0.5672 0.6736 0.4739
vn 0.6940 0.6736 0.2542
vn 0.2631 -0.7932 0.5492
vn 0.4494 0.1970 0.8713
vn 0.2158 0.1970 0.9564
vn 0.0971 0.9324 0.3480
vn 0.1298 0.6736 0.7276
vn 0.3682 0.6736 0.6408
vn -0.1515 -0.7932 0.5898
vn -0.2158 0.1970 0.9564
vn -0.4494 0.1970 0.8713
vn -0.1493 0.9324 0.3291
vn -0.3682 0.6736 0.6408
vn -0.1298 0.6736 0.7276
vn -0.4952 -0.7932 0.3544
vn -0.7801 0.1970 0.5939
vn -0.9043 0.1970 0.3786
vn -0.3259 0.9324 0.1561
vn -0.6940 0.6736 0.2542
vn -0.5672 0.6736 0.4739
vn -0.6071 -0.7932 -0.0468
vn -0.9793 0.1970 -0.0465
vn -0.9361 0.1970 -0.2913
vn -0.3500 0.9324 -0.0899
vn -0.6950 0.6736 -0.2514
vn -0.7391 0.6736 -0.0015
vn -0.4350 -0.7932 -0.4261
vn -0.7203 0.1970 -0.6651
vn -0.5299 0.1970 -0.8249
vn -0.2103 0.9324 -0.2938
vn -0.3709 0.6736 -0.6393
vn -0.5652 0.6736 -0.4762
vn 0.3414 0.0581 -0.9381
vn 0.1414 -0.9105 -0.3886
vn 0.2425 0.7051 -0.6664
vn 0.1005 0.9559 -0.2760
vn -0.1304 0.4844 -0.8651
vn 0.1304 0.4844 -0.8651
vn 0.6560 0.4844 -0.5788
vn 0.4561 0.4844 -0.7465
vn 0.8646 0.0581 -0.4992
vn 0.3581 -0.9105 -0.2068
vn 0.6141 0.7051 -0.3546
vn 0.2544 0.9559 -0.1469
vn 0.8746 0.4844 -0.0218
vn 0.8293 0.4844 -0.2787
vn 0.9831 0.0581 0.1734
vn 0.4072 -0.9105 0.0718
vn 0.6984 0.7051 0.1231
vn 0.2893 0.9559 0.0510
vn 0.6840 0.4844 0.5455
vn 0.8144 0.4844 0.3196
vn 0.6417 0.0581 0.7647
vn 0.2658 -0.9105 0.3168
vn 0.4558 0.7051 0.5432
vn 0.1888 0.9559 0.2250
vn 0.1733 0.4844 0.8575
vn 0.4184 0.4844 0.7683
vn -0.0000 0.0581 0.9983
vn -0.0000 -0.9105 0.4135
vn -0.0000 0.7051 0.7091
vn -0.0000 0.9559 0.2937
vn -0.4184 0.4844 0.7683
vn -0.1733 0.4844 0.8575
vn -0.6417 0.0581 0.7648
vn -0.2658 -0.9105 0.3168
vn -0.4558 0.7051 0.5432
vn -0.1888 0.9559 0.2250
vn -0.8144 0.4844 0.3196
vn -0.6840 0.4844 0.5455
vn -0.9831 0.0581 0.1734
vn -0.4072 -0.9105 0.0718
vn -0.6984 0.7051 0.1231
vn -0.2893 0.9559 0.0510
vn -0.8293 0.4844 -0.2786
vn -0.8746 0.4844 -0.0218
vn -0.8646 0.0581 -0.4992
vn -0.3581 -0.9105 -0.2068
vn -0.6141 0.7051 -0.3546
vn -0.2544 0.9559 -0.1469
vn -0.4561 0.4844 -0.7465
vn -0.6560 0.4844 -0.5788
vn -0.3414 0.0581 -0.9381
vn -0.1414 -0.9105 -0.3886
vn -0.2425 0.7051 -0.6664
vn -0.1005 0.9559 -0.2760
vn -0.0000 -1.0000 -0.0000
vn 0.3027 0.4657 -0.8316
vn -0.3027 0.4657 -0.8316
vn -0.0000 1.0000 -0.0000
vn 0.7664 0.4657 -0.4425
vn 0.8715 0.4657 0.1537
vn 0.5688 0.4657 0.6779
vn -0.0000 0.4657 0.8850
vn -0.5688 0.4657 0.6779
vn -0.8715 0.4657 0.1537
vn -0.7664 0.4657 -0.4425
vn 0.0594 -0.7932 -0.6060
vn -0.2395 0.2900 -0.9266
vn 0.2395 0.2900 -0.9266
vn -0.0277 0.9324 -0.3603
vn 0.2031 0.6286 -0.7507
vn -0.2031 0.6286 -0.7507
vn 0.4350 -0.7932 -0.4261
vn 0.4121 0.2900 -0.8637
vn 0.7791 0.2900 -0.5558
vn 0.2103 0.9324 -0.2938
vn 0.6382 0.6286 -0.4445
vn 0.3270 0.6286 -0.7057
vn 0.6072 -0.7932 -0.0468
vn 0.8709 0.2900 -0.3967
vn 0.9541 0.2900 0.0750
vn 0.3500 0.9324 -0.0899
vn 0.7746 0.6286 0.0697
vn 0.7041 0.6286 -0.3304
vn 0.4951 -0.7932 0.3544
vn 0.9222 0.2900 0.2559
vn 0.6827 0.2900 0.6707
vn 0.3259 0.9324 0.1561
vn 0.5486 0.6286 0.5513
vn 0.7517 0.6286 0.1995
vn 0.1515 -0.7932 0.5898
vn 0.5420 0.2900 0.7888
vn 0.0919 0.2900 0.9526
vn 0.1493 0.9324 0.3291
vn 0.0659 0.6286 0.7749
vn 0.4476 0.6286 0.6360
vn -0.2631 -0.7932 0.5492
vn -0.0919 0.2900 0.9526
vn -0.5420 0.2900 0.7888
vn -0.0972 0.9324 0.3480
vn -0.4476 0.6286 0.6360
vn -0.0659 0.6286 0.7749
vn -0.5545 -0.7932 0.2516
vn -0.6827 0.2900 0.6707
vn -0.9222 0.2900 0.2559
vn -0.2981 0.9324 0.2041
vn -0.7517 0.6286 0.1995
vn -0.5486 0.6286 0.5513
vn -0.5865 -0.7932 -0.1637
vn -0.9541 0.2900 0.0750
vn -0.8709 0.2900 -0.3968
vn -0.3596 0.9324 -0.0353
vn -0.7041 0.6286 -0.3304
vn -0.7746 0.6286 0.0697
vn -0.3441 -0.7932 -0.5024
vn -0.7791 0.2900 -0.5558
vn -0.4121 0.2900 -0.8637
vn -0.2528 0.9324 -0.2582
vn -0.3270 0.6286 -0.7057
vn -0.6382 0.6286 -0.4445
vn 0.8293 0.4844 -0.2786
vn 0.6417 0.0581 0.7648
vn -0.8646 0.0580 -0.4991
s 0
usemtl Distant_Mountain
f 5761//7302 5765//7302 5767//7302
f 5766//7303 5764//7303 5762//7303
f 5767//7304 5766//7304 5763//7304
f 5768//7305 5772//7305 5774//7305
f 5773//7306 5771//7306 5769//7306
f 5774//7307 5773//7307 5770//7307
f 5775//7308 5779//7308 5781//7308
f 5780//7309 5778//7309 5776//7309
f 5781//7310 5780//7310 5777//7310
f 5782//7311 5786//7311 5788//7311
f 5787//7312 5785//7312 5783//7312
f 5788//7313 5787//7313 5784//7313
f 5789//7314 5793//7314 5795//7314
f 5794//7315 5792//7315 5790//7315
f 5795//7316 5794//7316 5791//7316
f 5796//7317 5800//7317 5802//7317
f 5801//7318 5799//7318 5797//7318
f 5802//7319 5801//7319 5798//7319
f 5803//7320 5807//7320 5809//7320
f 5808//7321 5806//7321 5804//7321
f 5809//7322 5808//7322 5805//7322
f 5810//7323 5814//7323 5816//7323
f 5815//7324 5813//7324 5811//7324
f 5816//7325 5815//7325 5812//7325
f 5817//7326 5821//7326 5823//7326
f 5822//7327 5820//7327 5818//7327
f 5823//7328 5822//7328 5819//7328
f 5824//7329 5828//7329 5830//7329
f 5829//7330 5827//7330 5825//7330
f 5830//7331 5829//7331 5826//7331
f 5831//7332 5835//7332 5837//7332
f 5836//7333 5834//7333 5832//7333
f 5837//7334 5836//7334 5833//7334
f 5838//7335 5842//7335 5844//7335
f 5843//7336 5841//7336 5839//7336
f 5844//7337 5843//7337 5840//7337
f 5845//7338 5849//7338 5851//7338
f 5850//7339 5848//7339 5846//7339
f 5851//7340 5850//7340 5847//7340
f 5852//7341 5856//7341 5858//7341
f 5857//7342 5855//7342 5853//7342
f 5858//7343 5857//7343 5854//7343
f 5859//7344 5863//7344 5865//7344
f 5864//7345 5862//7345 5860//7345
f 5865//7346 5864//7346 5861//7346
f 5866//7347 5870//7347 5872//7347
f 5871//7348 5869//7348 5867//7348
f 5872//7349 5871//7349 5868//7349
f 5873//7350 5877//7350 5879//7350
f 5878//7351 5876//7351 5874//7351
f 5879//7352 5878//7352 5875//7352
f 5880//7353 5884//7353 5886//7353
f 5885//7354 5883//7354 5881//7354
f 5886//7355 5885//7355 5882//7355
f 5763//7356 5778//7356 5767//7356
f 5778//7357 5761//7357 5767//7357
f 5784//7358 5771//7358 5788//7358
f 5771//7359 5782//7359 5788//7359
f 5770//7360 5766//7360 5762//7360
f 5773//7361 5763//7361 5766//7361
f 5783//7362 5780//7362 5787//7362
f 5780//7363 5784//7363 5787//7363
f 5790//7364 5781//7364 5777//7364
f 5792//7365 5775//7365 5781//7365
f 5783//7366 5802//7366 5798//7366
f 5785//7367 5796//7367 5802//7367
f 5797//7368 5794//7368 5801//7368
f 5794//7369 5798//7369 5801//7369
f 5791//7370 5806//7370 5795//7370
f 5806//7371 5789//7371 5795//7371
f 5797//7372 5816//7372 5812//7372
f 5799//7373 5810//7373 5816//7373
f 5811//7374 5808//7374 5815//7374
f 5815//7375 5804//7375 5812//7375
f 5818//7376 5809//7376 5805//7376
f 5809//7377 5817//7377 5803//7377
f 5811//7378 5830//7378 5826//7378
f 5813//7379 5824//7379 5830//7379
f 5819//7380 5829//7380 5825//7380
f 5829//7381 5818//7381 5826//7381
f 5819//7382 5834//7382 5823//7382
f 5834//7383 5817//7383 5823//7383
f 5825//7384 5844//7384 5840//7384
f 5827//7385 5838//7385 5844//7385
f 5833//7386 5843//7386 5839//7386
f 5843//7387 5832//7387 5840//7387
f 5846//7388 5837//7388 5833//7388
f 5848//7389 5831//7389 5837//7389
f 5839//7390 5858//7390 5854//7390
f 5841//7391 5852//7391 5858//7391
f 5847//7392 5857//7392 5853//7392
f 5857//7393 5846//7393 5854//7393
f 5860//7394 5851//7394 5847//7394
f 5862//7395 5845//7395 5851//7395
f 5853//7396 5872//7396 5868//7396
f 5855//7397 5866//7397 5872//7397
f 5861//7398 5871//7398 5867//7398
f 5864//7399 5868//7399 5871//7399
f 5861//7400 5876//7400 5865//7400
f 5865//7401 5873//7401 5859//7401
f 5867//7402 5886//7402 5882//7402
f 5869//7403 5880//7403 5886//7403
f 5875//7404 5885//7404 5881//7404
f 5885//7405 5874//7405 5882//7405
f 5762//7406 5879//7406 5875//7406
f 5764//7407 5873//7407 5879//7407
f 5770//7408 5883//7408 5774//7408
f 5883//7409 5768//7409 5774//7409
f 5775//7410 5831//7410 5859//7410
f 5769//7411 5776//7411 5763//7411
f 5881//7412 5762//7412 5875//7412
f 5768//7413 5838//7413 5810//7413
f 5783//7414 5790//7414 5777//7414
f 5797//7415 5804//7415 5791//7415
f 5811//7416 5818//7416 5805//7416
f 5825//7417 5832//7417 5819//7417
f 5839//7418 5846//7418 5833//7418
f 5853//7419 5860//7419 5847//7419
f 5867//7420 5874//7420 5861//7420
f 5761//7421 5764//7421 5765//7421
f 5766//7422 5765//7422 5764//7422
f 5767//7423 5765//7423 5766//7423
f 5768//7424 5771//7424 5772//7424
f 5773//7425 5772//7425 5771//7425
f 5774//7426 5772//7426 5773//7426
f 5775//7427 5778//7427 5779//7427
f 5780//7428 5779//7428 5778//7428
f 5781//7429 5779//7429 5780//7429
f 5782//7430 5785//7430 5786//7430
f 5787//7431 5786//7431 5785//7431
f 5788//7432 5786//7432 5787//7432
f 5789//7433 5792//7433 5793//7433
f 5794//7434 5793//7434 5792//7434
f 5795//7435 5793//7435 5794//7435
f 5796//7436 5799//7436 5800//7436
f 5801//7437 5800//7437 5799//7437
f 5802//7438 5800//7438 5801//7438
f 5803//7439 5806//7439 5807//7439
f 5808//7440 5807//7440 5806//7440
f 5809//7441 5807//7441 5808//7441
f 5810//7442 5813//7442 5814//7442
f 5815//7443 5814//7443 5813//7443
f 5816//7444 5814//7444 5815//7444
f 5817//7445 5820//7445 5821//7445
f 5822//7446 5821//7446 5820//7446
f 5823//7447 5821//7447 5822//7447
f 5824//7448 5827//7448 5828//7448
f 5829//7449 5828//7449 5827//7449
f 5830//7450 5828//7450 5829//7450
f 5831//7451 5834//7451 5835//7451
f 5836//7452 5835//7452 5834//7452
f 5837//7453 5835//7453 5836//7453
f 5838//7454 5841//7454 5842//7454
f 5843//7455 5842//7455 5841//7455
f 5844//7456 5842//7456 5843//7456
f 5845//7457 5848//7457 5849//7457
f 5850//7458 5849//7458 5848//7458
f 5851//7459 5849//7459 5850//7459
f 5852//7460 5855//7460 5856//7460
f 5857//7461 5856//7461 5855//7461
f 5858//7462 5856//7462 5857//7462
f 5859//7463 5862//7463 5863//7463
f 5864//7464 5863//7464 5862//7464
f 5865//7465 5863//7465 5864//7465
f 5866//7466 5869//7466 5870//7466
f 5871//7467 5870//7467 5869//7467
f 5872//7468 5870//7468 5871//7468
f 5873//7469 5876//7469 5877//7469
f 5878//7470 5877//7470 5876//7470
f 5879//7471 5877//7471 5878//7471
f 5880//7472 5883//7472 5884//7472
f 5885//7473 5884//7473 5883//7473
f 5886//7474 5884//7474 5885//7474
f 5763//7356 5776//7356 5778//7356
f 5778//7357 5775//7357 5761//7357
f 5784//7358 5769//7358 5771//7358
f 5771//7359 5768//7359 5782//7359
f 5770//7360 5773//7360 5766//7360
f 5773//7361 5769//7361 5763//7361
f 5783//7362 5777//7362 5780//7362
f 5780//7363 5776//7363 5784//7363
f 5790//7364 5792//7364 5781//7364
f 5792//7365 5789//7365 5775//7365
f 5783//7366 5785//7366 5802//7366
f 5785//7367 5782//7367 5796//7367
f 5797//7368 5791//7368 5794//7368
f 5794//7475 5790//7475 5798//7475
f 5791//7370 5804//7370 5806//7370
f 5806//7371 5803//7371 5789//7371
f 5797//7372 5799//7372 5816//7372
f 5799//7373 5796//7373 5810//7373
f 5811//7374 5805//7374 5808//7374
f 5815//7375 5808//7375 5804//7375
f 5818//7476 5820//7476 5809//7476
f 5809//7377 5820//7377 5817//7377
f 5811//7378 5813//7378 5830//7378
f 5813//7379 5810//7379 5824//7379
f 5819//7380 5822//7380 5829//7380
f 5829//7381 5822//7381 5818//7381
f 5819//7382 5832//7382 5834//7382
f 5834//7383 5831//7383 5817//7383
f 5825//7384 5827//7384 5844//7384
f 5827//7385 5824//7385 5838//7385
f 5833//7386 5836//7386 5843//7386
f 5843//7387 5836//7387 5832//7387
f 5846//7388 5848//7388 5837//7388
f 5848//7389 5845//7389 5831//7389
f 5839//7390 5841//7390 5858//7390
f 5841//7391 5838//7391 5852//7391
f 5847//7392 5850//7392 5857//7392
f 5857//7393 5850//7393 5846//7393
f 5860//7394 5862//7394 5851//7394
f 5862//7395 5859//7395 5845//7395
f 5853//7396 5855//7396 5872//7396
f 5855//7397 5852//7397 5866//7397
f 5861//7398 5864//7398 5871//7398
f 5864//7399 5860//7399 5868//7399
f 5861//7477 5874//7477 5876//7477
f 5865//7401 5876//7401 5873//7401
f 5867//7402 5869//7402 5886//7402
f 5869//7403 5866//7403 5880//7403
f 5875//7404 5878//7404 5885//7404
f 5885//7405 5878//7405 5874//7405
f 5762//7406 5764//7406 5879//7406
f 5764//7407 5761//7407 5873//7407
f 5770//7408 5881//7408 5883//7408
f 5883//7409 5880//7409 5768//7409
f 5873//7410 5761//7410 5775//7410
f 5775//7410 5789//7410 5803//7410
f 5803//7410 5817//7410 5831//7410
f 5831//7410 5845//7410 5859//7410
f 5859//7410 5873//7410 5775//7410
f 5775//7410 5803//7410 5831//7410
f 5769//7411 5784//7411 5776//7411
f 5881//7412 5770//7412 5762//7412
f 5796//7413 5782//7413 5768//7413
f 5768//7413 5880//7413 5866//7413
f 5866//7413 5852//7413 5838//7413
f 5838//7413 5824//7413 5810//7413
f 5810//7413 5796//7413 5768//7413
f 5768//7413 5866//7413 5838//7413
f 5783//7414 5798//7414 5790//7414
f 5797//7415 5812//7415 5804//7415
f 5811//7416 5826//7416 5818//7416
f 5825//7417 5840//7417 5832//7417
f 5839//7418 5854//7418 5846//7418
f 5853//7419 5868//7419 5860//7419
f 5867//7420 5882//7420 5874//7420
o Mountain_5
v -67.000000 -0.300000 -62.808449
v -67.171661 -0.141639 -62.846466
v -66.828339 -0.141639 -62.846466
v -67.104637 -0.253617 -62.879139
v -67.000000 -0.230748 -62.898693
v -67.000000 -0.130456 -62.865913
v -66.895363 -0.253617 -62.879139
v -67.000000 23.700001 -49.008450
v -66.828339 23.541637 -49.228580
v -67.171661 23.541637 -49.228580
v -66.907478 23.653618 -49.136890
v -67.000000 23.635395 -49.177494
v -67.000000 23.552822 -49.248028
v -67.092522 23.653618 -49.136890
v -57.481316 -0.300000 -59.343929
v -57.588375 -0.141639 -59.483391
v -57.325378 -0.141639 -59.262711
v -57.516033 -0.253617 -59.465343
v -57.423306 -0.230748 -59.413063
v -57.444374 -0.130456 -59.387951
v -57.355713 -0.253617 -59.330822
v -66.351784 23.700001 -48.772514
v -66.078789 23.541637 -48.830807
v -66.341782 23.541637 -49.051487
v -66.198349 23.653618 -48.811440
v -66.243118 23.635395 -48.902012
v -66.197784 23.552822 -48.956047
v -66.340096 23.653618 -48.930378
v -52.416527 -0.300000 -50.571461
v -52.408897 -0.141639 -50.747112
v -52.349281 -0.141639 -50.409012
v -52.365078 -0.253617 -50.686787
v -52.327652 -0.230748 -50.587132
v -52.359932 -0.130457 -50.581440
v -52.328735 -0.253617 -50.480686
v -66.006874 23.700001 -48.175114
v -65.760277 23.541637 -48.044292
v -65.819893 23.541637 -48.382389
v -65.864311 23.653618 -48.106308
v -65.840393 23.635395 -48.204468
v -65.770935 23.552822 -48.216717
v -65.896446 23.653618 -48.288532
v -54.175507 -0.300000 -40.595776
v -54.056755 -0.141639 -40.725430
v -54.228413 -0.141639 -40.428108
v -54.061966 -0.253617 -40.651051
v -54.097351 -0.230748 -40.550655
v -54.125740 -0.130455 -40.567043
v -54.166607 -0.253617 -40.469810
v -66.126656 23.700001 -47.495777
v -66.021851 23.541637 -47.237049
v -65.850189 23.541637 -47.534370
v -66.061684 23.653618 -47.351433
v -65.980263 23.635395 -47.411255
v -65.919174 23.552822 -47.375984
v -65.969162 23.653618 -47.511677
v -61.935211 -0.300000 -34.084610
v -61.760906 -0.141639 -34.107597
v -62.083515 -0.141639 -33.990177
v -61.812706 -0.253617 -34.053970
v -61.904346 -0.230748 -33.999809
v -61.915558 -0.130455 -34.030609
v -62.009365 -0.253617 -33.982391
v -66.655090 23.700001 -47.052368
v -66.741104 23.541637 -46.786804
v -66.418495 23.541637 -46.904224
v -66.698097 23.653618 -46.900028
v -66.597275 23.635395 -46.893517
v -66.573151 23.552822 -46.827236
v -66.524223 23.653618 -46.963314
v -72.064789 -0.300000 -34.084610
v -71.916481 -0.141639 -33.990177
v -72.239098 -0.141639 -34.107597
v -71.990639 -0.253617 -33.982391
v -72.095657 -0.230748 -33.999809
v -72.084442 -0.130456 -34.030609
v -72.187294 -0.253617 -34.053970
v -67.344910 23.700001 -47.052368
v -67.581505 23.541637 -46.904224
v -67.258896 23.541637 -46.786804
v -67.475777 23.653618 -46.963314
v -67.402725 23.635395 -46.893517
v -67.426849 23.552822 -46.827236
v -67.301903 23.653618 -46.900028
v -79.824493 -0.300000 -40.595776
v -79.771584 -0.141639 -40.428108
v -79.943245 -0.141639 -40.725430
v -79.833389 -0.253617 -40.469810
v -79.902649 -0.230748 -40.550655
v -79.874260 -0.130456 -40.567043
v -79.938034 -0.253617 -40.651051
v -67.873344 23.700001 -47.495777
v -68.149811 23.541637 -47.534370
v -67.978149 23.541637 -47.237049
v -68.030838 23.653618 -47.511677
v -68.019737 23.635395 -47.411255
v -68.080826 23.552822 -47.375984
v -67.938316 23.653618 -47.351433
v -81.583473 -0.300000 -50.571461
v -81.650719 -0.141639 -50.409012
v -81.591103 -0.141639 -50.747112
v -81.671265 -0.253617 -50.480686
v -81.672348 -0.230748 -50.587132
v -81.640068 -0.130456 -50.581440
v -81.634918 -0.253617 -50.686787
v -67.993126 23.700001 -48.175114
v -68.180107 23.541637 -48.382389
v -68.239723 23.541637 -48.044292
v -68.103554 23.653618 -48.288532
v -68.159607 23.635395 -48.204468
v -68.229065 23.552822 -48.216717
v -68.135689 23.653618 -48.106308
v -76.518684 -0.300000 -59.343929
v -76.674622 -0.141639 -59.262711
v -76.411629 -0.141639 -59.483391
v -76.644287 -0.253617 -59.330818
v -76.576691 -0.230748 -59.413059
v -76.555626 -0.130457 -59.387947
v -76.483971 -0.253617 -59.465343
v -67.648216 23.700001 -48.772514
v -67.658218 23.541637 -49.051487
v -67.921211 23.541637 -48.830807
v -67.659904 23.653618 -48.930378
v -67.756882 23.635395 -48.902012
v -67.802216 23.552822 -48.956047
v -67.801651 23.653618 -48.811440
vn -0.0595 -0.7919 -0.6077
vn -0.1235 0.2091 -0.9701
vn 0.1235 0.2091 -0.9701
vn 0.0273 0.9338 -0.3569
vn 0.1261 0.6803 -0.7220
vn -0.1261 0.6803 -0.7220
vn 0.3450 -0.7919 -0.5038
vn 0.5289 0.2091 -0.8225
vn 0.7182 0.2091 -0.6637
vn 0.2503 0.9338 -0.2558
vn 0.5607 0.6803 -0.4720
vn 0.3675 0.6803 -0.6342
vn 0.5881 -0.7919 -0.1641
vn 0.9339 0.2091 -0.2901
vn 0.9768 0.2091 -0.0468
vn 0.3562 0.9338 -0.0351
vn 0.7329 0.6803 -0.0012
vn 0.6891 0.6803 -0.2496
vn 0.5560 -0.7919 0.2523
vn 0.9019 0.2091 0.3780
vn 0.7783 0.2091 0.5920
vn 0.2954 0.9338 0.2021
vn 0.5622 0.6803 0.4702
vn 0.6883 0.6803 0.2518
vn 0.2638 -0.7919 0.5507
vn 0.4479 0.2091 0.8693
vn 0.2157 0.2091 0.9538
vn 0.0964 0.9338 0.3447
vn 0.1284 0.6803 0.7216
vn 0.3655 0.6803 0.6353
vn -0.1519 -0.7919 0.5914
vn -0.2157 0.2091 0.9538
vn -0.4479 0.2091 0.8693
vn -0.1477 0.9338 0.3260
vn -0.3655 0.6803 0.6353
vn -0.1284 0.6803 0.7216
vn -0.4965 -0.7919 0.3554
vn -0.7783 0.2091 0.5920
vn -0.9019 0.2091 0.3780
vn -0.3227 0.9338 0.1548
vn -0.6883 0.6803 0.2518
vn -0.5622 0.6803 0.4702
vn -0.6088 -0.7919 -0.0469
vn -0.9768 0.2091 -0.0468
vn -0.9339 0.2091 -0.2901
vn -0.3467 0.9338 -0.0889
vn -0.6891 0.6803 -0.2496
vn -0.7329 0.6803 -0.0012
vn -0.4362 -0.7919 -0.4273
vn -0.7182 0.2091 -0.6637
vn -0.5289 0.2092 -0.8225
vn -0.2085 0.9338 -0.2909
vn -0.3675 0.6803 -0.6342
vn -0.5607 0.6803 -0.4720
vn 0.3412 0.0693 -0.9374
vn 0.1413 -0.9106 -0.3883
vn 0.2405 0.7110 -0.6608
vn 0.0996 0.9566 -0.2737
vn -0.1296 0.4943 -0.8596
vn 0.1296 0.4943 -0.8596
vn 0.6518 0.4943 -0.5752
vn 0.4533 0.4943 -0.7418
vn 0.8639 0.0693 -0.4988
vn 0.3578 -0.9106 -0.2066
vn 0.6090 0.7110 -0.3516
vn 0.2522 0.9566 -0.1456
vn 0.8690 0.4943 -0.0217
vn 0.8240 0.4943 -0.2769
vn 0.9824 0.0693 0.1732
vn 0.4069 -0.9106 0.0718
vn 0.6925 0.7110 0.1221
vn 0.2868 0.9566 0.0506
vn 0.6796 0.4943 0.5420
vn 0.8092 0.4943 0.3176
vn 0.6412 0.0693 0.7642
vn 0.2656 -0.9106 0.3165
vn 0.4520 0.7110 0.5387
vn 0.1872 0.9566 0.2231
vn 0.1722 0.4943 0.8521
vn 0.4158 0.4943 0.7634
vn -0.0000 0.0694 0.9976
vn -0.0000 -0.9106 0.4132
vn -0.0000 0.7110 0.7032
vn -0.0000 0.9566 0.2913
vn -0.4158 0.4943 0.7634
vn -0.1722 0.4943 0.8521
vn -0.6412 0.0693 0.7642
vn -0.2656 -0.9106 0.3165
vn -0.4520 0.7110 0.5387
vn -0.1872 0.9566 0.2231
vn -0.8092 0.4943 0.3176
vn -0.6796 0.4943 0.5420
vn -0.9824 0.0693 0.1732
vn -0.4069 -0.9106 0.0718
vn -0.6925 0.7110 0.1221
vn -0.2869 0.9566 0.0506
vn -0.8240 0.4943 -0.2769
vn -0.8690 0.4943 -0.0216
vn -0.8639 0.0694 -0.4988
vn -0.3578 -0.9106 -0.2066
vn -0.6090 0.7110 -0.3516
vn -0.2523 0.9566 -0.1456
vn -0.4533 0.4943 -0.7418
vn -0.6518 0.4943 -0.5752
vn -0.3412 0.0694 -0.9374
vn -0.1413 -0.9106 -0.3883
vn -0.2405 0.7110 -0.6608
vn -0.0996 0.9566 -0.2737
vn -0.0000 -1.0000 -0.0000
vn 0.3009 0.4754 -0.8267
vn -0.3009 0.4754 -0.8267
vn -0.0000 1.0000 -0.0000
vn 0.7619 0.4754 -0.4399
vn 0.8664 0.4754 0.1528
vn 0.5655 0.4754 0.6740
vn -0.0000 0.4754 0.8798
vn -0.5655 0.4754 0.6740
vn -0.8664 0.4754 0.1528
vn -0.7619 0.4754 -0.4399
vn 0.0595 -0.7919 -0.6077
vn -0.2384 0.3017 -0.9231
vn 0.2384 0.3017 -0.9231
vn -0.0273 0.9338 -0.3569
vn 0.2015 0.6362 -0.7448
vn -0.2015 0.6362 -0.7448
vn 0.4362 -0.7919 -0.4273
vn 0.4107 0.3017 -0.8604
vn 0.7760 0.3017 -0.5539
vn 0.2085 0.9338 -0.2909
vn 0.6331 0.6362 -0.4410
vn 0.3243 0.6362 -0.7001
vn 0.6088 -0.7919 -0.0469
vn 0.8677 0.3017 -0.3951
vn 0.9505 0.3017 0.0745
vn 0.3467 0.9338 -0.0889
vn 0.7684 0.6362 0.0692
vn 0.6984 0.6362 -0.3278
vn 0.4965 -0.7919 0.3554
vn 0.9187 0.3017 0.2551
vn 0.6802 0.3017 0.6680
vn 0.3227 0.9338 0.1548
vn 0.5442 0.6362 0.5469
vn 0.7458 0.6362 0.1978
vn 0.1519 -0.7919 0.5914
vn 0.5398 0.3017 0.7859
vn 0.0917 0.3017 0.9490
vn 0.1477 0.9338 0.3260
vn 0.0653 0.6362 0.7688
vn 0.4441 0.6362 0.6309
vn -0.2638 -0.7919 0.5507
vn -0.0917 0.3017 0.9490
vn -0.5398 0.3017 0.7859
vn -0.0964 0.9338 0.3447
vn -0.4441 0.6362 0.6309
vn -0.0653 0.6362 0.7688
vn -0.5561 -0.7919 0.2523
vn -0.6802 0.3017 0.6680
vn -0.9186 0.3017 0.2551
vn -0.2954 0.9338 0.2021
vn -0.7458 0.6362 0.1978
vn -0.5442 0.6362 0.5469
vn -0.5881 -0.7919 -0.1641
vn -0.9505 0.3017 0.0745
vn -0.8677 0.3017 -0.3951
vn -0.3562 0.9338 -0.0351
vn -0.6984 0.6362 -0.3278
vn -0.7684 0.6362 0.0691
vn -0.3450 -0.7919 -0.5038
vn -0.7760 0.3017 -0.5539
vn -0.4107 0.3017 -0.8604
vn -0.2503 0.9338 -0.2558
vn -0.3243 0.6362 -0.7001
vn -0.6331 0.6362 -0.4410
vn 0.3579 -0.9106 -0.2066
vn 0.8690 0.4943 -0.0216
vn 0.2869 0.9566 0.0506
vn -0.2868 0.9566 0.0506
vn -0.8639 0.0693 -0.4988
vn -0.3579 -0.9106 -0.2066
vn -0.3412 0.0693 -0.9374
s 0
usemtl Distant_Mountain
f 5887//7478 5891//7478 5893//7478
f 5892//7479 5890//7479 5888//7479
f 5893//7480 5892//7480 5889//7480
f 5894//7481 5898//7481 5900//7481
f 5899//7482 5897//7482 5895//7482
f 5900//7483 5899//7483 5896//7483
f 5901//7484 5905//7484 5907//7484
f 5906//7485 5904//7485 5902//7485
f 5907//7486 5906//7486 5903//7486
f 5908//7487 5912//7487 5914//7487
f 5913//7488 5911//7488 5909//7488
f 5914//7489 5913//7489 5910//7489
f 5915//7490 5919//7490 5921//7490
f 5920//7491 5918//7491 5916//7491
f 5921//7492 5920//7492 5917//7492
f 5922//7493 5926//7493 5928//7493
f 5927//7494 5925//7494 5923//7494
f 5928//7495 5927//7495 5924//7495
f 5929//7496 5933//7496 5935//7496
f 5934//7497 5932//7497 5930//7497
f 5935//7498 5934//7498 5931//7498
f 5936//7499 5940//7499 5942//7499
f 5941//7500 5939//7500 5937//7500
f 5942//7501 5941//7501 5938//7501
f 5943//7502 5947//7502 5949//7502
f 5948//7503 5946//7503 5944//7503
f 5949//7504 5948//7504 5945//7504
f 5950//7505 5954//7505 5956//7505
f 5955//7506 5953//7506 5951//7506
f 5956//7507 5955//7507 5952//7507
f 5957//7508 5961//7508 5963//7508
f 5962//7509 5960//7509 5958//7509
f 5963//7510 5962//7510 5959//7510
f 5964//7511 5968//7511 5970//7511
f 5969//7512 5967//7512 5965//7512
f 5970//7513 5969//7513 5966//7513
f 5971//7514 5975//7514 5977//7514
f 5976//7515 5974//7515 5972//7515
f 5977//7516 5976//7516 5973//7516
f 5978//7517 5982//7517 5984//7517
f 5983//7518 5981//7518 5979//7518
f 5984//7519 5983//7519 5980//7519
f 5985//7520 5989//7520 5991//7520
f 5990//7521 5988//7521 5986//7521
f 5991//7522 5990//7522 5987//7522
f 5992//7523 5996//7523 5998//7523
f 5997//7524 5995//7524 5993//7524
f 5998//7525 5997//7525 5994//7525
f 5999//7526 6003//7526 6005//7526
f 6004//7527 6002//7527 6000//7527
f 6005//7528 6004//7528 6001//7528
f 6006//7529 6010//7529 6012//7529
f 6011//7530 6009//7530 6007//7530
f 6012//7531 6011//7531 6008//7531
f 5902//7532 5893//7532 5889//7532
f 5904//7533 5887//7533 5893//7533
f 5910//7534 5897//7534 5914//7534
f 5897//7535 5908//7535 5914//7535
f 5888//7536 5899//7536 5892//7536
f 5899//7537 5889//7537 5892//7537
f 5903//7538 5913//7538 5909//7538
f 5906//7539 5910//7539 5913//7539
f 5916//7540 5907//7540 5903//7540
f 5918//7541 5901//7541 5907//7541
f 5924//7542 5911//7542 5928//7542
f 5928//7543 5908//7543 5922//7543
f 5917//7544 5927//7544 5923//7544
f 5927//7545 5916//7545 5924//7545
f 5930//7546 5921//7546 5917//7546
f 5932//7547 5915//7547 5921//7547
f 5923//7548 5942//7548 5938//7548
f 5942//7549 5922//7549 5936//7549
f 5937//7550 5934//7550 5941//7550
f 5941//7551 5930//7551 5938//7551
f 5944//7552 5935//7552 5931//7552
f 5946//7553 5929//7553 5935//7553
f 5937//7554 5956//7554 5952//7554
f 5956//7555 5936//7555 5950//7555
f 5945//7556 5955//7556 5951//7556
f 5948//7557 5952//7557 5955//7557
f 5945//7558 5960//7558 5949//7558
f 5960//7559 5943//7559 5949//7559
f 5951//7560 5970//7560 5966//7560
f 5953//7561 5964//7561 5970//7561
f 5959//7562 5969//7562 5965//7562
f 5962//7563 5966//7563 5969//7563
f 5972//7564 5963//7564 5959//7564
f 5974//7565 5957//7565 5963//7565
f 5965//7566 5984//7566 5980//7566
f 5967//7567 5978//7567 5984//7567
f 5973//7568 5983//7568 5979//7568
f 5983//7569 5972//7569 5980//7569
f 5986//7570 5977//7570 5973//7570
f 5988//7571 5971//7571 5977//7571
f 5979//7572 5998//7572 5994//7572
f 5981//7573 5992//7573 5998//7573
f 5993//7574 5990//7574 5997//7574
f 5997//7575 5986//7575 5994//7575
f 5987//7576 6002//7576 5991//7576
f 6002//7577 5985//7577 5991//7577
f 6008//7578 5995//7578 6012//7578
f 5995//7579 6006//7579 6012//7579
f 6001//7580 6011//7580 6007//7580
f 6011//7581 6000//7581 6008//7581
f 5888//7582 6005//7582 6001//7582
f 5890//7583 5999//7583 6005//7583
f 6007//7584 5900//7584 5896//7584
f 5900//7585 6006//7585 5894//7585
f 5901//7586 5957//7586 5985//7586
f 5895//7587 5902//7587 5889//7587
f 6007//7588 5888//7588 6001//7588
f 5894//7589 5964//7589 5936//7589
f 5909//7590 5916//7590 5903//7590
f 5923//7591 5930//7591 5917//7591
f 5937//7592 5944//7592 5931//7592
f 5951//7593 5958//7593 5945//7593
f 5965//7594 5972//7594 5959//7594
f 5979//7595 5986//7595 5973//7595
f 5993//7596 6000//7596 5987//7596
f 5887//7597 5890//7597 5891//7597
f 5892//7598 5891//7598 5890//7598
f 5893//7599 5891//7599 5892//7599
f 5894//7600 5897//7600 5898//7600
f 5899//7601 5898//7601 5897//7601
f 5900//7602 5898//7602 5899//7602
f 5901//7603 5904//7603 5905//7603
f 5906//7604 5905//7604 5904//7604
f 5907//7605 5905//7605 5906//7605
f 5908//7606 5911//7606 5912//7606
f 5913//7607 5912//7607 5911//7607
f 5914//7608 5912//7608 5913//7608
f 5915//7609 5918//7609 5919//7609
f 5920//7610 5919//7610 5918//7610
f 5921//7611 5919//7611 5920//7611
f 5922//7612 5925//7612 5926//7612
f 5927//7613 5926//7613 5925//7613
f 5928//7614 5926//7614 5927//7614
f 5929//7615 5932//7615 5933//7615
f 5934//7616 5933//7616 5932//7616
f 5935//7617 5933//7617 5934//7617
f 5936//7618 5939//7618 5940//7618
f 5941//7619 5940//7619 5939//7619
f 5942//7620 5940//7620 5941//7620
f 5943//7621 5946//7621 5947//7621
f 5948//7622 5947//7622 5946//7622
f 5949//7623 5947//7623 5948//7623
f 5950//7624 5953//7624 5954//7624
f 5955//7625 5954//7625 5953//7625
f 5956//7626 5954//7626 5955//7626
f 5957//7627 5960//7627 5961//7627
f 5962//7628 5961//7628 5960//7628
f 5963//7629 5961//7629 5962//7629
f 5964//7630 5967//7630 5968//7630
f 5969//7631 5968//7631 5967//7631
f 5970//7632 5968//7632 5969//7632
f 5971//7633 5974//7633 5975//7633
f 5976//7634 5975//7634 5974//7634
f 5977//7635 5975//7635 5976//7635
f 5978//7636 5981//7636 5982//7636
f 5983//7637 5982//7637 5981//7637
f 5984//7638 5982//7638 5983//7638
f 5985//7639 5988//7639 5989//7639
f 5990//7640 5989//7640 5988//7640
f 5991//7641 5989//7641 5990//7641
f 5992//7642 5995//7642 5996//7642
f 5997//7643 5996//7643 5995//7643
f 5998//7644 5996//7644 5997//7644
f 5999//7645 6002//7645 6003//7645
f 6004//7646 6003//7646 6002//7646
f 6005//7647 6003//7647 6004//7647
f 6006//7648 6009//7648 6010//7648
f 6011//7649 6010//7649 6009//7649
f 6012//7650 6010//7650 6011//7650
f 5902//7532 5904//7532 5893//7532
f 5904//7533 5901//7533 5887//7533
f 5910//7534 5895//7534 5897//7534
f 5897//7535 5894//7535 5908//7535
f 5888//7536 5896//7536 5899//7536
f 5899//7537 5895//7537 5889//7537
f 5903//7538 5906//7538 5913//7538
f 5906//7539 5902//7539 5910//7539
f 5916//7540 5918//7540 5907//7540
f 5918//7651 5915//7651 5901//7651
f 5924//7542 5909//7542 5911//7542
f 5928//7543 5911//7543 5908//7543
f 5917//7652 5920//7652 5927//7652
f 5927//7545 5920//7545 5916//7545
f 5930//7546 5932//7546 5921//7546
f 5932//7547 5929//7547 5915//7547
f 5923//7548 5925//7548 5942//7548
f 5942//7653 5925//7653 5922//7653
f 5937//7550 5931//7550 5934//7550
f 5941//7551 5934//7551 5930//7551
f 5944//7552 5946//7552 5935//7552
f 5946//7553 5943//7553 5929//7553
f 5937//7554 5939//7554 5956//7554
f 5956//7555 5939//7555 5936//7555
f 5945//7556 5948//7556 5955//7556
f 5948//7557 5944//7557 5952//7557
f 5945//7558 5958//7558 5960//7558
f 5960//7559 5957//7559 5943//7559
f 5951//7560 5953//7560 5970//7560
f 5953//7561 5950//7561 5964//7561
f 5959//7562 5962//7562 5969//7562
f 5962//7563 5958//7563 5966//7563
f 5972//7564 5974//7564 5963//7564
f 5974//7565 5971//7565 5957//7565
f 5965//7566 5967//7566 5984//7566
f 5967//7567 5964//7567 5978//7567
f 5973//7568 5976//7568 5983//7568
f 5983//7569 5976//7569 5972//7569
f 5986//7570 5988//7570 5977//7570
f 5988//7571 5985//7571 5971//7571
f 5979//7572 5981//7572 5998//7572
f 5981//7654 5978//7654 5992//7654
f 5993//7574 5987//7574 5990//7574
f 5997//7575 5990//7575 5986//7575
f 5987//7655 6000//7655 6002//7655
f 6002//7656 5999//7656 5985//7656
f 6008//7578 5993//7578 5995//7578
f 5995//7579 5992//7579 6006//7579
f 6001//7580 6004//7580 6011//7580
f 6011//7581 6004//7581 6000//7581
f 5888//7657 5890//7657 6005//7657
f 5890//7583 5887//7583 5999//7583
f 6007//7584 6009//7584 5900//7584
f 5900//7585 6009//7585 6006//7585
f 5999//7586 5887//7586 5901//7586
f 5901//7586 5915//7586 5929//7586
f 5929//7586 5943//7586 5957//7586
f 5957//7586 5971//7586 5985//7586
f 5985//7586 5999//7586 5901//7586
f 5901//7586 5929//7586 5957//7586
f 5895//7587 5910//7587 5902//7587
f 6007//7588 5896//7588 5888//7588
f 5922//7589 5908//7589 5894//7589
f 5894//7589 6006//7589 5992//7589
f 5992//7589 5978//7589 5964//7589
f 5964//7589 5950//7589 5936//7589
f 5936//7589 5922//7589 5894//7589
f 5894//7589 5992//7589 5964//7589
f 5909//7590 5924//7590 5916//7590
f 5923//7591 5938//7591 5930//7591
f 5937//7592 5952//7592 5944//7592
f 5951//7593 5966//7593 5958//7593
f 5965//7594 5980//7594 5972//7594
f 5979//7595 5994//7595 5986//7595
f 5993//7596 6008//7596 6000//7596
o PoolRim_-34
v -38.689999 -0.030000 -9.559999
v -38.689999 0.030000 -9.500000
v -38.750000 0.030000 -9.559999
v -38.689999 -0.012426 -9.517573
v -38.724640 -0.004641 -9.525359
v -38.732426 0.030000 -9.517573
v -38.732426 -0.012426 -9.559999
v -38.689999 0.030000 -9.500000
v -38.689999 0.090000 -9.559999
v -38.750000 0.030000 -9.559999
v -38.689999 0.072426 -9.517573
v -38.724640 0.064641 -9.525359
v -38.732426 0.072426 -9.559999
v -38.732426 0.030000 -9.517573
v -38.689999 -0.030000 -16.440001
v -38.750000 0.030000 -16.440001
v -38.689999 0.030000 -16.500000
v -38.732426 -0.012426 -16.440001
v -38.724640 -0.004641 -16.474642
v -38.732426 0.030000 -16.482426
v -38.690002 -0.012426 -16.482426
v -38.689999 0.090000 -16.440001
v -38.689999 0.030000 -16.500000
v -38.750000 0.030000 -16.440001
v -38.689999 0.072426 -16.482426
v -38.724640 0.064641 -16.474642
v -38.732426 0.030000 -16.482426
v -38.732426 0.072426 -16.440001
v -29.309999 -0.030000 -9.559999
v -29.250000 0.030000 -9.559999
v -29.309999 0.030000 -9.500000
v -29.267572 -0.012426 -9.559999
v -29.275358 -0.004641 -9.525359
v -29.267572 0.030000 -9.517573
v -29.309999 -0.012426 -9.517573
v -29.309999 0.090000 -9.559999
v -29.309999 0.030000 -9.500000
v -29.250000 0.030000 -9.559999
v -29.309999 0.072426 -9.517573
v -29.275360 0.064641 -9.525359
v -29.267574 0.030000 -9.517573
v -29.267574 0.072426 -9.559999
v -29.309999 -0.030000 -16.440001
v -29.309999 0.030000 -16.500000
v -29.250000 0.030000 -16.440001
v -29.309999 -0.012426 -16.482426
v -29.275360 -0.004641 -16.474642
v -29.267574 0.030000 -16.482426
v -29.267574 -0.012426 -16.440001
v -29.309999 0.090000 -16.440001
v -29.250000 0.030000 -16.440001
v -29.309999 0.030000 -16.500000
v -29.267572 0.072426 -16.440001
v -29.275358 0.064641 -16.474642
v -29.267572 0.030000 -16.482426
v -29.309999 0.072426 -16.482426
vn -0.3672 -0.8865 0.2818
vn -0.2818 -0.3672 0.8865
vn -0.8865 -0.2817 0.3672
vn -0.3672 0.2818 0.8864
vn -0.2817 0.8865 0.3672
vn -0.8864 0.3672 0.2818
vn -0.2817 -0.8865 -0.3672
vn -0.8865 -0.3672 -0.2818
vn -0.3672 -0.2817 -0.8865
vn -0.3672 0.8865 -0.2818
vn -0.2818 0.3672 -0.8865
vn -0.8865 0.2817 -0.3672
vn 0.2817 -0.8865 0.3672
vn 0.8865 -0.3672 0.2818
vn 0.3672 -0.2817 0.8865
vn 0.3672 0.8865 0.2818
vn 0.2818 0.3672 0.8865
vn 0.8865 0.2817 0.3672
vn 0.3672 -0.8865 -0.2818
vn 0.2818 -0.3672 -0.8865
vn 0.8865 -0.2817 -0.3672
vn 0.2817 0.8865 -0.3672
vn 0.8865 0.3672 -0.2818
vn 0.3672 0.2817 -0.8865
vn -0.3827 -0.9239 -0.0000
vn -0.9239 -0.3827 -0.0000
vn -0.3827 -0.0000 0.9239
vn -0.9239 -0.0000 0.3827
vn -0.3827 0.9239 -0.0000
vn -0.9239 0.3827 -0.0000
vn -0.0100 -0.9997 -0.0242
vn -0.9239 -0.0000 -0.3827
vn -0.0000 -0.9239 -0.3827
vn -0.0000 -0.3827 -0.9239
vn -0.0000 0.9239 -0.3827
vn -0.0000 0.3827 -0.9239
vn 0.0154 -0.9999 -0.0064
vn 0.3827 -0.0000 -0.9239
vn 0.3827 -0.9239 -0.0000
vn 0.9239 -0.3827 -0.0000
vn 0.3827 0.9239 -0.0000
vn 0.9239 0.3827 -0.0000
vn 0.0100 -0.9997 0.0242
vn 0.9239 -0.0000 0.3827
vn -0.0000 -0.9239 0.3827
vn -0.0000 -0.3827 0.9239
vn -0.0000 0.9239 0.3827
vn -0.0000 0.3827 0.9239
vn -0.0000 -1.0000 -0.0000
vn -1.0000 -0.0000 -0.0000
vn -0.0000 -0.0000 1.0000
vn -0.0000 1.0000 -0.0000
vn -0.0000 -0.0000 -1.0000
vn 1.0000 -0.0000 -0.0000
vn -0.2817 -0.8865 0.3672
vn -0.3672 -0.2818 0.8864
vn -0.8864 -0.3672 0.2818
vn -0.2818 0.3672 0.8865
vn -0.3672 0.8865 0.2818
vn -0.8865 0.2817 0.3672
vn -0.3672 -0.8865 -0.2817
vn -0.8865 -0.2818 -0.3672
vn -0.2817 -0.3672 -0.8865
vn -0.2817 0.8865 -0.3672
vn -0.3672 0.2818 -0.8864
vn -0.8864 0.3672 -0.2818
vn 0.3672 -0.8865 0.2817
vn 0.8865 -0.2818 0.3672
vn 0.2817 -0.3672 0.8865
vn 0.2817 0.8865 0.3672
vn 0.3672 0.2818 0.8864
vn 0.8864 0.3672 0.2818
vn 0.2817 -0.8865 -0.3672
vn 0.3672 -0.2818 -0.8864
vn 0.8864 -0.3672 -0.2818
vn 0.3672 0.8865 -0.2817
vn 0.8865 0.2818 -0.3672
vn 0.2817 0.3672 -0.8865
vn -0.3827 -0.0000 -0.9239
vn -0.0141 0.9999 -0.0059
vn 0.9239 -0.0000 -0.3827
vn 0.3827 -0.0000 0.9239
vn 0.0141 0.9999 0.0059
s 0
usemtl Stone_Light
f 6013//7658 6017//7658 6019//7658
f 6014//7659 6017//7659 6016//7659
f 6015//7660 6017//7660 6018//7660
f 6020//7661 6024//7661 6026//7661
f 6021//7662 6024//7662 6023//7662
f 6022//7663 6024//7663 6025//7663
f 6027//7664 6031//7664 6033//7664
f 6028//7665 6031//7665 6030//7665
f 6029//7666 6031//7666 6032//7666
f 6034//7667 6038//7667 6040//7667
f 6035//7668 6038//7668 6037//7668
f 6036//7669 6038//7669 6039//7669
f 6041//7670 6045//7670 6047//7670
f 6042//7671 6045//7671 6044//7671
f 6043//7672 6045//7672 6046//7672
f 6048//7673 6052//7673 6054//7673
f 6049//7674 6052//7674 6051//7674
f 6050//7675 6052//7675 6053//7675
f 6055//7676 6059//7676 6061//7676
f 6056//7677 6059//7677 6058//7677
f 6057//7678 6059//7678 6060//7678
f 6062//7679 6066//7679 6068//7679
f 6063//7680 6066//7680 6065//7680
f 6064//7681 6066//7681 6067//7681
f 6013//7682 6030//7682 6027//7682
f 6019//7683 6028//7683 6030//7683
f 6020//7684 6018//7684 6014//7684
f 6026//7685 6015//7685 6018//7685
f 6034//7686 6025//7686 6021//7686
f 6040//7687 6022//7687 6025//7687
f 6035//7688 6032//7688 6039//7688
f 6039//7689 6028//7689 6036//7689
f 6027//7690 6058//7690 6055//7690
f 6058//7691 6029//7691 6056//7691
f 6062//7692 6037//7692 6034//7692
f 6037//7693 6064//7693 6035//7693
f 6063//7694 6060//7694 6067//7694
f 6067//7695 6056//7695 6064//7695
f 6055//7696 6044//7696 6041//7696
f 6061//7697 6042//7697 6044//7697
f 6048//7698 6065//7698 6062//7698
f 6054//7699 6063//7699 6065//7699
f 6049//7700 6046//7700 6053//7700
f 6053//7701 6042//7701 6050//7701
f 6041//7702 6016//7702 6013//7702
f 6016//7703 6043//7703 6014//7703
f 6021//7704 6051//7704 6048//7704
f 6023//7705 6049//7705 6051//7705
f 6055//7706 6013//7706 6027//7706
f 6022//7707 6028//7707 6015//7707
f 6049//7708 6014//7708 6043//7708
f 6034//7709 6048//7709 6062//7709
f 6035//7710 6056//7710 6029//7710
f 6063//7711 6042//7711 6057//7711
f 6013//7712 6016//7712 6017//7712
f 6014//7713 6018//7713 6017//7713
f 6015//7714 6019//7714 6017//7714
f 6020//7715 6023//7715 6024//7715
f 6021//7716 6025//7716 6024//7716
f 6022//7717 6026//7717 6024//7717
f 6027//7718 6030//7718 6031//7718
f 6028//7719 6032//7719 6031//7719
f 6029//7720 6033//7720 6031//7720
f 6034//7721 6037//7721 6038//7721
f 6035//7722 6039//7722 6038//7722
f 6036//7723 6040//7723 6038//7723
f 6041//7724 6044//7724 6045//7724
f 6042//7725 6046//7725 6045//7725
f 6043//7726 6047//7726 6045//7726
f 6048//7727 6051//7727 6052//7727
f 6049//7728 6053//7728 6052//7728
f 6050//7729 6054//7729 6052//7729
f 6055//7730 6058//7730 6059//7730
f 6056//7731 6060//7731 6059//7731
f 6057//7732 6061//7732 6059//7732
f 6062//7733 6065//7733 6066//7733
f 6063//7734 6067//7734 6066//7734
f 6064//7735 6068//7735 6066//7735
f 6013//7682 6019//7682 6030//7682
f 6019//7683 6015//7683 6028//7683
f 6020//7684 6026//7684 6018//7684
f 6026//7685 6022//7685 6015//7685
f 6034//7686 6040//7686 6025//7686
f 6040//7687 6036//7687 6022//7687
f 6035//7736 6029//7736 6032//7736
f 6039//7737 6032//7737 6028//7737
f 6027//7690 6033//7690 6058//7690
f 6058//7691 6033//7691 6029//7691
f 6062//7692 6068//7692 6037//7692
f 6037//7693 6068//7693 6064//7693
f 6063//7738 6057//7738 6060//7738
f 6067//7695 6060//7695 6056//7695
f 6055//7696 6061//7696 6044//7696
f 6061//7697 6057//7697 6042//7697
f 6048//7698 6054//7698 6065//7698
f 6054//7699 6050//7699 6063//7699
f 6049//7739 6043//7739 6046//7739
f 6053//7740 6046//7740 6042//7740
f 6041//7702 6047//7702 6016//7702
f 6016//7703 6047//7703 6043//7703
f 6021//7704 6023//7704 6051//7704
f 6023//7705 6020//7705 6049//7705
f 6055//7706 6041//7706 6013//7706
f 6022//7707 6036//7707 6028//7707
f 6049//7708 6020//7708 6014//7708
f 6034//7709 6021//7709 6048//7709
f 6035//7710 6064//7710 6056//7710
f 6063//7711 6050//7711 6042//7711
o PoolWater_-34
v -38.332500 0.082500 -9.917500
v -38.332500 0.100000 -9.900000
v -38.349998 0.100000 -9.917500
v -38.332500 0.087626 -9.905126
v -38.342602 0.089896 -9.907396
v -38.344875 0.100000 -9.905126
v -38.344875 0.087626 -9.917500
v -38.332500 0.100000 -9.900000
v -38.332500 0.117500 -9.917500
v -38.349998 0.100000 -9.917500
v -38.332500 0.112374 -9.905126
v -38.342602 0.110104 -9.907396
v -38.344875 0.112374 -9.917500
v -38.344875 0.100000 -9.905126
v -38.332500 0.082500 -16.082500
v -38.349998 0.100000 -16.082500
v -38.332500 0.100000 -16.100000
v -38.344875 0.087626 -16.082500
v -38.342602 0.089896 -16.092604
v -38.344875 0.100000 -16.094873
v -38.332500 0.087626 -16.094873
v -38.332500 0.117500 -16.082500
v -38.332500 0.100000 -16.100000
v -38.349998 0.100000 -16.082500
v -38.332500 0.112374 -16.094873
v -38.342602 0.110104 -16.092604
v -38.344875 0.100000 -16.094873
v -38.344875 0.112374 -16.082500
v -29.667500 0.082500 -9.917500
v -29.650000 0.100000 -9.917500
v -29.667500 0.100000 -9.900000
v -29.655127 0.087626 -9.917500
v -29.657396 0.089896 -9.907396
v -29.655127 0.100000 -9.905126
v -29.667500 0.087626 -9.905126
v -29.667500 0.117500 -9.917500
v -29.667500 0.100000 -9.900000
v -29.650000 0.100000 -9.917500
v -29.667500 0.112374 -9.905126
v -29.657396 0.110104 -9.907396
v -29.655127 0.100000 -9.905126
v -29.655127 0.112374 -9.917500
v -29.667500 0.082500 -16.082500
v -29.667500 0.100000 -16.100000
v -29.650000 0.100000 -16.082500
v -29.667500 0.087626 -16.094873
v -29.657396 0.089896 -16.092604
v -29.655127 0.100000 -16.094873
v -29.655127 0.087626 -16.082500
v -29.667500 0.117500 -16.082500
v -29.650000 0.100000 -16.082500
v -29.667500 0.100000 -16.100000
v -29.655127 0.112374 -16.082500
v -29.657396 0.110104 -16.092604
v -29.655127 0.100000 -16.094873
v -29.667500 0.112374 -16.094873
vn -0.3672 -0.8864 0.2818
vn -0.2817 -0.3671 0.8865
vn -0.8864 -0.2817 0.3672
vn -0.3672 0.2817 0.8864
vn -0.2817 0.8864 0.3672
vn -0.8865 0.3672 0.2817
vn -0.2817 -0.8864 -0.3672
vn -0.8865 -0.3672 -0.2817
vn -0.3672 -0.2817 -0.8864
vn -0.3672 0.8864 -0.2818
vn -0.2817 0.3671 -0.8865
vn -0.8864 0.2817 -0.3672
vn 0.2817 -0.8864 0.3672
vn 0.8865 -0.3672 0.2817
vn 0.3672 -0.2817 0.8864
vn 0.3672 0.8864 0.2818
vn 0.2817 0.3671 0.8865
vn 0.8864 0.2817 0.3672
vn 0.3672 -0.8864 -0.2818
vn 0.2817 -0.3671 -0.8865
vn 0.8864 -0.2817 -0.3672
vn 0.2817 0.8864 -0.3672
vn 0.8865 0.3672 -0.2817
vn 0.3672 0.2817 -0.8864
vn -0.3827 -0.9239 -0.0000
vn -0.9239 -0.3827 -0.0000
vn -0.3827 -0.0000 0.9239
vn -0.9239 -0.0000 0.3827
vn -0.3827 0.9239 -0.0000
vn -0.9239 0.3827 -0.0000
vn -0.3827 -0.0000 -0.9239
vn -0.9239 -0.0000 -0.3827
vn -0.0000 -0.9239 -0.3827
vn -0.0000 -0.3827 -0.9239
vn -0.0000 0.9239 -0.3827
vn -0.0000 0.3827 -0.9239
vn 0.9239 -0.0000 -0.3827
vn 0.3827 -0.0000 -0.9239
vn 0.3827 -0.9239 -0.0000
vn 0.9239 -0.3827 -0.0000
vn 0.3827 0.9239 -0.0000
vn 0.9239 0.3827 -0.0000
vn 0.3827 -0.0000 0.9239
vn 0.9239 -0.0000 0.3827
vn -0.0000 -0.9239 0.3827
vn -0.0000 -0.3827 0.9239
vn -0.0000 0.9239 0.3827
vn -0.0000 0.3827 0.9239
vn -0.0000 -1.0000 -0.0000
vn -1.0000 -0.0000 -0.0000
vn -0.0000 -0.0000 1.0000
vn -0.0000 1.0000 -0.0000
vn -0.0000 -0.0000 -1.0000
vn 1.0000 -0.0000 -0.0000
vn -0.2817 -0.8864 0.3672
vn -0.3672 -0.2817 0.8864
vn -0.8865 -0.3672 0.2817
vn -0.2817 0.3671 0.8865
vn -0.3672 0.8864 0.2818
vn -0.8864 0.2817 0.3672
vn -0.3672 -0.8864 -0.2818
vn -0.8864 -0.2817 -0.3672
vn -0.2817 -0.3671 -0.8865
vn -0.2817 0.8864 -0.3672
vn -0.3672 0.2817 -0.8864
vn -0.8865 0.3672 -0.2817
vn 0.3672 -0.8864 0.2818
vn 0.8864 -0.2817 0.3672
vn 0.2817 -0.3671 0.8865
vn 0.2817 0.8864 0.3672
vn 0.3672 0.2817 0.8864
vn 0.8865 0.3672 0.2817
vn 0.2817 -0.8864 -0.3672
vn 0.3672 -0.2817 -0.8864
vn 0.8865 -0.3672 -0.2817
vn 0.3672 0.8864 -0.2818
vn 0.8864 0.2817 -0.3672
vn 0.2817 0.3671 -0.8865
vn -0.0000 -0.3826 -0.9239
vn -0.0000 0.3826 -0.9239
vn -0.0000 -0.3826 0.9239
vn -0.0000 0.3826 0.9239
s 0
usemtl Water
f 6069//7741 6073//7741 6075//7741
f 6070//7742 6073//7742 6072//7742
f 6071//7743 6073//7743 6074//7743
f 6076//7744 6080//7744 6082//7744
f 6077//7745 6080//7745 6079//7745
f 6078//7746 6080//7746 6081//7746
f 6083//7747 6087//7747 6089//7747
f 6084//7748 6087//7748 6086//7748
f 6085//7749 6087//7749 6088//7749
f 6090//7750 6094//7750 6096//7750
f 6091//7751 6094//7751 6093//7751
f 6092//7752 6094//7752 6095//7752
f 6097//7753 6101//7753 6103//7753
f 6098//7754 6101//7754 6100//7754
f 6099//7755 6101//7755 6102//7755
f 6104//7756 6108//7756 6110//7756
f 6105//7757 6108//7757 6107//7757
f 6106//7758 6108//7758 6109//7758
f 6111//7759 6115//7759 6117//7759
f 6112//7760 6115//7760 6114//7760
f 6113//7761 6115//7761 6116//7761
f 6118//7762 6122//7762 6124//7762
f 6119//7763 6122//7763 6121//7763
f 6120//7764 6122//7764 6123//7764
f 6069//7765 6086//7765 6083//7765
f 6075//7766 6084//7766 6086//7766
f 6076//7767 6074//7767 6070//7767
f 6082//7768 6071//7768 6074//7768
f 6090//7769 6081//7769 6077//7769
f 6096//7770 6078//7770 6081//7770
f 6085//7771 6095//7771 6091//7771
f 6088//7772 6092//7772 6095//7772
f 6083//7773 6114//7773 6111//7773
f 6114//7774 6085//7774 6112//7774
f 6118//7775 6093//7775 6090//7775
f 6093//7776 6120//7776 6091//7776
f 6113//7777 6123//7777 6119//7777
f 6116//7778 6120//7778 6123//7778
f 6111//7779 6100//7779 6097//7779
f 6117//7780 6098//7780 6100//7780
f 6104//7781 6121//7781 6118//7781
f 6110//7782 6119//7782 6121//7782
f 6099//7783 6109//7783 6105//7783
f 6102//7784 6106//7784 6109//7784
f 6097//7785 6072//7785 6069//7785
f 6072//7786 6099//7786 6070//7786
f 6077//7787 6107//7787 6104//7787
f 6107//7788 6076//7788 6105//7788
f 6111//7789 6069//7789 6083//7789
f 6078//7790 6084//7790 6071//7790
f 6105//7791 6070//7791 6099//7791
f 6090//7792 6104//7792 6118//7792
f 6091//7793 6112//7793 6085//7793
f 6119//7794 6098//7794 6113//7794
f 6069//7795 6072//7795 6073//7795
f 6070//7796 6074//7796 6073//7796
f 6071//7797 6075//7797 6073//7797
f 6076//7798 6079//7798 6080//7798
f 6077//7799 6081//7799 6080//7799
f 6078//7800 6082//7800 6080//7800
f 6083//7801 6086//7801 6087//7801
f 6084//7802 6088//7802 6087//7802
f 6085//7803 6089//7803 6087//7803
f 6090//7804 6093//7804 6094//7804
f 6091//7805 6095//7805 6094//7805
f 6092//7806 6096//7806 6094//7806
f 6097//7807 6100//7807 6101//7807
f 6098//7808 6102//7808 6101//7808
f 6099//7809 6103//7809 6101//7809
f 6104//7810 6107//7810 6108//7810
f 6105//7811 6109//7811 6108//7811
f 6106//7812 6110//7812 6108//7812
f 6111//7813 6114//7813 6115//7813
f 6112//7814 6116//7814 6115//7814
f 6113//7815 6117//7815 6115//7815
f 6118//7816 6121//7816 6122//7816
f 6119//7817 6123//7817 6122//7817
f 6120//7818 6124//7818 6122//7818
f 6069//7765 6075//7765 6086//7765
f 6075//7766 6071//7766 6084//7766
f 6076//7767 6082//7767 6074//7767
f 6082//7768 6078//7768 6071//7768
f 6090//7769 6096//7769 6081//7769
f 6096//7770 6092//7770 6078//7770
f 6085//7771 6088//7771 6095//7771
f 6088//7772 6084//7772 6092//7772
f 6083//7773 6089//7773 6114//7773
f 6114//7819 6089//7819 6085//7819
f 6118//7775 6124//7775 6093//7775
f 6093//7820 6124//7820 6120//7820
f 6113//7777 6116//7777 6123//7777
f 6116//7778 6112//7778 6120//7778
f 6111//7779 6117//7779 6100//7779
f 6117//7780 6113//7780 6098//7780
f 6104//7781 6110//7781 6121//7781
f 6110//7782 6106//7782 6119//7782
f 6099//7783 6102//7783 6109//7783
f 6102//7784 6098//7784 6106//7784
f 6097//7785 6103//7785 6072//7785
f 6072//7821 6103//7821 6099//7821
f 6077//7787 6079//7787 6107//7787
f 6107//7822 6079//7822 6076//7822
f 6111//7789 6097//7789 6069//7789
f 6078//7790 6092//7790 6084//7790
f 6105//7791 6076//7791 6070//7791
f 6090//7792 6077//7792 6104//7792
f 6091//7793 6120//7793 6112//7793
f 6119//7794 6106//7794 6098//7794
o PoolRim_34
v 29.309999 -0.030000 -9.559999
v 29.309999 0.030000 -9.500000
v 29.250000 0.030000 -9.559999
v 29.309999 -0.012426 -9.517573
v 29.275360 -0.004641 -9.525359
v 29.267574 0.030000 -9.517573
v 29.267574 -0.012426 -9.559999
v 29.309999 0.030000 -9.500000
v 29.309999 0.090000 -9.559999
v 29.250000 0.030000 -9.559999
v 29.309999 0.072426 -9.517573
v 29.275360 0.064641 -9.525359
v 29.267574 0.072426 -9.559999
v 29.267574 0.030000 -9.517573
v 29.309999 -0.030000 -16.440001
v 29.250000 0.030000 -16.440001
v 29.309999 0.030000 -16.500000
v 29.267572 -0.012426 -16.440001
v 29.275358 -0.004641 -16.474642
v 29.267572 0.030000 -16.482426
v 29.309999 -0.012426 -16.482426
v 29.309999 0.090000 -16.440001
v 29.309999 0.030000 -16.500000
v 29.250000 0.030000 -16.440001
v 29.309999 0.072426 -16.482426
v 29.275360 0.064641 -16.474642
v 29.267574 0.030000 -16.482426
v 29.267574 0.072426 -16.440001
v 38.689999 -0.030000 -9.559999
v 38.750000 0.030000 -9.559999
v 38.689999 0.030000 -9.500000
v 38.732426 -0.012426 -9.559999
v 38.724640 -0.004641 -9.525359
v 38.732426 0.030000 -9.517573
v 38.690002 -0.012426 -9.517573
v 38.689999 0.090000 -9.559999
v 38.689999 0.030000 -9.500000
v 38.750000 0.030000 -9.559999
v 38.689999 0.072426 -9.517573
v 38.724640 0.064641 -9.525359
v 38.732426 0.030000 -9.517573
v 38.732426 0.072426 -9.559999
v 38.689999 -0.030000 -16.440001
v 38.689999 0.030000 -16.500000
v 38.750000 0.030000 -16.440001
v 38.689999 -0.012426 -16.482426
v 38.724640 -0.004641 -16.474642
v 38.732426 0.030000 -16.482426
v 38.732426 -0.012426 -16.440001
v 38.689999 0.090000 -16.440001
v 38.750000 0.030000 -16.440001
v 38.689999 0.030000 -16.500000
v 38.732426 0.072426 -16.440001
v 38.724640 0.064641 -16.474642
v 38.732426 0.030000 -16.482426
v 38.690002 0.072426 -16.482426
vn -0.3672 -0.8865 0.2818
vn -0.2818 -0.3672 0.8865
vn -0.8865 -0.2817 0.3672
vn -0.3672 0.2818 0.8864
vn -0.2817 0.8865 0.3672
vn -0.8864 0.3672 0.2818
vn -0.2817 -0.8865 -0.3672
vn -0.8865 -0.3672 -0.2818
vn -0.3672 -0.2817 -0.8865
vn -0.3672 0.8865 -0.2818
vn -0.2818 0.3672 -0.8865
vn -0.8865 0.2817 -0.3672
vn 0.2817 -0.8865 0.3672
vn 0.8865 -0.3672 0.2818
vn 0.3672 -0.2817 0.8865
vn 0.3672 0.8865 0.2818
vn 0.2818 0.3672 0.8865
vn 0.8865 0.2817 0.3672
vn 0.3672 -0.8865 -0.2818
vn 0.2818 -0.3672 -0.8865
vn 0.8865 -0.2817 -0.3672
vn 0.2817 0.8865 -0.3672
vn 0.8865 0.3672 -0.2818
vn 0.3672 0.2817 -0.8865
vn -0.3827 -0.9239 -0.0000
vn -0.9239 -0.3827 -0.0000
vn -0.3827 -0.0000 0.9239
vn -0.9239 -0.0000 0.3827
vn -0.3827 0.9239 -0.0000
vn -0.9239 0.3827 -0.0000
vn -0.0100 -0.9997 -0.0242
vn -0.9239 -0.0000 -0.3827
vn -0.0000 -0.9239 -0.3827
vn -0.0000 -0.3827 -0.9239
vn -0.0000 0.9239 -0.3827
vn -0.0000 0.3827 -0.9239
vn 0.0154 -0.9999 -0.0064
vn 0.3827 -0.0000 -0.9239
vn 0.3827 -0.9239 -0.0000
vn 0.9239 -0.3827 -0.0000
vn 0.3827 0.9239 -0.0000
vn 0.9239 0.3827 -0.0000
vn 0.0100 -0.9997 0.0242
vn 0.9239 -0.0000 0.3827
vn -0.0000 -0.9239 0.3827
vn -0.0000 -0.3827 0.9239
vn -0.0000 0.9239 0.3827
vn -0.0000 0.3827 0.9239
vn -0.0000 -1.0000 -0.0000
vn -1.0000 -0.0000 -0.0000
vn -0.0000 -0.0000 1.0000
vn -0.0000 1.0000 -0.0000
vn -0.0000 -0.0000 -1.0000
vn 1.0000 -0.0000 -0.0000
vn -0.2817 -0.8865 0.3672
vn -0.3672 -0.2818 0.8864
vn -0.8864 -0.3672 0.2818
vn -0.2818 0.3672 0.8865
vn -0.3672 0.8865 0.2818
vn -0.8865 0.2817 0.3672
vn -0.3672 -0.8865 -0.2817
vn -0.8865 -0.2818 -0.3672
vn -0.2817 -0.3672 -0.8865
vn -0.2817 0.8865 -0.3672
vn -0.3672 0.2818 -0.8864
vn -0.8864 0.3672 -0.2818
vn 0.3672 -0.8865 0.2817
vn 0.8865 -0.2818 0.3672
vn 0.2817 -0.3672 0.8865
vn 0.2817 0.8865 0.3672
vn 0.3672 0.2818 0.8864
vn 0.8864 0.3672 0.2818
vn 0.2817 -0.8865 -0.3672
vn 0.3672 -0.2818 -0.8864
vn 0.8864 -0.3672 -0.2818
vn 0.3672 0.8865 -0.2817
vn 0.8865 0.2818 -0.3672
vn 0.2817 0.3672 -0.8865
vn -0.3827 -0.0000 -0.9239
vn -0.0141 0.9999 -0.0059
vn 0.9239 -0.0000 -0.3827
vn 0.3827 -0.0000 0.9239
vn 0.0141 0.9999 0.0059
s 0
usemtl Stone_Light
f 6125//7823 6129//7823 6131//7823
f 6126//7824 6129//7824 6128//7824
f 6127//7825 6129//7825 6130//7825
f 6132//7826 6136//7826 6138//7826
f 6133//7827 6136//7827 6135//7827
f 6134//7828 6136//7828 6137//7828
f 6139//7829 6143//7829 6145//7829
f 6140//7830 6143//7830 6142//7830
f 6141//7831 6143//7831 6144//7831
f 6146//7832 6150//7832 6152//7832
f 6147//7833 6150//7833 6149//7833
f 6148//7834 6150//7834 6151//7834
f 6153//7835 6157//7835 6159//7835
f 6154//7836 6157//7836 6156//7836
f 6155//7837 6157//7837 6158//7837
f 6160//7838 6164//7838 6166//7838
f 6161//7839 6164//7839 6163//7839
f 6162//7840 6164//7840 6165//7840
f 6167//7841 6171//7841 6173//7841
f 6168//7842 6171//7842 6170//7842
f 6169//7843 6171//7843 6172//7843
f 6174//7844 6178//7844 6180//7844
f 6175//7845 6178//7845 6177//7845
f 6176//7846 6178//7846 6179//7846
f 6125//7847 6142//7847 6139//7847
f 6131//7848 6140//7848 6142//7848
f 6132//7849 6130//7849 6126//7849
f 6138//7850 6127//7850 6130//7850
f 6146//7851 6137//7851 6133//7851
f 6152//7852 6134//7852 6137//7852
f 6147//7853 6144//7853 6151//7853
f 6151//7854 6140//7854 6148//7854
f 6139//7855 6170//7855 6167//7855
f 6170//7856 6141//7856 6168//7856
f 6174//7857 6149//7857 6146//7857
f 6149//7858 6176//7858 6147//7858
f 6175//7859 6172//7859 6179//7859
f 6179//7860 6168//7860 6176//7860
f 6167//7861 6156//7861 6153//7861
f 6173//7862 6154//7862 6156//7862
f 6160//7863 6177//7863 6174//7863
f 6166//7864 6175//7864 6177//7864
f 6161//7865 6158//7865 6165//7865
f 6165//7866 6154//7866 6162//7866
f 6153//7867 6128//7867 6125//7867
f 6128//7868 6155//7868 6126//7868
f 6133//7869 6163//7869 6160//7869
f 6135//7870 6161//7870 6163//7870
f 6167//7871 6125//7871 6139//7871
f 6134//7872 6140//7872 6127//7872
f 6161//7873 6126//7873 6155//7873
f 6146//7874 6160//7874 6174//7874
f 6147//7875 6168//7875 6141//7875
f 6175//7876 6154//7876 6169//7876
f 6125//7877 6128//7877 6129//7877
f 6126//7878 6130//7878 6129//7878
f 6127//7879 6131//7879 6129//7879
f 6132//7880 6135//7880 6136//7880
f 6133//7881 6137//7881 6136//7881
f 6134//7882 6138//7882 6136//7882
f 6139//7883 6142//7883 6143//7883
f 6140//7884 6144//7884 6143//7884
f 6141//7885 6145//7885 6143//7885
f 6146//7886 6149//7886 6150//7886
f 6147//7887 6151//7887 6150//7887
f 6148//7888 6152//7888 6150//7888
f 6153//7889 6156//7889 6157//7889
f 6154//7890 6158//7890 6157//7890
f 6155//7891 6159//7891 6157//7891
f 6160//7892 6163//7892 6164//7892
f 6161//7893 6165//7893 6164//7893
f 6162//7894 6166//7894 6164//7894
f 6167//7895 6170//7895 6171//7895
f 6168//7896 6172//7896 6171//7896
f 6169//7897 6173//7897 6171//7897
f 6174//7898 6177//7898 6178//7898
f 6175//7899 6179//7899 6178//7899
f 6176//7900 6180//7900 6178//7900
f 6125//7847 6131//7847 6142//7847
f 6131//7848 6127//7848 6140//7848
f 6132//7849 6138//7849 6130//7849
f 6138//7850 6134//7850 6127//7850
f 6146//7851 6152//7851 6137//7851
f 6152//7852 6148//7852 6134//7852
f 6147//7901 6141//7901 6144//7901
f 6151//7902 6144//7902 6140//7902
f 6139//7855 6145//7855 6170//7855
f 6170//7856 6145//7856 6141//7856
f 6174//7857 6180//7857 6149//7857
f 6149//7858 6180//7858 6176//7858
f 6175//7903 6169//7903 6172//7903
f 6179//7860 6172//7860 6168//7860
f 6167//7861 6173//7861 6156//7861
f 6173//7862 6169//7862 6154//7862
f 6160//7863 6166//7863 6177//7863
f 6166//7864 6162//7864 6175//7864
f 6161//7904 6155//7904 6158//7904
f 6165//7905 6158//7905 6154//7905
f 6153//7867 6159//7867 6128//7867
f 6128//7868 6159//7868 6155//7868
f 6133//7869 6135//7869 6163//7869
f 6135//7870 6132//7870 6161//7870
f 6167//7871 6153//7871 6125//7871
f 6134//7872 6148//7872 6140//7872
f 6161//7873 6132//7873 6126//7873
f 6146//7874 6133//7874 6160//7874
f 6147//7875 6176//7875 6168//7875
f 6175//7876 6162//7876 6154//7876
o PoolWater_34
v 29.667500 0.082500 -9.917500
v 29.667500 0.100000 -9.900000
v 29.650000 0.100000 -9.917500
v 29.667500 0.087626 -9.905126
v 29.657396 0.089896 -9.907396
v 29.655127 0.100000 -9.905126
v 29.655127 0.087626 -9.917500
v 29.667500 0.100000 -9.900000
v 29.667500 0.117500 -9.917500
v 29.650000 0.100000 -9.917500
v 29.667500 0.112374 -9.905126
v 29.657396 0.110104 -9.907396
v 29.655127 0.112374 -9.917500
v 29.655127 0.100000 -9.905126
v 29.667500 0.082500 -16.082500
v 29.650000 0.100000 -16.082500
v 29.667500 0.100000 -16.100000
v 29.655127 0.087626 -16.082500
v 29.657396 0.089896 -16.092604
v 29.655127 0.100000 -16.094873
v 29.667500 0.087626 -16.094873
v 29.667500 0.117500 -16.082500
v 29.667500 0.100000 -16.100000
v 29.650000 0.100000 -16.082500
v 29.667500 0.112374 -16.094873
v 29.657396 0.110104 -16.092604
v 29.655127 0.100000 -16.094873
v 29.655127 0.112374 -16.082500
v 38.332500 0.082500 -9.917500
v 38.349998 0.100000 -9.917500
v 38.332500 0.100000 -9.900000
v 38.344875 0.087626 -9.917500
v 38.342602 0.089896 -9.907396
v 38.344875 0.100000 -9.905126
v 38.332500 0.087626 -9.905126
v 38.332500 0.117500 -9.917500
v 38.332500 0.100000 -9.900000
v 38.349998 0.100000 -9.917500
v 38.332500 0.112374 -9.905126
v 38.342602 0.110104 -9.907396
v 38.344875 0.100000 -9.905126
v 38.344875 0.112374 -9.917500
v 38.332500 0.082500 -16.082500
v 38.332500 0.100000 -16.100000
v 38.349998 0.100000 -16.082500
v 38.332500 0.087626 -16.094873
v 38.342602 0.089896 -16.092604
v 38.344875 0.100000 -16.094873
v 38.344875 0.087626 -16.082500
v 38.332500 0.117500 -16.082500
v 38.349998 0.100000 -16.082500
v 38.332500 0.100000 -16.100000
v 38.344875 0.112374 -16.082500
v 38.342602 0.110104 -16.092604
v 38.344875 0.100000 -16.094873
v 38.332500 0.112374 -16.094873
vn -0.3672 -0.8864 0.2818
vn -0.2817 -0.3671 0.8865
vn -0.8864 -0.2817 0.3672
vn -0.3672 0.2817 0.8864
vn -0.2817 0.8864 0.3672
vn -0.8865 0.3672 0.2817
vn -0.2817 -0.8864 -0.3672
vn -0.8865 -0.3672 -0.2817
vn -0.3672 -0.2817 -0.8864
vn -0.3672 0.8864 -0.2818
vn -0.2817 0.3671 -0.8865
vn -0.8864 0.2817 -0.3672
vn 0.2817 -0.8864 0.3672
vn 0.8865 -0.3672 0.2817
vn 0.3672 -0.2817 0.8864
vn 0.3672 0.8864 0.2818
vn 0.2817 0.3671 0.8865
vn 0.8864 0.2817 0.3672
vn 0.3672 -0.8864 -0.2818
vn 0.2817 -0.3671 -0.8865
vn 0.8864 -0.2817 -0.3672
vn 0.2817 0.8864 -0.3672
vn 0.8865 0.3672 -0.2817
vn 0.3672 0.2817 -0.8864
vn -0.3827 -0.9239 -0.0000
vn -0.9239 -0.3827 -0.0000
vn -0.3827 -0.0000 0.9239
vn -0.9239 -0.0000 0.3827
vn -0.3827 0.9239 -0.0000
vn -0.9239 0.3827 -0.0000
vn -0.3827 -0.0000 -0.9239
vn -0.9239 -0.0000 -0.3827
vn -0.0000 -0.9239 -0.3827
vn -0.0000 -0.3827 -0.9239
vn -0.0000 0.9239 -0.3827
vn -0.0000 0.3827 -0.9239
vn 0.9239 -0.0000 -0.3827
vn 0.3827 -0.0000 -0.9239
vn 0.3827 -0.9239 -0.0000
vn 0.9239 -0.3827 -0.0000
vn 0.3827 0.9239 -0.0000
vn 0.9239 0.3827 -0.0000
vn 0.3827 -0.0000 0.9239
vn 0.9239 -0.0000 0.3827
vn -0.0000 -0.9239 0.3827
vn -0.0000 -0.3827 0.9239
vn -0.0000 0.9239 0.3827
vn -0.0000 0.3827 0.9239
vn -0.0000 -1.0000 -0.0000
vn -1.0000 -0.0000 -0.0000
vn -0.0000 -0.0000 1.0000
vn -0.0000 1.0000 -0.0000
vn -0.0000 -0.0000 -1.0000
vn 1.0000 -0.0000 -0.0000
vn -0.2817 -0.8864 0.3672
vn -0.3672 -0.2817 0.8864
vn -0.8865 -0.3672 0.2817
vn -0.2817 0.3671 0.8865
vn -0.3672 0.8864 0.2818
vn -0.8864 0.2817 0.3672
vn -0.3672 -0.8864 -0.2818
vn -0.8864 -0.2817 -0.3672
vn -0.2817 -0.3671 -0.8865
vn -0.2817 0.8864 -0.3672
vn -0.3672 0.2817 -0.8864
vn -0.8865 0.3672 -0.2817
vn 0.3672 -0.8864 0.2818
vn 0.8864 -0.2817 0.3672
vn 0.2817 -0.3671 0.8865
vn 0.2817 0.8864 0.3672
vn 0.3672 0.2817 0.8864
vn 0.8865 0.3672 0.2817
vn 0.2817 -0.8864 -0.3672
vn 0.3672 -0.2817 -0.8864
vn 0.8865 -0.3672 -0.2817
vn 0.3672 0.8864 -0.2818
vn 0.8864 0.2817 -0.3672
vn 0.2817 0.3671 -0.8865
vn -0.0000 -0.3826 -0.9239
vn -0.0000 0.3826 -0.9239
vn -0.0000 -0.3826 0.9239
vn -0.0000 0.3826 0.9239
s 0
usemtl Water
f 6181//7906 6185//7906 6187//7906
f 6182//7907 6185//7907 6184//7907
f 6183//7908 6185//7908 6186//7908
f 6188//7909 6192//7909 6194//7909
f 6189//7910 6192//7910 6191//7910
f 6190//7911 6192//7911 6193//7911
f 6195//7912 6199//7912 6201//7912
f 6196//7913 6199//7913 6198//7913
f 6197//7914 6199//7914 6200//7914
f 6202//7915 6206//7915 6208//7915
f 6203//7916 6206//7916 6205//7916
f 6204//7917 6206//7917 6207//7917
f 6209//7918 6213//7918 6215//7918
f 6210//7919 6213//7919 6212//7919
f 6211//7920 6213//7920 6214//7920
f 6216//7921 6220//7921 6222//7921
f 6217//7922 6220//7922 6219//7922
f 6218//7923 6220//7923 6221//7923
f 6223//7924 6227//7924 6229//7924
f 6224//7925 6227//7925 6226//7925
f 6225//7926 6227//7926 6228//7926
f 6230//7927 6234//7927 6236//7927
f 6231//7928 6234//7928 6233//7928
f 6232//7929 6234//7929 6235//7929
f 6181//7930 6198//7930 6195//7930
f 6187//7931 6196//7931 6198//7931
f 6188//7932 6186//7932 6182//7932
f 6194//7933 6183//7933 6186//7933
f 6202//7934 6193//7934 6189//7934
f 6208//7935 6190//7935 6193//7935
f 6197//7936 6207//7936 6203//7936
f 6200//7937 6204//7937 6207//7937
f 6195//7938 6226//7938 6223//7938
f 6226//7939 6197//7939 6224//7939
f 6230//7940 6205//7940 6202//7940
f 6205//7941 6232//7941 6203//7941
f 6225//7942 6235//7942 6231//7942
f 6228//7943 6232//7943 6235//7943
f 6223//7944 6212//7944 6209//7944
f 6229//7945 6210//7945 6212//7945
f 6216//7946 6233//7946 6230//7946
f 6222//7947 6231//7947 6233//7947
f 6211//7948 6221//7948 6217//7948
f 6214//7949 6218//7949 6221//7949
f 6209//7950 6184//7950 6181//7950
f 6184//7951 6211//7951 6182//7951
f 6189//7952 6219//7952 6216//7952
f 6219//7953 6188//7953 6217//7953
f 6223//7954 6181//7954 6195//7954
f 6190//7955 6196//7955 6183//7955
f 6217//7956 6182//7956 6211//7956
f 6202//7957 6216//7957 6230//7957
f 6203//7958 6224//7958 6197//7958
f 6231//7959 6210//7959 6225//7959
f 6181//7960 6184//7960 6185//7960
f 6182//7961 6186//7961 6185//7961
f 6183//7962 6187//7962 6185//7962
f 6188//7963 6191//7963 6192//7963
f 6189//7964 6193//7964 6192//7964
f 6190//7965 6194//7965 6192//7965
f 6195//7966 6198//7966 6199//7966
f 6196//7967 6200//7967 6199//7967
f 6197//7968 6201//7968 6199//7968
f 6202//7969 6205//7969 6206//7969
f 6203//7970 6207//7970 6206//7970
f 6204//7971 6208//7971 6206//7971
f 6209//7972 6212//7972 6213//7972
f 6210//7973 6214//7973 6213//7973
f 6211//7974 6215//7974 6213//7974
f 6216//7975 6219//7975 6220//7975
f 6217//7976 6221//7976 6220//7976
f 6218//7977 6222//7977 6220//7977
f 6223//7978 6226//7978 6227//7978
f 6224//7979 6228//7979 6227//7979
f 6225//7980 6229//7980 6227//7980
f 6230//7981 6233//7981 6234//7981
f 6231//7982 6235//7982 6234//7982
f 6232//7983 6236//7983 6234//7983
f 6181//7930 6187//7930 6198//7930
f 6187//7931 6183//7931 6196//7931
f 6188//7932 6194//7932 6186//7932
f 6194//7933 6190//7933 6183//7933
f 6202//7934 6208//7934 6193//7934
f 6208//7935 6204//7935 6190//7935
f 6197//7936 6200//7936 6207//7936
f 6200//7937 6196//7937 6204//7937
f 6195//7938 6201//7938 6226//7938
f 6226//7984 6201//7984 6197//7984
f 6230//7940 6236//7940 6205//7940
f 6205//7985 6236//7985 6232//7985
f 6225//7942 6228//7942 6235//7942
f 6228//7943 6224//7943 6232//7943
f 6223//7944 6229//7944 6212//7944
f 6229//7945 6225//7945 6210//7945
f 6216//7946 6222//7946 6233//7946
f 6222//7947 6218//7947 6231//7947
f 6211//7948 6214//7948 6221//7948
f 6214//7949 6210//7949 6218//7949
f 6209//7950 6215//7950 6184//7950
f 6184//7986 6215//7986 6211//7986
f 6189//7952 6191//7952 6219//7952
f 6219//7987 6191//7987 6188//7987
f 6223//7954 6209//7954 6181//7954
f 6190//7955 6204//7955 6196//7955
f 6217//7956 6188//7956 6182//7956
f 6202//7957 6189//7957 6216//7957
f 6203//7958 6232//7958 6224//7958
f 6231//7959 6218//7959 6210//7959
